"Id","Path","Slice Name","Alias(s)","Label","Min","Max","Must Support?","Is Modifier?","Is Summary?","Type(s)","Short","Definition","Comments","Requirements","Default Value","Meaning When Missing","Fixed Value","Pattern","Example","Minimum Value","Maximum Value","Maximum Length","Binding Strength","Binding Description","Binding Value Set","Code","Slicing Discriminator","Slicing Description","Slicing Ordered","Slicing Rules","Base Path","Base Min","Base Max","Condition(s)","Constraint(s)","Mapping: RIM Mapping","Mapping: null"
"HIMSMedicalHistoryDataDictionary","HIMSMedicalHistoryDataDictionary","","","",0,*,"","","","null {[]} {[]}
","HIMS Medical History","Data elements for the HIMS Medical History Data Dictionary.","","","","","","","","","",,,,,"",,,,"Base",0,*,"","","Condition"
"HIMSMedicalHistoryDataDictionary.medicalHistory","HIMSMedicalHistoryDataDictionary.medicalHistory","","","",0,*,"","","","string {[]} {[]}
","Medical history","Medical history for the patient.","","","","","","","","","",,"extensible","","http://openhie.org/fhir/sri-lanka/ValueSet/vs-medical-conditions","http://openhie.org/fhir/sri-lanka/CodeSystem/cs-medical-history-codes#MH1
",,,,"HIMSMedicalHistoryDataDictionary.medicalHistory",0,*,"","","Condition.code"
