URL,Version,Status,OIDs,Name,Title,Descriptino,Uses,Used,Sources
http://hl7.org/fhir/ValueSet/encounter-reason,4.0.1,draft,"2.16.840.1.113883.4.642.3.261",EncounterReasonCodes,Encounter Reason Codes,"This examples value set defines the set of codes that can be used to indicate reasons for an encounter.","StructureDefinition/target-facility-encounter","SCT"
http://hl7.org/fhir/ValueSet/medication-codes,4.0.1,draft,"2.16.840.1.113883.4.642.3.375",SNOMEDCTMedicationCodes,SNOMED CT Medication Codes,"This value set includes all drug or medicament substance codes and all pharmaceutical/biologic products from SNOMED CT - provided as an exemplar value set.","StructureDefinition/injection","SCT"
http://hl7.org/fhir/ValueSet/procedure-code,4.0.1,draft,"2.16.840.1.113883.4.642.3.427",ProcedureCodes(SNOMEDCT),Procedure Codes (SNOMED CT),"Procedure Code: All SNOMED CT procedure codes.","StructureDefinition/generic-service-request,StructureDefinition/general-referral-request","SCT"
http://hl7.org/fhir/ValueSet/route-codes,4.0.1,draft,"2.16.840.1.113883.4.642.3.98",SNOMEDCTRouteCodes,SNOMED CT Route Codes,"This value set includes all Route codes from SNOMED CT - provided as an exemplar.","StructureDefinition/injection","SCT"
http://openhie.org/fhir/sri-lanka/ValueSet/vs-allergies,0.1.0,active,,VSAllergies,Allergies,"Allergies","StructureDefinition/allergy-intolerance","SCT"
http://openhie.org/fhir/sri-lanka/ValueSet/vs-cvd-risk-category,0.1.0,active,,VSCVDRiskCategory,Cardiovascular Risk Categories,"Cardiovascular risk is expressed as a percentage","StructureDefinition/cvd-risk-category","Internal"
http://openhie.org/fhir/sri-lanka/ValueSet/vs-follow-up-plan,0.1.0,active,,VSFollowUpPlan,Follow-up plan,"Follow-up plan","StructureDefinition/follow-up-plan","SCT"
http://openhie.org/fhir/sri-lanka/ValueSet/vs-follow-up-reasons,0.1.0,active,,VSFollowUpReasons,Follow up at HLC,"Follow up at Healthy Lifestyle Center","StructureDefinition/follow-up-plan","SCT,Internal"
http://openhie.org/fhir/sri-lanka/ValueSet/vs-investigation,0.1.0,active,,VSInvestigations,Investigations,"Investigations","StructureDefinition/investigations-request","Internal"
http://openhie.org/fhir/sri-lanka/ValueSet/vs-medical-conditions,0.1.0,active,,VSMedicalConditions,Conditions,"Represents previous, pre-existing and new conditions.","StructureDefinition/medical-history","SCT"
http://openhie.org/fhir/sri-lanka/ValueSet/vs-medication-name,0.1.0,active,,VSMedicationNames,Medication Names,"Medication Names","StructureDefinition/medication-request,StructureDefinition/drug-dispensation","Internal"
http://openhie.org/fhir/sri-lanka/ValueSet/vs-procedure,0.1.0,active,,VSProcedures,Procedures,"Other Procedures","StructureDefinition/procedure","Internal"
http://openhie.org/fhir/sri-lanka/ValueSet/vs-procedure-imaging,0.1.0,active,,VSImagingProcedures,Procedures,"Imaging Procedures","StructureDefinition/imaging-request","Internal"
http://openhie.org/fhir/sri-lanka/ValueSet/vs-reason-for-encounter,0.1.0,active,,VSReasonForEncounter,Reason For Encounter,"Encounter reasons.",,"Internal"
http://openhie.org/fhir/sri-lanka/ValueSet/vs-risk-behaviour-physical-activity,0.1.0,active,,VSRiskBehaviourPhysicalActivity,Physical Activity,"Physical Activity Status","StructureDefinition/risk-behaviour-physical-activity","SCT"
http://openhie.org/fhir/sri-lanka/ValueSet/vs-risk-behaviour-tobacco-smoker,0.1.0,active,,VSRiskBehaviourTobaccoSmoker,Tobacco Smoker,"Tobacco Smoker Status","StructureDefinition/risk-behaviour-tobacco-smoker","SCT"
