<?xml version="1.0" encoding="UTF-8"?>

<CodeSystem xmlns="http://hl7.org/fhir">
  <id value="cs-cvd-risk-category"/>
  <text>
    <status value="generated"/><div xmlns="http://www.w3.org/1999/xhtml"><p>This case-sensitive code system <code>http://openhie.org/fhir/sri-lanka/CodeSystem/cs-cvd-risk-category</code> defines the following codes:</p><table class="codes"><tr><td style="white-space:nowrap"><b>Code</b></td><td><b>Display</b></td><td><b>Definition</b></td></tr><tr><td style="white-space:nowrap">less-than-5<a name="cs-cvd-risk-category-less-than-5"> </a></td><td>Less than 5%</td><td>Sri Lanka team to provide defitinion for this coded value</td></tr><tr><td style="white-space:nowrap">5-to-less-than-10<a name="cs-cvd-risk-category-5-to-less-than-10"> </a></td><td>5% to less than 10%</td><td>Sri Lanka team to provide defitinion for this coded value</td></tr><tr><td style="white-space:nowrap">10-to-less-than-20<a name="cs-cvd-risk-category-10-to-less-than-20"> </a></td><td>10% to less than 20%</td><td>Sri Lanka team to provide defitinion for this coded value</td></tr><tr><td style="white-space:nowrap">20-to-less-than-30<a name="cs-cvd-risk-category-20-to-less-than-30"> </a></td><td>20% to less than 30%</td><td>Sri Lanka team to provide defitinion for this coded value</td></tr><tr><td style="white-space:nowrap">greater-than-or-equal-to-30<a name="cs-cvd-risk-category-greater-than-or-equal-to-30"> </a></td><td>Equal or more than 30%</td><td>Sri Lanka team to provide defitinion for this coded value</td></tr></table></div>
  </text>
  <url value="http://openhie.org/fhir/sri-lanka/CodeSystem/cs-cvd-risk-category"/>
  <version value="0.1.0"/>
  <name value="CSCVDRiskCategory"/>
  <title value="Cardiovascular Risk Category Probability Percentage Ranges"/>
  <status value="active"/>
  <experimental value="false"/>
  <date value="2023-10-11T19:33:00+00:00"/>
  <publisher value="Jembi Health Systems"/>
  <contact>
    <name value="Jembi Health Systems"/>
    <telecom>
      <system value="url"/>
      <value value="https://www.jembi.org"/>
    </telecom>
    <telecom>
      <system value="email"/>
      <value value="info@jembi.org"/>
    </telecom>
  </contact>
  <contact>
    <name value="Richard Langford"/>
    <telecom>
      <system value="email"/>
      <value value="richard.langford@jembi.org"/>
      <use value="work"/>
    </telecom>
  </contact>
  <description value="Cardiovascular Risk Category Probability Percentage Ranges"/>
  <jurisdiction>
    <coding>
      <system value="http://unstats.un.org/unsd/methods/m49/m49.htm"/>
      <code value="001"/>
      <display value="World"/>
    </coding>
  </jurisdiction>
  <caseSensitive value="true"/>
  <content value="complete"/>
  <count value="5"/>
  <concept>
    <code value="less-than-5"/>
    <display value="Less than 5%"/>
    <definition value="Sri Lanka team to provide defitinion for this coded value"/>
  </concept>
  <concept>
    <code value="5-to-less-than-10"/>
    <display value="5% to less than 10%"/>
    <definition value="Sri Lanka team to provide defitinion for this coded value"/>
  </concept>
  <concept>
    <code value="10-to-less-than-20"/>
    <display value="10% to less than 20%"/>
    <definition value="Sri Lanka team to provide defitinion for this coded value"/>
  </concept>
  <concept>
    <code value="20-to-less-than-30"/>
    <display value="20% to less than 30%"/>
    <definition value="Sri Lanka team to provide defitinion for this coded value"/>
  </concept>
  <concept>
    <code value="greater-than-or-equal-to-30"/>
    <display value="Equal or more than 30%"/>
    <definition value="Sri Lanka team to provide defitinion for this coded value"/>
  </concept>
</CodeSystem>