<?xml version="1.0" encoding="UTF-8"?>

<Observation xmlns="http://hl7.org/fhir">
  <id value="RandomBloodSugarExample"/>
  <meta>
    <profile value="http://openhie.org/fhir/sri-lanka/StructureDefinition/random-blood-sugar"/>
  </meta>
  <text>
    <status value="generated"/><div xmlns="http://www.w3.org/1999/xhtml"><p><b>Generated Narrative: Observation</b><a name="RandomBloodSugarExample"> </a></p><div style="display: inline-block; background-color: #d9e0e7; padding: 6px; margin: 4px; border: 1px solid #8da1b4; border-radius: 5px; line-height: 60%"><p style="margin-bottom: 0px">Resource Observation &quot;RandomBloodSugarExample&quot; </p><p style="margin-bottom: 0px">Profile: <a href="StructureDefinition-random-blood-sugar.html">Random Blood Sugar Observation</a></p></div><p><b>status</b>: final</p><p><b>code</b>: Glucose <span style="background: LightGoldenRodYellow; margin: 4px; border: 1px solid khaki"> (<a href="https://loinc.org/">LOINC</a>#15074-8)</span></p><p><b>subject</b>: <a href="Patient-HIMSPatientExample.html">Patient/HIMSPatientExample</a> &quot; SMITH&quot;</p><p><b>encounter</b>: <a href="Encounter-TargetFacilityEncounterExample.html">Encounter/TargetFacilityEncounterExample</a></p><p><b>effective</b>: 2022-11-30</p><p><b>performer</b>: </p><ul><li><a href="Organization-OrganizationExample.html">Organization/OrganizationExample</a> &quot;Some Health Facility&quot;</li><li><a href="Practitioner-GeneralPractitionerExample.html">Practitioner/GeneralPractitionerExample</a> &quot; SMITH&quot;</li></ul><p><b>value</b>: 6.3 mmol/l<span style="background: LightGoldenRodYellow"> (Details: UCUM code mmol/l = 'mmol/l')</span></p><p><b>interpretation</b>: High <span style="background: LightGoldenRodYellow; margin: 4px; border: 1px solid khaki"> (<a href="http://terminology.hl7.org/5.3.0/CodeSystem-v3-ObservationInterpretation.html">ObservationInterpretation</a>#H)</span></p><h3>ReferenceRanges</h3><table class="grid"><tr><td style="display: none">-</td><td><b>Low</b></td><td><b>High</b></td><td><b>Type</b></td></tr><tr><td style="display: none">*</td><td>3.1 mmol/l<span style="background: LightGoldenRodYellow"> (Details: UCUM code mmol/l = 'mmol/l')</span></td><td>6.2 mmol/l<span style="background: LightGoldenRodYellow"> (Details: UCUM code mmol/l = 'mmol/l')</span></td><td>Type <span style="background: LightGoldenRodYellow; margin: 4px; border: 1px solid khaki"> (<a href="http://terminology.hl7.org/5.3.0/CodeSystem-referencerange-meaning.html">Observation Reference Range Meaning Codes</a>#type)</span></td></tr></table></div>
  </text>
  <status value="final"/>
  <code>
    <coding>
      <system value="http://loinc.org"/>
      <code value="15074-8"/>
    </coding>
    <text value="Glucose"/>
  </code>
  <subject>
    <reference value="Patient/HIMSPatientExample"/>
  </subject>
  <encounter>
    <reference value="Encounter/TargetFacilityEncounterExample"/>
  </encounter>
  <effectiveDateTime value="2022-11-30"/>
  <performer>
    <reference value="Organization/OrganizationExample"/>
  </performer>
  <performer>
    <reference value="Practitioner/GeneralPractitionerExample"/>
  </performer>
  <valueQuantity>
    <value value="6.3"/>
    <unit value="mmol/l"/>
    <system value="http://unitsofmeasure.org"/>
    <code value="mmol/l"/>
  </valueQuantity>
  <interpretation>
    <coding>
      <system value="http://terminology.hl7.org/CodeSystem/v3-ObservationInterpretation"/>
      <code value="H"/>
    </coding>
  </interpretation>
  <referenceRange>
    <low>
      <value value="3.1"/>
      <unit value="mmol/l"/>
      <system value="http://unitsofmeasure.org"/>
      <code value="mmol/l"/>
    </low>
    <high>
      <value value="6.2"/>
      <unit value="mmol/l"/>
      <system value="http://unitsofmeasure.org"/>
      <code value="mmol/l"/>
    </high>
    <type>
      <coding>
        <system value="http://terminology.hl7.org/CodeSystem/referencerange-meaning"/>
        <code value="type"/>
      </coding>
    </type>
  </referenceRange>
</Observation>