<?xml version="1.0" encoding="UTF-8"?>

<Task xmlns="http://hl7.org/fhir">
  <id value="ReferralTaskExample"/>
  <meta>
    <profile value="http://openhie.org/fhir/sri-lanka/StructureDefinition/referral-task"/>
  </meta>
  <text>
    <status value="generated"/><div xmlns="http://www.w3.org/1999/xhtml"><p><b>Generated Narrative: Task</b><a name="ReferralTaskExample"> </a></p><div style="display: inline-block; background-color: #d9e0e7; padding: 6px; margin: 4px; border: 1px solid #8da1b4; border-radius: 5px; line-height: 60%"><p style="margin-bottom: 0px">Resource Task &quot;ReferralTaskExample&quot; </p><p style="margin-bottom: 0px">Profile: <a href="StructureDefinition-referral-task.html">Referral Task</a></p></div><p><b>status</b>: completed</p><p><b>intent</b>: order</p><p><b>priority</b>: routine</p><p><b>description</b>: some information regarding the need for the referral request, if any.</p><p><b>focus</b>: <a href="ServiceRequest-GeneralReferralServiceRequestExample.html">ServiceRequest/GeneralReferralServiceRequestExample</a></p><p><b>for</b>: <a href="Patient-HHIMSPatientExample.html">Patient/HHIMSPatientExample</a> &quot; SMITH&quot;</p><p><b>encounter</b>: <a href="Encounter-TargetFacilityEncounterExample.html">Encounter/TargetFacilityEncounterExample</a></p><p><b>authoredOn</b>: 2023-10-06 13:28:17-0500</p><p><b>requester</b>: <a href="Practitioner-GeneralPractitionerExample.html">Practitioner/GeneralPractitionerExample</a> &quot; SMITH&quot;</p><p><b>location</b>: <a href="Location-ProvidersLocationExample.html">Location/ProvidersLocationExample</a> &quot;Name for the location&quot;</p></div>
  </text>
  <status value="completed"/>
  <intent value="order"/>
  <priority value="routine"/>
  <description value="some information regarding the need for the referral request, if any."/>
  <focus>
    <reference value="ServiceRequest/GeneralReferralServiceRequestExample"/>
  </focus>
  <for>
    <reference value="Patient/HHIMSPatientExample"/>
  </for>
  <encounter>
    <reference value="Encounter/TargetFacilityEncounterExample"/>
  </encounter>
  <authoredOn value="2023-10-06T13:28:17-05:00"/>
  <requester>
    <reference value="Practitioner/GeneralPractitionerExample"/>
  </requester>
  <location>
    <reference value="Location/ProvidersLocationExample"/>
  </location>
</Task>