{"resourceType":"ValueSet","id":"vs-allergy-intolerance-snomed-ct-free-set","text":{"status":"generated","div":"<div xmlns=\"http://www.w3.org/1999/xhtml\"><p>This value set contains 292 concepts</p><p style=\"border: black 1px dotted; background-color: #EEEEEE; padding: 8px; margin-bottom: 8px\">Expansion based on SNOMED CT International edition 31-Jul 2022</p><table class=\"codes\"><tr><td style=\"white-space:nowrap\"><b>Code</b></td><td><b>System</b></td><td><b>Display</b></td></tr><tr><td style=\"white-space:nowrap\"><a name=\"http---snomed.info-sct-1985008\"> </a>\u00a0\u00a0<a href=\"http://snomed.info/id/1985008\">1985008</a></td><td>http://snomed.info/sct</td><td>Vomitus</td></tr><tr><td style=\"white-space:nowrap\"><a name=\"http---snomed.info-sct-2309006\"> </a>\u00a0\u00a0<a href=\"http://snomed.info/id/2309006\">2309006</a></td><td>http://snomed.info/sct</td><td>Gold</td></tr><tr><td style=\"white-space:nowrap\"><a name=\"http---snomed.info-sct-2799001\"> </a>\u00a0\u00a0<a href=\"http://snomed.info/id/2799001\">2799001</a></td><td>http://snomed.info/sct</td><td>Methylbenzethonium chloride</td></tr><tr><td style=\"white-space:nowrap\"><a name=\"http---snomed.info-sct-3829006\"> </a>\u00a0\u00a0<a href=\"http://snomed.info/id/3829006\">3829006</a></td><td>http://snomed.info/sct</td><td>Iron</td></tr><tr><td style=\"white-space:nowrap\"><a name=\"http---snomed.info-sct-7791007\"> </a>\u00a0\u00a0<a href=\"http://snomed.info/id/7791007\">7791007</a></td><td>http://snomed.info/sct</td><td>Soybean protein</td></tr><tr><td style=\"white-space:nowrap\"><a name=\"http---snomed.info-sct-9021002\"> </a>\u00a0\u00a0<a href=\"http://snomed.info/id/9021002\">9021002</a></td><td>http://snomed.info/sct</td><td>Carbaryl</td></tr><tr><td style=\"white-space:nowrap\"><a name=\"http---snomed.info-sct-11526002\"> </a>\u00a0\u00a0<a href=\"http://snomed.info/id/11526002\">11526002</a></td><td>http://snomed.info/sct</td><td>Aspartame</td></tr><tr><td style=\"white-space:nowrap\"><a name=\"http---snomed.info-sct-11894001\"> </a>\u00a0\u00a0<a href=\"http://snomed.info/id/11894001\">11894001</a></td><td>http://snomed.info/sct</td><td>Clostridium botulinum toxin</td></tr><tr><td style=\"white-space:nowrap\"><a name=\"http---snomed.info-sct-12503006\"> </a>\u00a0\u00a0<a href=\"http://snomed.info/id/12503006\">12503006</a></td><td>http://snomed.info/sct</td><td>Aluminum</td></tr><tr><td style=\"white-space:nowrap\"><a name=\"http---snomed.info-sct-12510000\"> </a>\u00a0\u00a0<a href=\"http://snomed.info/id/12510000\">12510000</a></td><td>http://snomed.info/sct</td><td>Eucalyptus oil</td></tr><tr><td style=\"white-space:nowrap\"><a name=\"http---snomed.info-sct-13577000\"> </a>\u00a0\u00a0<a href=\"http://snomed.info/id/13577000\">13577000</a></td><td>http://snomed.info/sct</td><td>Nut</td></tr><tr><td style=\"white-space:nowrap\"><a name=\"http---snomed.info-sct-13652007\"> </a>\u00a0\u00a0<a href=\"http://snomed.info/id/13652007\">13652007</a></td><td>http://snomed.info/sct</td><td>Silicone</td></tr><tr><td style=\"white-space:nowrap\"><a name=\"http---snomed.info-sct-14402002\"> </a>\u00a0\u00a0<a href=\"http://snomed.info/id/14402002\">14402002</a></td><td>http://snomed.info/sct</td><td>Wood</td></tr><tr><td style=\"white-space:nowrap\"><a name=\"http---snomed.info-sct-23182003\"> </a>\u00a0\u00a0<a href=\"http://snomed.info/id/23182003\">23182003</a></td><td>http://snomed.info/sct</td><td>Cereal</td></tr><tr><td style=\"white-space:nowrap\"><a name=\"http---snomed.info-sct-26159005\"> </a>\u00a0\u00a0<a href=\"http://snomed.info/id/26159005\">26159005</a></td><td>http://snomed.info/sct</td><td>Clostridium tetani toxin</td></tr><tr><td style=\"white-space:nowrap\"><a name=\"http---snomed.info-sct-28230009\"> </a>\u00a0\u00a0<a href=\"http://snomed.info/id/28230009\">28230009</a></td><td>http://snomed.info/sct</td><td>Poultry</td></tr><tr><td style=\"white-space:nowrap\"><a name=\"http---snomed.info-sct-28647000\"> </a>\u00a0\u00a0<a href=\"http://snomed.info/id/28647000\">28647000</a></td><td>http://snomed.info/sct</td><td>Meat</td></tr><tr><td style=\"white-space:nowrap\"><a name=\"http---snomed.info-sct-33008008\"> </a>\u00a0\u00a0<a href=\"http://snomed.info/id/33008008\">33008008</a></td><td>http://snomed.info/sct</td><td>Dust</td></tr><tr><td style=\"white-space:nowrap\"><a name=\"http---snomed.info-sct-33396006\"> </a>\u00a0\u00a0<a href=\"http://snomed.info/id/33396006\">33396006</a></td><td>http://snomed.info/sct</td><td>Nickel</td></tr><tr><td style=\"white-space:nowrap\"><a name=\"http---snomed.info-sct-37146000\"> </a>\u00a0\u00a0<a href=\"http://snomed.info/id/37146000\">37146000</a></td><td>http://snomed.info/sct</td><td>Typhus vaccine</td></tr><tr><td style=\"white-space:nowrap\"><a name=\"http---snomed.info-sct-41967008\"> </a>\u00a0\u00a0<a href=\"http://snomed.info/id/41967008\">41967008</a></td><td>http://snomed.info/sct</td><td>Silver</td></tr><tr><td style=\"white-space:nowrap\"><a name=\"http---snomed.info-sct-42416001\"> </a>\u00a0\u00a0<a href=\"http://snomed.info/id/42416001\">42416001</a></td><td>http://snomed.info/sct</td><td>Lanolin</td></tr><tr><td style=\"white-space:nowrap\"><a name=\"http---snomed.info-sct-43230003\"> </a>\u00a0\u00a0<a href=\"http://snomed.info/id/43230003\">43230003</a></td><td>http://snomed.info/sct</td><td>Rubber</td></tr><tr><td style=\"white-space:nowrap\"><a name=\"http---snomed.info-sct-43735007\"> </a>\u00a0\u00a0<a href=\"http://snomed.info/id/43735007\">43735007</a></td><td>http://snomed.info/sct</td><td>Sulfur</td></tr><tr><td style=\"white-space:nowrap\"><a name=\"http---snomed.info-sct-44027008\"> </a>\u00a0\u00a0<a href=\"http://snomed.info/id/44027008\">44027008</a></td><td>http://snomed.info/sct</td><td>Seafood</td></tr><tr><td style=\"white-space:nowrap\"><a name=\"http---snomed.info-sct-47703008\"> </a>\u00a0\u00a0<a href=\"http://snomed.info/id/47703008\">47703008</a></td><td>http://snomed.info/sct</td><td>Lactose</td></tr><tr><td style=\"white-space:nowrap\"><a name=\"http---snomed.info-sct-51420009\"> </a>\u00a0\u00a0<a href=\"http://snomed.info/id/51420009\">51420009</a></td><td>http://snomed.info/sct</td><td>Silicon</td></tr><tr><td style=\"white-space:nowrap\"><a name=\"http---snomed.info-sct-51905005\"> </a>\u00a0\u00a0<a href=\"http://snomed.info/id/51905005\">51905005</a></td><td>http://snomed.info/sct</td><td>Mustard</td></tr><tr><td style=\"white-space:nowrap\"><a name=\"http---snomed.info-sct-52454007\"> </a>\u00a0\u00a0<a href=\"http://snomed.info/id/52454007\">52454007</a></td><td>http://snomed.info/sct</td><td>Albumin</td></tr><tr><td style=\"white-space:nowrap\"><a name=\"http---snomed.info-sct-57126000\"> </a>\u00a0\u00a0<a href=\"http://snomed.info/id/57126000\">57126000</a></td><td>http://snomed.info/sct</td><td>Glue</td></tr><tr><td style=\"white-space:nowrap\"><a name=\"http---snomed.info-sct-57720001\"> </a>\u00a0\u00a0<a href=\"http://snomed.info/id/57720001\">57720001</a></td><td>http://snomed.info/sct</td><td>Anise oil</td></tr><tr><td style=\"white-space:nowrap\"><a name=\"http---snomed.info-sct-59037007\"> </a>\u00a0\u00a0<a href=\"http://snomed.info/id/59037007\">59037007</a></td><td>http://snomed.info/sct</td><td>Intolerance to drug</td></tr><tr><td style=\"white-space:nowrap\"><a name=\"http---snomed.info-sct-59351004\"> </a>\u00a0\u00a0<a href=\"http://snomed.info/id/59351004\">59351004</a></td><td>http://snomed.info/sct</td><td>Citrate</td></tr><tr><td style=\"white-space:nowrap\"><a name=\"http---snomed.info-sct-59533004\"> </a>\u00a0\u00a0<a href=\"http://snomed.info/id/59533004\">59533004</a></td><td>http://snomed.info/sct</td><td>Food additive</td></tr><tr><td style=\"white-space:nowrap\"><a name=\"http---snomed.info-sct-59545008\"> </a>\u00a0\u00a0<a href=\"http://snomed.info/id/59545008\">59545008</a></td><td>http://snomed.info/sct</td><td>Pesticide</td></tr><tr><td style=\"white-space:nowrap\"><a name=\"http---snomed.info-sct-61789006\"> </a>\u00a0\u00a0<a href=\"http://snomed.info/id/61789006\">61789006</a></td><td>http://snomed.info/sct</td><td>Dye</td></tr><tr><td style=\"white-space:nowrap\"><a name=\"http---snomed.info-sct-63338004\"> </a>\u00a0\u00a0<a href=\"http://snomed.info/id/63338004\">63338004</a></td><td>http://snomed.info/sct</td><td>Drug flavoring</td></tr><tr><td style=\"white-space:nowrap\"><a name=\"http---snomed.info-sct-63766005\"> </a>\u00a0\u00a0<a href=\"http://snomed.info/id/63766005\">63766005</a></td><td>http://snomed.info/sct</td><td>Flour</td></tr><tr><td style=\"white-space:nowrap\"><a name=\"http---snomed.info-sct-66925006\"> </a>\u00a0\u00a0<a href=\"http://snomed.info/id/66925006\">66925006</a></td><td>http://snomed.info/sct</td><td>Copper</td></tr><tr><td style=\"white-space:nowrap\"><a name=\"http---snomed.info-sct-67324005\"> </a>\u00a0\u00a0<a href=\"http://snomed.info/id/67324005\">67324005</a></td><td>http://snomed.info/sct</td><td>Rice</td></tr><tr><td style=\"white-space:nowrap\"><a name=\"http---snomed.info-sct-72511004\"> </a>\u00a0\u00a0<a href=\"http://snomed.info/id/72511004\">72511004</a></td><td>http://snomed.info/sct</td><td>Fruit</td></tr><tr><td style=\"white-space:nowrap\"><a name=\"http---snomed.info-sct-80237000\"> </a>\u00a0\u00a0<a href=\"http://snomed.info/id/80237000\">80237000</a></td><td>http://snomed.info/sct</td><td>Cocoa butter</td></tr><tr><td style=\"white-space:nowrap\"><a name=\"http---snomed.info-sct-83619009\"> </a>\u00a0\u00a0<a href=\"http://snomed.info/id/83619009\">83619009</a></td><td>http://snomed.info/sct</td><td>Polyvinyl alcohol</td></tr><tr><td style=\"white-space:nowrap\"><a name=\"http---snomed.info-sct-89811004\"> </a>\u00a0\u00a0<a href=\"http://snomed.info/id/89811004\">89811004</a></td><td>http://snomed.info/sct</td><td>Gluten</td></tr><tr><td style=\"white-space:nowrap\"><a name=\"http---snomed.info-sct-89889006\"> </a>\u00a0\u00a0<a href=\"http://snomed.info/id/89889006\">89889006</a></td><td>http://snomed.info/sct</td><td>Cotton fiber</td></tr><tr><td style=\"white-space:nowrap\"><a name=\"http---snomed.info-sct-91598004\"> </a>\u00a0\u00a0<a href=\"http://snomed.info/id/91598004\">91598004</a></td><td>http://snomed.info/sct</td><td>Benzoyl peroxide</td></tr><tr><td style=\"white-space:nowrap\"><a name=\"http---snomed.info-sct-91935009\"> </a>\u00a0\u00a0<a href=\"http://snomed.info/id/91935009\">91935009</a></td><td>http://snomed.info/sct</td><td>Allergy to peanut</td></tr><tr><td style=\"white-space:nowrap\"><a name=\"http---snomed.info-sct-91936005\"> </a>\u00a0\u00a0<a href=\"http://snomed.info/id/91936005\">91936005</a></td><td>http://snomed.info/sct</td><td>Allergy to penicillin</td></tr><tr><td style=\"white-space:nowrap\"><a name=\"http---snomed.info-sct-102259006\"> </a>\u00a0\u00a0<a href=\"http://snomed.info/id/102259006\">102259006</a></td><td>http://snomed.info/sct</td><td>Citrus fruit</td></tr><tr><td style=\"white-space:nowrap\"><a name=\"http---snomed.info-sct-102261002\"> </a>\u00a0\u00a0<a href=\"http://snomed.info/id/102261002\">102261002</a></td><td>http://snomed.info/sct</td><td>Strawberry</td></tr><tr><td style=\"white-space:nowrap\"><a name=\"http---snomed.info-sct-102262009\"> </a>\u00a0\u00a0<a href=\"http://snomed.info/id/102262009\">102262009</a></td><td>http://snomed.info/sct</td><td>Chocolate</td></tr><tr><td style=\"white-space:nowrap\"><a name=\"http---snomed.info-sct-102263004\"> </a>\u00a0\u00a0<a href=\"http://snomed.info/id/102263004\">102263004</a></td><td>http://snomed.info/sct</td><td>Eggs (edible)</td></tr><tr><td style=\"white-space:nowrap\"><a name=\"http---snomed.info-sct-102264005\"> </a>\u00a0\u00a0<a href=\"http://snomed.info/id/102264005\">102264005</a></td><td>http://snomed.info/sct</td><td>Cheese</td></tr><tr><td style=\"white-space:nowrap\"><a name=\"http---snomed.info-sct-111088007\"> </a>\u00a0\u00a0<a href=\"http://snomed.info/id/111088007\">111088007</a></td><td>http://snomed.info/sct</td><td>Latex</td></tr><tr><td style=\"white-space:nowrap\"><a name=\"http---snomed.info-sct-115589000\"> </a>\u00a0\u00a0<a href=\"http://snomed.info/id/115589000\">115589000</a></td><td>http://snomed.info/sct</td><td>Ethanolamine</td></tr><tr><td style=\"white-space:nowrap\"><a name=\"http---snomed.info-sct-116549003\"> </a>\u00a0\u00a0<a href=\"http://snomed.info/id/116549003\">116549003</a></td><td>http://snomed.info/sct</td><td>Organochlorine pesticide</td></tr><tr><td style=\"white-space:nowrap\"><a name=\"http---snomed.info-sct-116560007\"> </a>\u00a0\u00a0<a href=\"http://snomed.info/id/116560007\">116560007</a></td><td>http://snomed.info/sct</td><td>Clostridium perfringens epsilon toxin</td></tr><tr><td style=\"white-space:nowrap\"><a name=\"http---snomed.info-sct-116637007\"> </a>\u00a0\u00a0<a href=\"http://snomed.info/id/116637007\">116637007</a></td><td>http://snomed.info/sct</td><td>Fungus Antigen</td></tr><tr><td style=\"white-space:nowrap\"><a name=\"http---snomed.info-sct-119417004\"> </a>\u00a0\u00a0<a href=\"http://snomed.info/id/119417004\">119417004</a></td><td>http://snomed.info/sct</td><td>Organophosphate insecticide</td></tr><tr><td style=\"white-space:nowrap\"><a name=\"http---snomed.info-sct-128488006\"> </a>\u00a0\u00a0<a href=\"http://snomed.info/id/128488006\">128488006</a></td><td>http://snomed.info/sct</td><td>House dust</td></tr><tr><td style=\"white-space:nowrap\"><a name=\"http---snomed.info-sct-128489003\"> </a>\u00a0\u00a0<a href=\"http://snomed.info/id/128489003\">128489003</a></td><td>http://snomed.info/sct</td><td>Sand</td></tr><tr><td style=\"white-space:nowrap\"><a name=\"http---snomed.info-sct-226491003\"> </a>\u00a0\u00a0<a href=\"http://snomed.info/id/226491003\">226491003</a></td><td>http://snomed.info/sct</td><td>Apple juice</td></tr><tr><td style=\"white-space:nowrap\"><a name=\"http---snomed.info-sct-226915003\"> </a>\u00a0\u00a0<a href=\"http://snomed.info/id/226915003\">226915003</a></td><td>http://snomed.info/sct</td><td>Red meat</td></tr><tr><td style=\"white-space:nowrap\"><a name=\"http---snomed.info-sct-226934003\"> </a>\u00a0\u00a0<a href=\"http://snomed.info/id/226934003\">226934003</a></td><td>http://snomed.info/sct</td><td>Pork</td></tr><tr><td style=\"white-space:nowrap\"><a name=\"http---snomed.info-sct-227144008\"> </a>\u00a0\u00a0<a href=\"http://snomed.info/id/227144008\">227144008</a></td><td>http://snomed.info/sct</td><td>Tuna fish</td></tr><tr><td style=\"white-space:nowrap\"><a name=\"http---snomed.info-sct-227150003\"> </a>\u00a0\u00a0<a href=\"http://snomed.info/id/227150003\">227150003</a></td><td>http://snomed.info/sct</td><td>Mussel</td></tr><tr><td style=\"white-space:nowrap\"><a name=\"http---snomed.info-sct-227313005\"> </a>\u00a0\u00a0<a href=\"http://snomed.info/id/227313005\">227313005</a></td><td>http://snomed.info/sct</td><td>Pulse vegetable</td></tr><tr><td style=\"white-space:nowrap\"><a name=\"http---snomed.info-sct-227374009\"> </a>\u00a0\u00a0<a href=\"http://snomed.info/id/227374009\">227374009</a></td><td>http://snomed.info/sct</td><td>Herbs and spices</td></tr><tr><td style=\"white-space:nowrap\"><a name=\"http---snomed.info-sct-227388008\"> </a>\u00a0\u00a0<a href=\"http://snomed.info/id/227388008\">227388008</a></td><td>http://snomed.info/sct</td><td>Cinnamon</td></tr><tr><td style=\"white-space:nowrap\"><a name=\"http---snomed.info-sct-227389000\"> </a>\u00a0\u00a0<a href=\"http://snomed.info/id/227389000\">227389000</a></td><td>http://snomed.info/sct</td><td>Clove</td></tr><tr><td style=\"white-space:nowrap\"><a name=\"http---snomed.info-sct-227395004\"> </a>\u00a0\u00a0<a href=\"http://snomed.info/id/227395004\">227395004</a></td><td>http://snomed.info/sct</td><td>Curry powder</td></tr><tr><td style=\"white-space:nowrap\"><a name=\"http---snomed.info-sct-227400003\"> </a>\u00a0\u00a0<a href=\"http://snomed.info/id/227400003\">227400003</a></td><td>http://snomed.info/sct</td><td>Ginger</td></tr><tr><td style=\"white-space:nowrap\"><a name=\"http---snomed.info-sct-227408005\"> </a>\u00a0\u00a0<a href=\"http://snomed.info/id/227408005\">227408005</a></td><td>http://snomed.info/sct</td><td>Paprika</td></tr><tr><td style=\"white-space:nowrap\"><a name=\"http---snomed.info-sct-227425007\"> </a>\u00a0\u00a0<a href=\"http://snomed.info/id/227425007\">227425007</a></td><td>http://snomed.info/sct</td><td>Figs</td></tr><tr><td style=\"white-space:nowrap\"><a name=\"http---snomed.info-sct-227444000\"> </a>\u00a0\u00a0<a href=\"http://snomed.info/id/227444000\">227444000</a></td><td>http://snomed.info/sct</td><td>Raspberries</td></tr><tr><td style=\"white-space:nowrap\"><a name=\"http---snomed.info-sct-227493005\"> </a>\u00a0\u00a0<a href=\"http://snomed.info/id/227493005\">227493005</a></td><td>http://snomed.info/sct</td><td>Cashew nut</td></tr><tr><td style=\"white-space:nowrap\"><a name=\"http---snomed.info-sct-227511008\"> </a>\u00a0\u00a0<a href=\"http://snomed.info/id/227511008\">227511008</a></td><td>http://snomed.info/sct</td><td>Pine nut</td></tr><tr><td style=\"white-space:nowrap\"><a name=\"http---snomed.info-sct-227512001\"> </a>\u00a0\u00a0<a href=\"http://snomed.info/id/227512001\">227512001</a></td><td>http://snomed.info/sct</td><td>Pistachio nut</td></tr><tr><td style=\"white-space:nowrap\"><a name=\"http---snomed.info-sct-227538001\"> </a>\u00a0\u00a0<a href=\"http://snomed.info/id/227538001\">227538001</a></td><td>http://snomed.info/sct</td><td>Pickle</td></tr><tr><td style=\"white-space:nowrap\"><a name=\"http---snomed.info-sct-230034002\"> </a>\u00a0\u00a0<a href=\"http://snomed.info/id/230034002\">230034002</a></td><td>http://snomed.info/sct</td><td>Nuts and seeds</td></tr><tr><td style=\"white-space:nowrap\"><a name=\"http---snomed.info-sct-232350006\"> </a>\u00a0\u00a0<a href=\"http://snomed.info/id/232350006\">232350006</a></td><td>http://snomed.info/sct</td><td>Allergy to dust mite protein</td></tr><tr><td style=\"white-space:nowrap\"><a name=\"http---snomed.info-sct-235719002\"> </a>\u00a0\u00a0<a href=\"http://snomed.info/id/235719002\">235719002</a></td><td>http://snomed.info/sct</td><td>Intolerance to food</td></tr><tr><td style=\"white-space:nowrap\"><a name=\"http---snomed.info-sct-255620007\"> </a>\u00a0\u00a0<a href=\"http://snomed.info/id/255620007\">255620007</a></td><td>http://snomed.info/sct</td><td>Food</td></tr><tr><td style=\"white-space:nowrap\"><a name=\"http---snomed.info-sct-255640000\"> </a>\u00a0\u00a0<a href=\"http://snomed.info/id/255640000\">255640000</a></td><td>http://snomed.info/sct</td><td>Biocide</td></tr><tr><td style=\"white-space:nowrap\"><a name=\"http---snomed.info-sct-255667006\"> </a>\u00a0\u00a0<a href=\"http://snomed.info/id/255667006\">255667006</a></td><td>http://snomed.info/sct</td><td>Paraffin</td></tr><tr><td style=\"white-space:nowrap\"><a name=\"http---snomed.info-sct-256259004\"> </a>\u00a0\u00a0<a href=\"http://snomed.info/id/256259004\">256259004</a></td><td>http://snomed.info/sct</td><td>Pollen</td></tr><tr><td style=\"white-space:nowrap\"><a name=\"http---snomed.info-sct-256260009\"> </a>\u00a0\u00a0<a href=\"http://snomed.info/id/256260009\">256260009</a></td><td>http://snomed.info/sct</td><td>Tree and shrub pollen</td></tr><tr><td style=\"white-space:nowrap\"><a name=\"http---snomed.info-sct-256277009\"> </a>\u00a0\u00a0<a href=\"http://snomed.info/id/256277009\">256277009</a></td><td>http://snomed.info/sct</td><td>Grass pollen</td></tr><tr><td style=\"white-space:nowrap\"><a name=\"http---snomed.info-sct-256292005\"> </a>\u00a0\u00a0<a href=\"http://snomed.info/id/256292005\">256292005</a></td><td>http://snomed.info/sct</td><td>Flower and weed pollen</td></tr><tr><td style=\"white-space:nowrap\"><a name=\"http---snomed.info-sct-256303006\"> </a>\u00a0\u00a0<a href=\"http://snomed.info/id/256303006\">256303006</a></td><td>http://snomed.info/sct</td><td>Ragweed pollen</td></tr><tr><td style=\"white-space:nowrap\"><a name=\"http---snomed.info-sct-256305004\"> </a>\u00a0\u00a0<a href=\"http://snomed.info/id/256305004\">256305004</a></td><td>http://snomed.info/sct</td><td>Tree resin</td></tr><tr><td style=\"white-space:nowrap\"><a name=\"http---snomed.info-sct-256306003\"> </a>\u00a0\u00a0<a href=\"http://snomed.info/id/256306003\">256306003</a></td><td>http://snomed.info/sct</td><td>Orange - fruit</td></tr><tr><td style=\"white-space:nowrap\"><a name=\"http---snomed.info-sct-256307007\"> </a>\u00a0\u00a0<a href=\"http://snomed.info/id/256307007\">256307007</a></td><td>http://snomed.info/sct</td><td>Banana</td></tr><tr><td style=\"white-space:nowrap\"><a name=\"http---snomed.info-sct-256313003\"> </a>\u00a0\u00a0<a href=\"http://snomed.info/id/256313003\">256313003</a></td><td>http://snomed.info/sct</td><td>Pineapple</td></tr><tr><td style=\"white-space:nowrap\"><a name=\"http---snomed.info-sct-256319004\"> </a>\u00a0\u00a0<a href=\"http://snomed.info/id/256319004\">256319004</a></td><td>http://snomed.info/sct</td><td>Carrot</td></tr><tr><td style=\"white-space:nowrap\"><a name=\"http---snomed.info-sct-256326004\"> </a>\u00a0\u00a0<a href=\"http://snomed.info/id/256326004\">256326004</a></td><td>http://snomed.info/sct</td><td>Celery</td></tr><tr><td style=\"white-space:nowrap\"><a name=\"http---snomed.info-sct-256350002\"> </a>\u00a0\u00a0<a href=\"http://snomed.info/id/256350002\">256350002</a></td><td>http://snomed.info/sct</td><td>Almond</td></tr><tr><td style=\"white-space:nowrap\"><a name=\"http---snomed.info-sct-256352005\"> </a>\u00a0\u00a0<a href=\"http://snomed.info/id/256352005\">256352005</a></td><td>http://snomed.info/sct</td><td>Walnut - nut</td></tr><tr><td style=\"white-space:nowrap\"><a name=\"http---snomed.info-sct-256353000\"> </a>\u00a0\u00a0<a href=\"http://snomed.info/id/256353000\">256353000</a></td><td>http://snomed.info/sct</td><td>Hazelnut</td></tr><tr><td style=\"white-space:nowrap\"><a name=\"http---snomed.info-sct-256355007\"> </a>\u00a0\u00a0<a href=\"http://snomed.info/id/256355007\">256355007</a></td><td>http://snomed.info/sct</td><td>Soyabean</td></tr><tr><td style=\"white-space:nowrap\"><a name=\"http---snomed.info-sct-256417003\"> </a>\u00a0\u00a0<a href=\"http://snomed.info/id/256417003\">256417003</a></td><td>http://snomed.info/sct</td><td>Horse dander</td></tr><tr><td style=\"white-space:nowrap\"><a name=\"http---snomed.info-sct-256419000\"> </a>\u00a0\u00a0<a href=\"http://snomed.info/id/256419000\">256419000</a></td><td>http://snomed.info/sct</td><td>Mouse epithelium</td></tr><tr><td style=\"white-space:nowrap\"><a name=\"http---snomed.info-sct-256435007\"> </a>\u00a0\u00a0<a href=\"http://snomed.info/id/256435007\">256435007</a></td><td>http://snomed.info/sct</td><td>Feather</td></tr><tr><td style=\"white-space:nowrap\"><a name=\"http---snomed.info-sct-256440004\"> </a>\u00a0\u00a0<a href=\"http://snomed.info/id/256440004\">256440004</a></td><td>http://snomed.info/sct</td><td>Wasp venom</td></tr><tr><td style=\"white-space:nowrap\"><a name=\"http---snomed.info-sct-256443002\"> </a>\u00a0\u00a0<a href=\"http://snomed.info/id/256443002\">256443002</a></td><td>http://snomed.info/sct</td><td>Egg white</td></tr><tr><td style=\"white-space:nowrap\"><a name=\"http---snomed.info-sct-256504004\"> </a>\u00a0\u00a0<a href=\"http://snomed.info/id/256504004\">256504004</a></td><td>http://snomed.info/sct</td><td>Polycarbonate dental material</td></tr><tr><td style=\"white-space:nowrap\"><a name=\"http---snomed.info-sct-260108001\"> </a>\u00a0\u00a0<a href=\"http://snomed.info/id/260108001\">260108001</a></td><td>http://snomed.info/sct</td><td>Wormwood pollen</td></tr><tr><td style=\"white-space:nowrap\"><a name=\"http---snomed.info-sct-260118006\"> </a>\u00a0\u00a0<a href=\"http://snomed.info/id/260118006\">260118006</a></td><td>http://snomed.info/sct</td><td>Wall pellitory pollen</td></tr><tr><td style=\"white-space:nowrap\"><a name=\"http---snomed.info-sct-260126003\"> </a>\u00a0\u00a0<a href=\"http://snomed.info/id/260126003\">260126003</a></td><td>http://snomed.info/sct</td><td>Olive pollen</td></tr><tr><td style=\"white-space:nowrap\"><a name=\"http---snomed.info-sct-260152009\"> </a>\u00a0\u00a0<a href=\"http://snomed.info/id/260152009\">260152009</a></td><td>http://snomed.info/sct</td><td>Cat dander</td></tr><tr><td style=\"white-space:nowrap\"><a name=\"http---snomed.info-sct-260153004\"> </a>\u00a0\u00a0<a href=\"http://snomed.info/id/260153004\">260153004</a></td><td>http://snomed.info/sct</td><td>Cow dander</td></tr><tr><td style=\"white-space:nowrap\"><a name=\"http---snomed.info-sct-260154005\"> </a>\u00a0\u00a0<a href=\"http://snomed.info/id/260154005\">260154005</a></td><td>http://snomed.info/sct</td><td>Dog dander</td></tr><tr><td style=\"white-space:nowrap\"><a name=\"http---snomed.info-sct-260156007\"> </a>\u00a0\u00a0<a href=\"http://snomed.info/id/260156007\">260156007</a></td><td>http://snomed.info/sct</td><td>Mouse urine proteins</td></tr><tr><td style=\"white-space:nowrap\"><a name=\"http---snomed.info-sct-260167008\"> </a>\u00a0\u00a0<a href=\"http://snomed.info/id/260167008\">260167008</a></td><td>http://snomed.info/sct</td><td>Sesame seed</td></tr><tr><td style=\"white-space:nowrap\"><a name=\"http---snomed.info-sct-260176001\"> </a>\u00a0\u00a0<a href=\"http://snomed.info/id/260176001\">260176001</a></td><td>http://snomed.info/sct</td><td>Kiwi fruit</td></tr><tr><td style=\"white-space:nowrap\"><a name=\"http---snomed.info-sct-260177005\"> </a>\u00a0\u00a0<a href=\"http://snomed.info/id/260177005\">260177005</a></td><td>http://snomed.info/sct</td><td>Melon</td></tr><tr><td style=\"white-space:nowrap\"><a name=\"http---snomed.info-sct-260179008\"> </a>\u00a0\u00a0<a href=\"http://snomed.info/id/260179008\">260179008</a></td><td>http://snomed.info/sct</td><td>Mango fruit</td></tr><tr><td style=\"white-space:nowrap\"><a name=\"http---snomed.info-sct-261243003\"> </a>\u00a0\u00a0<a href=\"http://snomed.info/id/261243003\">261243003</a></td><td>http://snomed.info/sct</td><td>Brass</td></tr><tr><td style=\"white-space:nowrap\"><a name=\"http---snomed.info-sct-264287008\"> </a>\u00a0\u00a0<a href=\"http://snomed.info/id/264287008\">264287008</a></td><td>http://snomed.info/sct</td><td>Animal dander</td></tr><tr><td style=\"white-space:nowrap\"><a name=\"http---snomed.info-sct-264295007\"> </a>\u00a0\u00a0<a href=\"http://snomed.info/id/264295007\">264295007</a></td><td>http://snomed.info/sct</td><td>Cow's milk protein</td></tr><tr><td style=\"white-space:nowrap\"><a name=\"http---snomed.info-sct-264331002\"> </a>\u00a0\u00a0<a href=\"http://snomed.info/id/264331002\">264331002</a></td><td>http://snomed.info/sct</td><td>Grain</td></tr><tr><td style=\"white-space:nowrap\"><a name=\"http---snomed.info-sct-264337003\"> </a>\u00a0\u00a0<a href=\"http://snomed.info/id/264337003\">264337003</a></td><td>http://snomed.info/sct</td><td>Seed</td></tr><tr><td style=\"white-space:nowrap\"><a name=\"http---snomed.info-sct-276310004\"> </a>\u00a0\u00a0<a href=\"http://snomed.info/id/276310004\">276310004</a></td><td>http://snomed.info/sct</td><td>Animal hair</td></tr><tr><td style=\"white-space:nowrap\"><a name=\"http---snomed.info-sct-278840001\"> </a>\u00a0\u00a0<a href=\"http://snomed.info/id/278840001\">278840001</a></td><td>http://snomed.info/sct</td><td>Shrimp</td></tr><tr><td style=\"white-space:nowrap\"><a name=\"http---snomed.info-sct-280939008\"> </a>\u00a0\u00a0<a href=\"http://snomed.info/id/280939008\">280939008</a></td><td>http://snomed.info/sct</td><td>Insect venom</td></tr><tr><td style=\"white-space:nowrap\"><a name=\"http---snomed.info-sct-288328004\"> </a>\u00a0\u00a0<a href=\"http://snomed.info/id/288328004\">288328004</a></td><td>http://snomed.info/sct</td><td>Bee venom</td></tr><tr><td style=\"white-space:nowrap\"><a name=\"http---snomed.info-sct-289122001\"> </a>\u00a0\u00a0<a href=\"http://snomed.info/id/289122001\">289122001</a></td><td>http://snomed.info/sct</td><td>Cosmetic material</td></tr><tr><td style=\"white-space:nowrap\"><a name=\"http---snomed.info-sct-289949002\"> </a>\u00a0\u00a0<a href=\"http://snomed.info/id/289949002\">289949002</a></td><td>http://snomed.info/sct</td><td>Cypress pollen</td></tr><tr><td style=\"white-space:nowrap\"><a name=\"http---snomed.info-sct-303300008\"> </a>\u00a0\u00a0<a href=\"http://snomed.info/id/303300008\">303300008</a></td><td>http://snomed.info/sct</td><td>Egg protein</td></tr><tr><td style=\"white-space:nowrap\"><a name=\"http---snomed.info-sct-303314008\"> </a>\u00a0\u00a0<a href=\"http://snomed.info/id/303314008\">303314008</a></td><td>http://snomed.info/sct</td><td>Scorpion venom</td></tr><tr><td style=\"white-space:nowrap\"><a name=\"http---snomed.info-sct-303315009\"> </a>\u00a0\u00a0<a href=\"http://snomed.info/id/303315009\">303315009</a></td><td>http://snomed.info/sct</td><td>Spider venom</td></tr><tr><td style=\"white-space:nowrap\"><a name=\"http---snomed.info-sct-311846002\"> </a>\u00a0\u00a0<a href=\"http://snomed.info/id/311846002\">311846002</a></td><td>http://snomed.info/sct</td><td>Pyrethroid insecticide</td></tr><tr><td style=\"white-space:nowrap\"><a name=\"http---snomed.info-sct-320835005\"> </a>\u00a0\u00a0<a href=\"http://snomed.info/id/320835005\">320835005</a></td><td>http://snomed.info/sct</td><td>Pollen allergy preparations</td></tr><tr><td style=\"white-space:nowrap\"><a name=\"http---snomed.info-sct-346313005\"> </a>\u00a0\u00a0<a href=\"http://snomed.info/id/346313005\">346313005</a></td><td>http://snomed.info/sct</td><td>Allergen extract vaccine</td></tr><tr><td style=\"white-space:nowrap\"><a name=\"http---snomed.info-sct-346364006\"> </a>\u00a0\u00a0<a href=\"http://snomed.info/id/346364006\">346364006</a></td><td>http://snomed.info/sct</td><td>Cat allergy vaccine</td></tr><tr><td style=\"white-space:nowrap\"><a name=\"http---snomed.info-sct-346405008\"> </a>\u00a0\u00a0<a href=\"http://snomed.info/id/346405008\">346405008</a></td><td>http://snomed.info/sct</td><td>Dog allergy vaccine</td></tr><tr><td style=\"white-space:nowrap\"><a name=\"http---snomed.info-sct-346467003\"> </a>\u00a0\u00a0<a href=\"http://snomed.info/id/346467003\">346467003</a></td><td>http://snomed.info/sct</td><td>Horse allergy vaccine</td></tr><tr><td style=\"white-space:nowrap\"><a name=\"http---snomed.info-sct-346468008\"> </a>\u00a0\u00a0<a href=\"http://snomed.info/id/346468008\">346468008</a></td><td>http://snomed.info/sct</td><td>House dust allergy vaccine</td></tr><tr><td style=\"white-space:nowrap\"><a name=\"http---snomed.info-sct-346469000\"> </a>\u00a0\u00a0<a href=\"http://snomed.info/id/346469000\">346469000</a></td><td>http://snomed.info/sct</td><td>House mite allergy vaccine</td></tr><tr><td style=\"white-space:nowrap\"><a name=\"http---snomed.info-sct-386936005\"> </a>\u00a0\u00a0<a href=\"http://snomed.info/id/386936005\">386936005</a></td><td>http://snomed.info/sct</td><td>Azelaic acid</td></tr><tr><td style=\"white-space:nowrap\"><a name=\"http---snomed.info-sct-387293003\"> </a>\u00a0\u00a0<a href=\"http://snomed.info/id/387293003\">387293003</a></td><td>http://snomed.info/sct</td><td>Anthralin</td></tr><tr><td style=\"white-space:nowrap\"><a name=\"http---snomed.info-sct-387398009\"> </a>\u00a0\u00a0<a href=\"http://snomed.info/id/387398009\">387398009</a></td><td>http://snomed.info/sct</td><td>Podophyllum resin</td></tr><tr><td style=\"white-space:nowrap\"><a name=\"http---snomed.info-sct-391737006\"> </a>\u00a0\u00a0<a href=\"http://snomed.info/id/391737006\">391737006</a></td><td>http://snomed.info/sct</td><td>Almond oil</td></tr><tr><td style=\"white-space:nowrap\"><a name=\"http---snomed.info-sct-396031000\"> </a>\u00a0\u00a0<a href=\"http://snomed.info/id/396031000\">396031000</a></td><td>http://snomed.info/sct</td><td>Dimethicone</td></tr><tr><td style=\"white-space:nowrap\"><a name=\"http---snomed.info-sct-406774009\"> </a>\u00a0\u00a0<a href=\"http://snomed.info/id/406774009\">406774009</a></td><td>http://snomed.info/sct</td><td>Fish derived omega 3 fatty acid</td></tr><tr><td style=\"white-space:nowrap\"><a name=\"http---snomed.info-sct-409568008\"> </a>\u00a0\u00a0<a href=\"http://snomed.info/id/409568008\">409568008</a></td><td>http://snomed.info/sct</td><td>Pentavalent botulinum toxoid vaccine</td></tr><tr><td style=\"white-space:nowrap\"><a name=\"http---snomed.info-sct-410853002\"> </a>\u00a0\u00a0<a href=\"http://snomed.info/id/410853002\">410853002</a></td><td>http://snomed.info/sct</td><td>Perfluorochemical</td></tr><tr><td style=\"white-space:nowrap\"><a name=\"http---snomed.info-sct-412061001\"> </a>\u00a0\u00a0<a href=\"http://snomed.info/id/412061001\">412061001</a></td><td>http://snomed.info/sct</td><td>Blueberries</td></tr><tr><td style=\"white-space:nowrap\"><a name=\"http---snomed.info-sct-412068007\"> </a>\u00a0\u00a0<a href=\"http://snomed.info/id/412068007\">412068007</a></td><td>http://snomed.info/sct</td><td>Rye</td></tr><tr><td style=\"white-space:nowrap\"><a name=\"http---snomed.info-sct-412070003\"> </a>\u00a0\u00a0<a href=\"http://snomed.info/id/412070003\">412070003</a></td><td>http://snomed.info/sct</td><td>Vanilla</td></tr><tr><td style=\"white-space:nowrap\"><a name=\"http---snomed.info-sct-412071004\"> </a>\u00a0\u00a0<a href=\"http://snomed.info/id/412071004\">412071004</a></td><td>http://snomed.info/sct</td><td>Wheat</td></tr><tr><td style=\"white-space:nowrap\"><a name=\"http---snomed.info-sct-412145001\"> </a>\u00a0\u00a0<a href=\"http://snomed.info/id/412145001\">412145001</a></td><td>http://snomed.info/sct</td><td>Hair dye</td></tr><tr><td style=\"white-space:nowrap\"><a name=\"http---snomed.info-sct-412150007\"> </a>\u00a0\u00a0<a href=\"http://snomed.info/id/412150007\">412150007</a></td><td>http://snomed.info/sct</td><td>Insect debris</td></tr><tr><td style=\"white-space:nowrap\"><a name=\"http---snomed.info-sct-412153009\"> </a>\u00a0\u00a0<a href=\"http://snomed.info/id/412153009\">412153009</a></td><td>http://snomed.info/sct</td><td>Rabbit dander</td></tr><tr><td style=\"white-space:nowrap\"><a name=\"http---snomed.info-sct-412156001\"> </a>\u00a0\u00a0<a href=\"http://snomed.info/id/412156001\">412156001</a></td><td>http://snomed.info/sct</td><td>Silk</td></tr><tr><td style=\"white-space:nowrap\"><a name=\"http---snomed.info-sct-412161004\"> </a>\u00a0\u00a0<a href=\"http://snomed.info/id/412161004\">412161004</a></td><td>http://snomed.info/sct</td><td>Wool</td></tr><tr><td style=\"white-space:nowrap\"><a name=\"http---snomed.info-sct-412357001\"> </a>\u00a0\u00a0<a href=\"http://snomed.info/id/412357001\">412357001</a></td><td>http://snomed.info/sct</td><td>Corn</td></tr><tr><td style=\"white-space:nowrap\"><a name=\"http---snomed.info-sct-414285001\"> </a>\u00a0\u00a0<a href=\"http://snomed.info/id/414285001\">414285001</a></td><td>http://snomed.info/sct</td><td>Allergy to food</td></tr><tr><td style=\"white-space:nowrap\"><a name=\"http---snomed.info-sct-415710007\"> </a>\u00a0\u00a0<a href=\"http://snomed.info/id/415710007\">415710007</a></td><td>http://snomed.info/sct</td><td>Terpene</td></tr><tr><td style=\"white-space:nowrap\"><a name=\"http---snomed.info-sct-416098002\"> </a>\u00a0\u00a0<a href=\"http://snomed.info/id/416098002\">416098002</a></td><td>http://snomed.info/sct</td><td>Allergy to drug</td></tr><tr><td style=\"white-space:nowrap\"><a name=\"http---snomed.info-sct-418266005\"> </a>\u00a0\u00a0<a href=\"http://snomed.info/id/418266005\">418266005</a></td><td>http://snomed.info/sct</td><td>Yellow paraffin</td></tr><tr><td style=\"white-space:nowrap\"><a name=\"http---snomed.info-sct-418268006\"> </a>\u00a0\u00a0<a href=\"http://snomed.info/id/418268006\">418268006</a></td><td>http://snomed.info/sct</td><td>Bacillus Calmette-Guerin antigen-containing product</td></tr><tr><td style=\"white-space:nowrap\"><a name=\"http---snomed.info-sct-418471000\"> </a>\u00a0\u00a0<a href=\"http://snomed.info/id/418471000\">418471000</a></td><td>http://snomed.info/sct</td><td>Propensity to adverse reactions to food</td></tr><tr><td style=\"white-space:nowrap\"><a name=\"http---snomed.info-sct-418490008\"> </a>\u00a0\u00a0<a href=\"http://snomed.info/id/418490008\">418490008</a></td><td>http://snomed.info/sct</td><td>Tetanolysin</td></tr><tr><td style=\"white-space:nowrap\"><a name=\"http---snomed.info-sct-418504009\"> </a>\u00a0\u00a0<a href=\"http://snomed.info/id/418504009\">418504009</a></td><td>http://snomed.info/sct</td><td>Oat</td></tr><tr><td style=\"white-space:nowrap\"><a name=\"http---snomed.info-sct-418785009\"> </a>\u00a0\u00a0<a href=\"http://snomed.info/id/418785009\">418785009</a></td><td>http://snomed.info/sct</td><td>Perfume</td></tr><tr><td style=\"white-space:nowrap\"><a name=\"http---snomed.info-sct-418794003\"> </a>\u00a0\u00a0<a href=\"http://snomed.info/id/418794003\">418794003</a></td><td>http://snomed.info/sct</td><td>Tetanospasmin</td></tr><tr><td style=\"white-space:nowrap\"><a name=\"http---snomed.info-sct-418920007\"> </a>\u00a0\u00a0<a href=\"http://snomed.info/id/418920007\">418920007</a></td><td>http://snomed.info/sct</td><td>Adhesive agent</td></tr><tr><td style=\"white-space:nowrap\"><a name=\"http---snomed.info-sct-419199007\"> </a>\u00a0\u00a0<a href=\"http://snomed.info/id/419199007\">419199007</a></td><td>http://snomed.info/sct</td><td>Allergy to substance</td></tr><tr><td style=\"white-space:nowrap\"><a name=\"http---snomed.info-sct-419420009\"> </a>\u00a0\u00a0<a href=\"http://snomed.info/id/419420009\">419420009</a></td><td>http://snomed.info/sct</td><td>Watermelon</td></tr><tr><td style=\"white-space:nowrap\"><a name=\"http---snomed.info-sct-419511003\"> </a>\u00a0\u00a0<a href=\"http://snomed.info/id/419511003\">419511003</a></td><td>http://snomed.info/sct</td><td>Propensity to adverse reactions to drug</td></tr><tr><td style=\"white-space:nowrap\"><a name=\"http---snomed.info-sct-419604006\"> </a>\u00a0\u00a0<a href=\"http://snomed.info/id/419604006\">419604006</a></td><td>http://snomed.info/sct</td><td>Weed pollen</td></tr><tr><td style=\"white-space:nowrap\"><a name=\"http---snomed.info-sct-419633007\"> </a>\u00a0\u00a0<a href=\"http://snomed.info/id/419633007\">419633007</a></td><td>http://snomed.info/sct</td><td>White paraffin</td></tr><tr><td style=\"white-space:nowrap\"><a name=\"http---snomed.info-sct-421556008\"> </a>\u00a0\u00a0<a href=\"http://snomed.info/id/421556008\">421556008</a></td><td>http://snomed.info/sct</td><td>Capsicum - pepper</td></tr><tr><td style=\"white-space:nowrap\"><a name=\"http---snomed.info-sct-425620007\"> </a>\u00a0\u00a0<a href=\"http://snomed.info/id/425620007\">425620007</a></td><td>http://snomed.info/sct</td><td>Metal</td></tr><tr><td style=\"white-space:nowrap\"><a name=\"http---snomed.info-sct-428601009\"> </a>\u00a0\u00a0<a href=\"http://snomed.info/id/428601009\">428601009</a></td><td>http://snomed.info/sct</td><td>Paratyphoid vaccine</td></tr><tr><td style=\"white-space:nowrap\"><a name=\"http---snomed.info-sct-430503006\"> </a>\u00a0\u00a0<a href=\"http://snomed.info/id/430503006\">430503006</a></td><td>http://snomed.info/sct</td><td>Glutamate</td></tr><tr><td style=\"white-space:nowrap\"><a name=\"http---snomed.info-sct-707239006\"> </a>\u00a0\u00a0<a href=\"http://snomed.info/id/707239006\">707239006</a></td><td>http://snomed.info/sct</td><td>Corynebacterium spp toxin</td></tr><tr><td style=\"white-space:nowrap\"><a name=\"http---snomed.info-sct-710179004\"> </a>\u00a0\u00a0<a href=\"http://snomed.info/id/710179004\">710179004</a></td><td>http://snomed.info/sct</td><td>Lupine seed</td></tr><tr><td style=\"white-space:nowrap\"><a name=\"http---snomed.info-sct-710183004\"> </a>\u00a0\u00a0<a href=\"http://snomed.info/id/710183004\">710183004</a></td><td>http://snomed.info/sct</td><td>Rabbit - meat</td></tr><tr><td style=\"white-space:nowrap\"><a name=\"http---snomed.info-sct-710943006\"> </a>\u00a0\u00a0<a href=\"http://snomed.info/id/710943006\">710943006</a></td><td>http://snomed.info/sct</td><td>Cockroach protein</td></tr><tr><td style=\"white-space:nowrap\"><a name=\"http---snomed.info-sct-726759005\"> </a>\u00a0\u00a0<a href=\"http://snomed.info/id/726759005\">726759005</a></td><td>http://snomed.info/sct</td><td>Cuttlefish</td></tr><tr><td style=\"white-space:nowrap\"><a name=\"http---snomed.info-sct-726764009\"> </a>\u00a0\u00a0<a href=\"http://snomed.info/id/726764009\">726764009</a></td><td>http://snomed.info/sct</td><td>Broad bean</td></tr><tr><td style=\"white-space:nowrap\"><a name=\"http---snomed.info-sct-734881000\"> </a>\u00a0\u00a0<a href=\"http://snomed.info/id/734881000\">734881000</a></td><td>http://snomed.info/sct</td><td>Tomato</td></tr><tr><td style=\"white-space:nowrap\"><a name=\"http---snomed.info-sct-735006003\"> </a>\u00a0\u00a0<a href=\"http://snomed.info/id/735006003\">735006003</a></td><td>http://snomed.info/sct</td><td>Squid</td></tr><tr><td style=\"white-space:nowrap\"><a name=\"http---snomed.info-sct-735029006\"> </a>\u00a0\u00a0<a href=\"http://snomed.info/id/735029006\">735029006</a></td><td>http://snomed.info/sct</td><td>Shellfish</td></tr><tr><td style=\"white-space:nowrap\"><a name=\"http---snomed.info-sct-735030001\"> </a>\u00a0\u00a0<a href=\"http://snomed.info/id/735030001\">735030001</a></td><td>http://snomed.info/sct</td><td>Garlic</td></tr><tr><td style=\"white-space:nowrap\"><a name=\"http---snomed.info-sct-735045008\"> </a>\u00a0\u00a0<a href=\"http://snomed.info/id/735045008\">735045008</a></td><td>http://snomed.info/sct</td><td>Mushroom</td></tr><tr><td style=\"white-space:nowrap\"><a name=\"http---snomed.info-sct-735046009\"> </a>\u00a0\u00a0<a href=\"http://snomed.info/id/735046009\">735046009</a></td><td>http://snomed.info/sct</td><td>Nutmeg</td></tr><tr><td style=\"white-space:nowrap\"><a name=\"http---snomed.info-sct-735047000\"> </a>\u00a0\u00a0<a href=\"http://snomed.info/id/735047000\">735047000</a></td><td>http://snomed.info/sct</td><td>Onion</td></tr><tr><td style=\"white-space:nowrap\"><a name=\"http---snomed.info-sct-735049002\"> </a>\u00a0\u00a0<a href=\"http://snomed.info/id/735049002\">735049002</a></td><td>http://snomed.info/sct</td><td>Peach</td></tr><tr><td style=\"white-space:nowrap\"><a name=\"http---snomed.info-sct-735053000\"> </a>\u00a0\u00a0<a href=\"http://snomed.info/id/735053000\">735053000</a></td><td>http://snomed.info/sct</td><td>Potato</td></tr><tr><td style=\"white-space:nowrap\"><a name=\"http---snomed.info-sct-735211005\"> </a>\u00a0\u00a0<a href=\"http://snomed.info/id/735211005\">735211005</a></td><td>http://snomed.info/sct</td><td>Coconut</td></tr><tr><td style=\"white-space:nowrap\"><a name=\"http---snomed.info-sct-735215001\"> </a>\u00a0\u00a0<a href=\"http://snomed.info/id/735215001\">735215001</a></td><td>http://snomed.info/sct</td><td>Apple</td></tr><tr><td style=\"white-space:nowrap\"><a name=\"http---snomed.info-sct-735245003\"> </a>\u00a0\u00a0<a href=\"http://snomed.info/id/735245003\">735245003</a></td><td>http://snomed.info/sct</td><td>Cod</td></tr><tr><td style=\"white-space:nowrap\"><a name=\"http---snomed.info-sct-735248001\"> </a>\u00a0\u00a0<a href=\"http://snomed.info/id/735248001\">735248001</a></td><td>http://snomed.info/sct</td><td>Cherry</td></tr><tr><td style=\"white-space:nowrap\"><a name=\"http---snomed.info-sct-735341005\"> </a>\u00a0\u00a0<a href=\"http://snomed.info/id/735341005\">735341005</a></td><td>http://snomed.info/sct</td><td>Fish oil</td></tr><tr><td style=\"white-space:nowrap\"><a name=\"http---snomed.info-sct-735971005\"> </a>\u00a0\u00a0<a href=\"http://snomed.info/id/735971005\">735971005</a></td><td>http://snomed.info/sct</td><td>Fish</td></tr><tr><td style=\"white-space:nowrap\"><a name=\"http---snomed.info-sct-735977009\"> </a>\u00a0\u00a0<a href=\"http://snomed.info/id/735977009\">735977009</a></td><td>http://snomed.info/sct</td><td>Marine crustacean</td></tr><tr><td style=\"white-space:nowrap\"><a name=\"http---snomed.info-sct-735979007\"> </a>\u00a0\u00a0<a href=\"http://snomed.info/id/735979007\">735979007</a></td><td>http://snomed.info/sct</td><td>Octopus</td></tr><tr><td style=\"white-space:nowrap\"><a name=\"http---snomed.info-sct-736031006\"> </a>\u00a0\u00a0<a href=\"http://snomed.info/id/736031006\">736031006</a></td><td>http://snomed.info/sct</td><td>Oyster</td></tr><tr><td style=\"white-space:nowrap\"><a name=\"http---snomed.info-sct-736159005\"> </a>\u00a0\u00a0<a href=\"http://snomed.info/id/736159005\">736159005</a></td><td>http://snomed.info/sct</td><td>Crab</td></tr><tr><td style=\"white-space:nowrap\"><a name=\"http---snomed.info-sct-736162008\"> </a>\u00a0\u00a0<a href=\"http://snomed.info/id/736162008\">736162008</a></td><td>http://snomed.info/sct</td><td>Lobster</td></tr><tr><td style=\"white-space:nowrap\"><a name=\"http---snomed.info-sct-736258006\"> </a>\u00a0\u00a0<a href=\"http://snomed.info/id/736258006\">736258006</a></td><td>http://snomed.info/sct</td><td>Insect salivary substance</td></tr><tr><td style=\"white-space:nowrap\"><a name=\"http---snomed.info-sct-762766007\"> </a>\u00a0\u00a0<a href=\"http://snomed.info/id/762766007\">762766007</a></td><td>http://snomed.info/sct</td><td>Edible substance</td></tr><tr><td style=\"white-space:nowrap\"><a name=\"http---snomed.info-sct-762952008\"> </a>\u00a0\u00a0<a href=\"http://snomed.info/id/762952008\">762952008</a></td><td>http://snomed.info/sct</td><td>Peanut</td></tr><tr><td style=\"white-space:nowrap\"><a name=\"http---snomed.info-sct-767406000\"> </a>\u00a0\u00a0<a href=\"http://snomed.info/id/767406000\">767406000</a></td><td>http://snomed.info/sct</td><td>Sulfite and/or sulfite derivative</td></tr><tr><td style=\"white-space:nowrap\"><a name=\"http---snomed.info-sct-772245002\"> </a>\u00a0\u00a0<a href=\"http://snomed.info/id/772245002\">772245002</a></td><td>http://snomed.info/sct</td><td>Wool alcohol</td></tr><tr><td style=\"white-space:nowrap\"><a name=\"http---snomed.info-sct-774618008\"> </a>\u00a0\u00a0<a href=\"http://snomed.info/id/774618008\">774618008</a></td><td>http://snomed.info/sct</td><td>Whole cell Bordetella pertussis and Clostridium tetani toxoid adsorbed and Corynebacterium diphtheriae toxoid antigens only vaccine product</td></tr><tr><td style=\"white-space:nowrap\"><a name=\"http---snomed.info-sct-774702006\"> </a>\u00a0\u00a0<a href=\"http://snomed.info/id/774702006\">774702006</a></td><td>http://snomed.info/sct</td><td>Bacillus Calmette-Guerin antigen only product</td></tr><tr><td style=\"white-space:nowrap\"><a name=\"http---snomed.info-sct-775641005\"> </a>\u00a0\u00a0<a href=\"http://snomed.info/id/775641005\">775641005</a></td><td>http://snomed.info/sct</td><td>Clostridium tetani toxoid adsorbed and Corynebacterium diphtheriae toxoid antigens only vaccine product</td></tr><tr><td style=\"white-space:nowrap\"><a name=\"http---snomed.info-sct-777725002\"> </a>\u00a0\u00a0<a href=\"http://snomed.info/id/777725002\">777725002</a></td><td>http://snomed.info/sct</td><td>Clostridium tetani toxoid antigen adsorbed only vaccine product</td></tr><tr><td style=\"white-space:nowrap\"><a name=\"http---snomed.info-sct-782197009\"> </a>\u00a0\u00a0<a href=\"http://snomed.info/id/782197009\">782197009</a></td><td>http://snomed.info/sct</td><td>Intolerance to substance</td></tr><tr><td style=\"white-space:nowrap\"><a name=\"http---snomed.info-sct-782594005\"> </a>\u00a0\u00a0<a href=\"http://snomed.info/id/782594005\">782594005</a></td><td>http://snomed.info/sct</td><td>Allergy to soy protein</td></tr><tr><td style=\"white-space:nowrap\"><a name=\"http---snomed.info-sct-787859002\"> </a>\u00a0\u00a0<a href=\"http://snomed.info/id/787859002\">787859002</a></td><td>http://snomed.info/sct</td><td>Vaccine product</td></tr><tr><td style=\"white-space:nowrap\"><a name=\"http---snomed.info-sct-836368004\"> </a>\u00a0\u00a0<a href=\"http://snomed.info/id/836368004\">836368004</a></td><td>http://snomed.info/sct</td><td>Bacteria antigen-containing vaccine product</td></tr><tr><td style=\"white-space:nowrap\"><a name=\"http---snomed.info-sct-836369007\"> </a>\u00a0\u00a0<a href=\"http://snomed.info/id/836369007\">836369007</a></td><td>http://snomed.info/sct</td><td>Virus antigen-containing vaccine product</td></tr><tr><td style=\"white-space:nowrap\"><a name=\"http---snomed.info-sct-836374004\"> </a>\u00a0\u00a0<a href=\"http://snomed.info/id/836374004\">836374004</a></td><td>http://snomed.info/sct</td><td>Hepatitis B virus antigen-containing vaccine product</td></tr><tr><td style=\"white-space:nowrap\"><a name=\"http---snomed.info-sct-836375003\"> </a>\u00a0\u00a0<a href=\"http://snomed.info/id/836375003\">836375003</a></td><td>http://snomed.info/sct</td><td>Hepatitis A virus antigen-containing vaccine product</td></tr><tr><td style=\"white-space:nowrap\"><a name=\"http---snomed.info-sct-836377006\"> </a>\u00a0\u00a0<a href=\"http://snomed.info/id/836377006\">836377006</a></td><td>http://snomed.info/sct</td><td>Influenza virus antigen-containing vaccine product</td></tr><tr><td style=\"white-space:nowrap\"><a name=\"http---snomed.info-sct-836378001\"> </a>\u00a0\u00a0<a href=\"http://snomed.info/id/836378001\">836378001</a></td><td>http://snomed.info/sct</td><td>Japanese encephalitis virus antigen-containing vaccine product</td></tr><tr><td style=\"white-space:nowrap\"><a name=\"http---snomed.info-sct-836379009\"> </a>\u00a0\u00a0<a href=\"http://snomed.info/id/836379009\">836379009</a></td><td>http://snomed.info/sct</td><td>Human papillomavirus antigen-containing vaccine product</td></tr><tr><td style=\"white-space:nowrap\"><a name=\"http---snomed.info-sct-836380007\"> </a>\u00a0\u00a0<a href=\"http://snomed.info/id/836380007\">836380007</a></td><td>http://snomed.info/sct</td><td>Haemophilus influenzae type b antigen-containing vaccine product</td></tr><tr><td style=\"white-space:nowrap\"><a name=\"http---snomed.info-sct-836381006\"> </a>\u00a0\u00a0<a href=\"http://snomed.info/id/836381006\">836381006</a></td><td>http://snomed.info/sct</td><td>Corynebacterium diphtheriae antigen-containing vaccine product</td></tr><tr><td style=\"white-space:nowrap\"><a name=\"http---snomed.info-sct-836382004\"> </a>\u00a0\u00a0<a href=\"http://snomed.info/id/836382004\">836382004</a></td><td>http://snomed.info/sct</td><td>Measles morbillivirus antigen-containing vaccine product</td></tr><tr><td style=\"white-space:nowrap\"><a name=\"http---snomed.info-sct-836383009\"> </a>\u00a0\u00a0<a href=\"http://snomed.info/id/836383009\">836383009</a></td><td>http://snomed.info/sct</td><td>Vibrio cholerae antigen-containing vaccine product</td></tr><tr><td style=\"white-space:nowrap\"><a name=\"http---snomed.info-sct-836384003\"> </a>\u00a0\u00a0<a href=\"http://snomed.info/id/836384003\">836384003</a></td><td>http://snomed.info/sct</td><td>Bacillus anthracis antigen-containing vaccine product</td></tr><tr><td style=\"white-space:nowrap\"><a name=\"http---snomed.info-sct-836385002\"> </a>\u00a0\u00a0<a href=\"http://snomed.info/id/836385002\">836385002</a></td><td>http://snomed.info/sct</td><td>Yellow fever virus antigen-containing vaccine product</td></tr><tr><td style=\"white-space:nowrap\"><a name=\"http---snomed.info-sct-836387005\"> </a>\u00a0\u00a0<a href=\"http://snomed.info/id/836387005\">836387005</a></td><td>http://snomed.info/sct</td><td>Rotavirus antigen-containing vaccine product</td></tr><tr><td style=\"white-space:nowrap\"><a name=\"http---snomed.info-sct-836388000\"> </a>\u00a0\u00a0<a href=\"http://snomed.info/id/836388000\">836388000</a></td><td>http://snomed.info/sct</td><td>Rubella virus antigen-containing vaccine product</td></tr><tr><td style=\"white-space:nowrap\"><a name=\"http---snomed.info-sct-836389008\"> </a>\u00a0\u00a0<a href=\"http://snomed.info/id/836389008\">836389008</a></td><td>http://snomed.info/sct</td><td>Vaccinia virus antigen-containing vaccine product</td></tr><tr><td style=\"white-space:nowrap\"><a name=\"http---snomed.info-sct-836390004\"> </a>\u00a0\u00a0<a href=\"http://snomed.info/id/836390004\">836390004</a></td><td>http://snomed.info/sct</td><td>Salmonella enterica subspecies enterica serovar Typhi antigen-containing vaccine product</td></tr><tr><td style=\"white-space:nowrap\"><a name=\"http---snomed.info-sct-836393002\"> </a>\u00a0\u00a0<a href=\"http://snomed.info/id/836393002\">836393002</a></td><td>http://snomed.info/sct</td><td>Rabies lyssavirus antigen-containing vaccine product</td></tr><tr><td style=\"white-space:nowrap\"><a name=\"http---snomed.info-sct-836397001\"> </a>\u00a0\u00a0<a href=\"http://snomed.info/id/836397001\">836397001</a></td><td>http://snomed.info/sct</td><td>Coxiella burnetii antigen-containing vaccine product</td></tr><tr><td style=\"white-space:nowrap\"><a name=\"http---snomed.info-sct-836398006\"> </a>\u00a0\u00a0<a href=\"http://snomed.info/id/836398006\">836398006</a></td><td>http://snomed.info/sct</td><td>Streptococcus pneumoniae antigen-containing vaccine product</td></tr><tr><td style=\"white-space:nowrap\"><a name=\"http---snomed.info-sct-836401009\"> </a>\u00a0\u00a0<a href=\"http://snomed.info/id/836401009\">836401009</a></td><td>http://snomed.info/sct</td><td>Neisseria meningitidis antigen-containing vaccine product</td></tr><tr><td style=\"white-space:nowrap\"><a name=\"http---snomed.info-sct-836402002\"> </a>\u00a0\u00a0<a href=\"http://snomed.info/id/836402002\">836402002</a></td><td>http://snomed.info/sct</td><td>Bacillus Calmette-Guerin antigen-containing vaccine product</td></tr><tr><td style=\"white-space:nowrap\"><a name=\"http---snomed.info-sct-836403007\"> </a>\u00a0\u00a0<a href=\"http://snomed.info/id/836403007\">836403007</a></td><td>http://snomed.info/sct</td><td>Tick-borne encephalitis virus antigen-containing vaccine product</td></tr><tr><td style=\"white-space:nowrap\"><a name=\"http---snomed.info-sct-836495005\"> </a>\u00a0\u00a0<a href=\"http://snomed.info/id/836495005\">836495005</a></td><td>http://snomed.info/sct</td><td>Human alphaherpesvirus 3 antigen-containing vaccine product</td></tr><tr><td style=\"white-space:nowrap\"><a name=\"http---snomed.info-sct-836498007\"> </a>\u00a0\u00a0<a href=\"http://snomed.info/id/836498007\">836498007</a></td><td>http://snomed.info/sct</td><td>Mumps orthorubulavirus antigen-containing vaccine product</td></tr><tr><td style=\"white-space:nowrap\"><a name=\"http---snomed.info-sct-836500008\"> </a>\u00a0\u00a0<a href=\"http://snomed.info/id/836500008\">836500008</a></td><td>http://snomed.info/sct</td><td>Haemophilus influenzae type b and Neisseria meningitidis serogroup C antigens only vaccine product</td></tr><tr><td style=\"white-space:nowrap\"><a name=\"http---snomed.info-sct-840535000\"> </a>\u00a0\u00a0<a href=\"http://snomed.info/id/840535000\">840535000</a></td><td>http://snomed.info/sct</td><td>Severe acute respiratory syndrome coronavirus 2 antibody</td></tr><tr><td style=\"white-space:nowrap\"><a name=\"http---snomed.info-sct-840536004\"> </a>\u00a0\u00a0<a href=\"http://snomed.info/id/840536004\">840536004</a></td><td>http://snomed.info/sct</td><td>Severe acute respiratory syndrome coronavirus 2 antigen</td></tr><tr><td style=\"white-space:nowrap\"><a name=\"http---snomed.info-sct-840549009\"> </a>\u00a0\u00a0<a href=\"http://snomed.info/id/840549009\">840549009</a></td><td>http://snomed.info/sct</td><td>Yersinia pestis antigen-containing vaccine product</td></tr><tr><td style=\"white-space:nowrap\"><a name=\"http---snomed.info-sct-840599008\"> </a>\u00a0\u00a0<a href=\"http://snomed.info/id/840599008\">840599008</a></td><td>http://snomed.info/sct</td><td>Borrelia burgdorferi antigen-containing vaccine product</td></tr><tr><td style=\"white-space:nowrap\"><a name=\"http---snomed.info-sct-863911006\"> </a>\u00a0\u00a0<a href=\"http://snomed.info/id/863911006\">863911006</a></td><td>http://snomed.info/sct</td><td>Clostridium tetani antigen-containing vaccine product</td></tr><tr><td style=\"white-space:nowrap\"><a name=\"http---snomed.info-sct-871737006\"> </a>\u00a0\u00a0<a href=\"http://snomed.info/id/871737006\">871737006</a></td><td>http://snomed.info/sct</td><td>Mumps orthorubulavirus antigen only vaccine product</td></tr><tr><td style=\"white-space:nowrap\"><a name=\"http---snomed.info-sct-871738001\"> </a>\u00a0\u00a0<a href=\"http://snomed.info/id/871738001\">871738001</a></td><td>http://snomed.info/sct</td><td>Live attenuated Mumps orthorubulavirus antigen only vaccine product</td></tr><tr><td style=\"white-space:nowrap\"><a name=\"http---snomed.info-sct-871740006\"> </a>\u00a0\u00a0<a href=\"http://snomed.info/id/871740006\">871740006</a></td><td>http://snomed.info/sct</td><td>Inactivated whole Human poliovirus antigen only vaccine product</td></tr><tr><td style=\"white-space:nowrap\"><a name=\"http---snomed.info-sct-871759008\"> </a>\u00a0\u00a0<a href=\"http://snomed.info/id/871759008\">871759008</a></td><td>http://snomed.info/sct</td><td>Acellular Bordetella pertussis only vaccine product</td></tr><tr><td style=\"white-space:nowrap\"><a name=\"http---snomed.info-sct-871765008\"> </a>\u00a0\u00a0<a href=\"http://snomed.info/id/871765008\">871765008</a></td><td>http://snomed.info/sct</td><td>Measles morbillivirus antigen only vaccine product</td></tr><tr><td style=\"white-space:nowrap\"><a name=\"http---snomed.info-sct-871768005\"> </a>\u00a0\u00a0<a href=\"http://snomed.info/id/871768005\">871768005</a></td><td>http://snomed.info/sct</td><td>Influenza virus antigen only vaccine product in nasal dose form</td></tr><tr><td style=\"white-space:nowrap\"><a name=\"http---snomed.info-sct-871772009\"> </a>\u00a0\u00a0<a href=\"http://snomed.info/id/871772009\">871772009</a></td><td>http://snomed.info/sct</td><td>Influenza A virus subtype H1N1 antigen only vaccine product</td></tr><tr><td style=\"white-space:nowrap\"><a name=\"http---snomed.info-sct-871803007\"> </a>\u00a0\u00a0<a href=\"http://snomed.info/id/871803007\">871803007</a></td><td>http://snomed.info/sct</td><td>Hepatitis A and Hepatitis B virus antigens only vaccine product</td></tr><tr><td style=\"white-space:nowrap\"><a name=\"http---snomed.info-sct-871804001\"> </a>\u00a0\u00a0<a href=\"http://snomed.info/id/871804001\">871804001</a></td><td>http://snomed.info/sct</td><td>Hepatitis A virus and Salmonella enterica subspecies enterica serovar Typhi antigens only vaccine product</td></tr><tr><td style=\"white-space:nowrap\"><a name=\"http---snomed.info-sct-871806004\"> </a>\u00a0\u00a0<a href=\"http://snomed.info/id/871806004\">871806004</a></td><td>http://snomed.info/sct</td><td>Haemophilus influenzae type b and Hepatitis B virus antigens only vaccine product</td></tr><tr><td style=\"white-space:nowrap\"><a name=\"http---snomed.info-sct-871826000\"> </a>\u00a0\u00a0<a href=\"http://snomed.info/id/871826000\">871826000</a></td><td>http://snomed.info/sct</td><td>Clostridium tetani and Corynebacterium diphtheriae antigens only vaccine product</td></tr><tr><td style=\"white-space:nowrap\"><a name=\"http---snomed.info-sct-871831003\"> </a>\u00a0\u00a0<a href=\"http://snomed.info/id/871831003\">871831003</a></td><td>http://snomed.info/sct</td><td>Measles morbillivirus and Mumps orthorubulavirus and Rubella virus antigens only vaccine product</td></tr><tr><td style=\"white-space:nowrap\"><a name=\"http---snomed.info-sct-871837004\"> </a>\u00a0\u00a0<a href=\"http://snomed.info/id/871837004\">871837004</a></td><td>http://snomed.info/sct</td><td>Clostridium tetani and Corynebacterium diphtheriae and Human poliovirus antigens only vaccine product</td></tr><tr><td style=\"white-space:nowrap\"><a name=\"http---snomed.info-sct-871839001\"> </a>\u00a0\u00a0<a href=\"http://snomed.info/id/871839001\">871839001</a></td><td>http://snomed.info/sct</td><td>Bordetella pertussis and Clostridium tetani and Corynebacterium diphtheriae and Haemophilus influenzae type b antigens only vaccine product</td></tr><tr><td style=\"white-space:nowrap\"><a name=\"http---snomed.info-sct-871866001\"> </a>\u00a0\u00a0<a href=\"http://snomed.info/id/871866001\">871866001</a></td><td>http://snomed.info/sct</td><td>Neisseria meningitidis serogroup C only vaccine product</td></tr><tr><td style=\"white-space:nowrap\"><a name=\"http---snomed.info-sct-871871008\"> </a>\u00a0\u00a0<a href=\"http://snomed.info/id/871871008\">871871008</a></td><td>http://snomed.info/sct</td><td>Neisseria meningitidis serogroup A and C only vaccine product</td></tr><tr><td style=\"white-space:nowrap\"><a name=\"http---snomed.info-sct-871873006\"> </a>\u00a0\u00a0<a href=\"http://snomed.info/id/871873006\">871873006</a></td><td>http://snomed.info/sct</td><td>Neisseria meningitidis serogroup A, C, W135 and Y only vaccine product</td></tr><tr><td style=\"white-space:nowrap\"><a name=\"http---snomed.info-sct-871875004\"> </a>\u00a0\u00a0<a href=\"http://snomed.info/id/871875004\">871875004</a></td><td>http://snomed.info/sct</td><td>Bordetella pertussis and Clostridium tetani and Corynebacterium diphtheriae antigens only vaccine product</td></tr><tr><td style=\"white-space:nowrap\"><a name=\"http---snomed.info-sct-871876003\"> </a>\u00a0\u00a0<a href=\"http://snomed.info/id/871876003\">871876003</a></td><td>http://snomed.info/sct</td><td>Acellular Bordetella pertussis and Clostridium tetani and Corynebacterium diphtheriae antigens only vaccine product</td></tr><tr><td style=\"white-space:nowrap\"><a name=\"http---snomed.info-sct-871878002\"> </a>\u00a0\u00a0<a href=\"http://snomed.info/id/871878002\">871878002</a></td><td>http://snomed.info/sct</td><td>Bordetella pertussis and Clostridium tetani and Corynebacterium diphtheriae and Human poliovirus antigens only vaccine product</td></tr><tr><td style=\"white-space:nowrap\"><a name=\"http---snomed.info-sct-871887006\"> </a>\u00a0\u00a0<a href=\"http://snomed.info/id/871887006\">871887006</a></td><td>http://snomed.info/sct</td><td>Bordetella pertussis and Clostridium tetani and Corynebacterium diphtheriae and Haemophilus influenzae type b and Human poliovirus antigens only vaccine product</td></tr><tr><td style=\"white-space:nowrap\"><a name=\"http---snomed.info-sct-871889009\"> </a>\u00a0\u00a0<a href=\"http://snomed.info/id/871889009\">871889009</a></td><td>http://snomed.info/sct</td><td>Acellular Bordetella pertussis and Corynebacterium diphtheriae and Hepatitis B virus and inactivated whole Human poliovirus antigens only vaccine product</td></tr><tr><td style=\"white-space:nowrap\"><a name=\"http---snomed.info-sct-871895005\"> </a>\u00a0\u00a0<a href=\"http://snomed.info/id/871895005\">871895005</a></td><td>http://snomed.info/sct</td><td>Bordetella pertussis and Clostridium tetani and Corynebacterium diphtheriae and Haemophilus influenzae type b and Hepatitis B virus and Human poliovirus antigens only vaccine product</td></tr><tr><td style=\"white-space:nowrap\"><a name=\"http---snomed.info-sct-871908002\"> </a>\u00a0\u00a0<a href=\"http://snomed.info/id/871908002\">871908002</a></td><td>http://snomed.info/sct</td><td>Human alphaherpesvirus 3 and Measles morbillivirus and Mumps orthorubulavirus and Rubella virus antigens only vaccine product</td></tr><tr><td style=\"white-space:nowrap\"><a name=\"http---snomed.info-sct-871918007\"> </a>\u00a0\u00a0<a href=\"http://snomed.info/id/871918007\">871918007</a></td><td>http://snomed.info/sct</td><td>Rickettsia antigen-containing vaccine product</td></tr><tr><td style=\"white-space:nowrap\"><a name=\"http---snomed.info-sct-871921009\"> </a>\u00a0\u00a0<a href=\"http://snomed.info/id/871921009\">871921009</a></td><td>http://snomed.info/sct</td><td>Staphylococcus toxoid vaccine</td></tr><tr><td style=\"white-space:nowrap\"><a name=\"http---snomed.info-sct-1003736004\"> </a>\u00a0\u00a0<a href=\"http://snomed.info/id/1003736004\">1003736004</a></td><td>http://snomed.info/sct</td><td>Mammalian milk based food</td></tr><tr><td style=\"white-space:nowrap\"><a name=\"http---snomed.info-sct-1052328007\"> </a>\u00a0\u00a0<a href=\"http://snomed.info/id/1052328007\">1052328007</a></td><td>http://snomed.info/sct</td><td>Streptococcus pneumoniae Danish serotype 4, 6B, 9V, 14, 18C, 19F, and 23F capsular polysaccharide antigens conjugated only vaccine product</td></tr><tr><td style=\"white-space:nowrap\"><a name=\"http---snomed.info-sct-1119254000\"> </a>\u00a0\u00a0<a href=\"http://snomed.info/id/1119254000\">1119254000</a></td><td>http://snomed.info/sct</td><td>Streptococcus pneumoniae Danish serotype 1, 3, 4, 5, 6A, 6B, 7F, 9V, 14, 18C, 19A, 19F, and 23F capsular polysaccharide antigens only vaccine product</td></tr><tr><td style=\"white-space:nowrap\"><a name=\"http---snomed.info-sct-1137358000\"> </a>\u00a0\u00a0<a href=\"http://snomed.info/id/1137358000\">1137358000</a></td><td>http://snomed.info/sct</td><td>Piper - pepper</td></tr><tr><td style=\"white-space:nowrap\"><a name=\"http---snomed.info-sct-601000221108\"> </a>\u00a0\u00a0<a href=\"http://snomed.info/id/601000221108\">601000221108</a></td><td>http://snomed.info/sct</td><td>Bordetella pertussis antigen-containing vaccine product</td></tr><tr><td style=\"white-space:nowrap\"><a name=\"http---snomed.info-sct-971000221109\"> </a>\u00a0\u00a0<a href=\"http://snomed.info/id/971000221109\">971000221109</a></td><td>http://snomed.info/sct</td><td>Live attenuated Salmonella enterica subspecies enterica serovar Typhi antigen only vaccine product in oral dose form</td></tr><tr><td style=\"white-space:nowrap\"><a name=\"http---snomed.info-sct-1001000221103\"> </a>\u00a0\u00a0<a href=\"http://snomed.info/id/1001000221103\">1001000221103</a></td><td>http://snomed.info/sct</td><td>Inactivated whole Vibrio cholerae antigen only vaccine product in oral dose form</td></tr><tr><td style=\"white-space:nowrap\"><a name=\"http---snomed.info-sct-1011000221100\"> </a>\u00a0\u00a0<a href=\"http://snomed.info/id/1011000221100\">1011000221100</a></td><td>http://snomed.info/sct</td><td>Live attenuated Vibrio cholerae antigen only vaccine product in oral dose form</td></tr><tr><td style=\"white-space:nowrap\"><a name=\"http---snomed.info-sct-1031000221108\"> </a>\u00a0\u00a0<a href=\"http://snomed.info/id/1031000221108\">1031000221108</a></td><td>http://snomed.info/sct</td><td>Human poliovirus antigen-containing vaccine product</td></tr><tr><td style=\"white-space:nowrap\"><a name=\"http---snomed.info-sct-1051000221104\"> </a>\u00a0\u00a0<a href=\"http://snomed.info/id/1051000221104\">1051000221104</a></td><td>http://snomed.info/sct</td><td>Live attenuated Human poliovirus serotypes 1 and 3 antigens only vaccine product in oral dose form</td></tr><tr><td style=\"white-space:nowrap\"><a name=\"http---snomed.info-sct-1081000221109\"> </a>\u00a0\u00a0<a href=\"http://snomed.info/id/1081000221109\">1081000221109</a></td><td>http://snomed.info/sct</td><td>Live attenuated Rotavirus antigen only vaccine product</td></tr><tr><td style=\"white-space:nowrap\"><a name=\"http---snomed.info-sct-1101000221104\"> </a>\u00a0\u00a0<a href=\"http://snomed.info/id/1101000221104\">1101000221104</a></td><td>http://snomed.info/sct</td><td>Clostridium tetani toxoid antigen-containing vaccine product</td></tr><tr><td style=\"white-space:nowrap\"><a name=\"http---snomed.info-sct-1121000221106\"> </a>\u00a0\u00a0<a href=\"http://snomed.info/id/1121000221106\">1121000221106</a></td><td>http://snomed.info/sct</td><td>Live attenuated Yellow fever virus antigen only vaccine product</td></tr><tr><td style=\"white-space:nowrap\"><a name=\"http---snomed.info-sct-1131000221109\"> </a>\u00a0\u00a0<a href=\"http://snomed.info/id/1131000221109\">1131000221109</a></td><td>http://snomed.info/sct</td><td>Vaccine product containing only inactivated whole Rabies lyssavirus antigen</td></tr><tr><td style=\"white-space:nowrap\"><a name=\"http---snomed.info-sct-1181000221105\"> </a>\u00a0\u00a0<a href=\"http://snomed.info/id/1181000221105\">1181000221105</a></td><td>http://snomed.info/sct</td><td>Influenza virus antigen only vaccine product</td></tr><tr><td style=\"white-space:nowrap\"><a name=\"http---snomed.info-sct-1801000221105\"> </a>\u00a0\u00a0<a href=\"http://snomed.info/id/1801000221105\">1801000221105</a></td><td>http://snomed.info/sct</td><td>Streptococcus pneumoniae capsular polysaccharide antigen conjugated only vaccine product</td></tr><tr><td style=\"white-space:nowrap\"><a name=\"http---snomed.info-sct-1981000221108\"> </a>\u00a0\u00a0<a href=\"http://snomed.info/id/1981000221108\">1981000221108</a></td><td>http://snomed.info/sct</td><td>Neisseria meningitidis serogroup B antigen only vaccine product</td></tr><tr><td style=\"white-space:nowrap\"><a name=\"http---snomed.info-sct-2171000221104\"> </a>\u00a0\u00a0<a href=\"http://snomed.info/id/2171000221104\">2171000221104</a></td><td>http://snomed.info/sct</td><td>Salmonella enterica subspecies enterica serovar Typhi capsular polysaccharide unconjugated antigen only vaccine product in parenteral dose form</td></tr><tr><td style=\"white-space:nowrap\"><a name=\"http---snomed.info-sct-2221000221107\"> </a>\u00a0\u00a0<a href=\"http://snomed.info/id/2221000221107\">2221000221107</a></td><td>http://snomed.info/sct</td><td>Live attenuated Human alphaherpesvirus 3 only vaccine product</td></tr><tr><td style=\"white-space:nowrap\"><a name=\"http---snomed.info-sct-442461000124102\"> </a>\u00a0\u00a0<a href=\"http://snomed.info/id/442461000124102\">442461000124102</a></td><td>http://snomed.info/sct</td><td>Hickory nut</td></tr></table></div>"},"url":"http://openhie.org/fhir/sri-lanka/ValueSet/vs-allergy-intolerance-snomed-ct-free-set","version":"0.1.0","name":"VSAllergyIntoleranceSNOMEDCTFreeSet","title":"Allergy Intolerance - SNOMED CT Free Set","status":"active","experimental":false,"date":"2023-10-16T15:06:43+00:00","publisher":"Jembi Health Systems","contact":[{"name":"Jembi Health Systems","telecom":[{"system":"url","value":"https://www.jembi.org"},{"system":"email","value":"info@jembi.org"}]},{"name":"Richard Langford","telecom":[{"system":"email","value":"richard.langford@jembi.org","use":"work"}]}],"description":"This value set includes the codes for allergy or intolerance findings from the SNOMED International Patient Set (IPS) subset of SNOMED CT (IPS Free Set) that are included in: all descendants of 373873005 &#124;Pharmaceutical / biologic product (product)&#124;&#59; all descendants of 105590001 &#124;Substance (substance)&#124;&#59; all descendants of 418038007 &#124;Propensity to adverse reactions to substance (finding)&#124;.","jurisdiction":[{"coding":[{"system":"http://unstats.un.org/unsd/methods/m49/m49.htm","code":"001","display":"World"}]}],"copyright":"The SNOMED International IPS Terminology is distributed by International Health Terminology Standards Development Organisation, trading as SNOMED International, and is subject the terms of the [Creative Commons Attribution 4.0 International Public License](https://creativecommons.org/licenses/by/4.0/). For more information, see [SNOMED IPS Terminology](https://www.snomed.org/snomed-ct/Other-SNOMED-products/international-patient-summary-terminology)","compose":{"include":[{"system":"http://snomed.info/sct","version":"http://snomed.info/sct/900000000000207008","filter":[{"property":"constraint","op":"=","value":"(< 373873005 |Pharmaceutical / biologic product (product)| OR < 105590001 |Substance (substance)| OR < 418038007 |Propensity to adverse reactions to substance (finding)|) AND ^ 816080008 |International Patient Summary (foundation metadata concept)|"}]}]},"expansion":{"timestamp":"2022-08-22T04:07:54+00:00","total":292,"offset":0,"parameter":[{"name":"version","valueUri":"http://snomed.info/sct|http://snomed.info/sct/900000000000207008/version/20220731"}],"contains":[{"system":"http://snomed.info/sct","code":"1985008","display":"Vomitus"},{"system":"http://snomed.info/sct","code":"2309006","display":"Gold"},{"system":"http://snomed.info/sct","code":"2799001","display":"Methylbenzethonium chloride"},{"system":"http://snomed.info/sct","code":"3829006","display":"Iron"},{"system":"http://snomed.info/sct","code":"7791007","display":"Soybean protein"},{"system":"http://snomed.info/sct","code":"9021002","display":"Carbaryl"},{"system":"http://snomed.info/sct","code":"11526002","display":"Aspartame"},{"system":"http://snomed.info/sct","code":"11894001","display":"Clostridium botulinum toxin"},{"system":"http://snomed.info/sct","code":"12503006","display":"Aluminum"},{"system":"http://snomed.info/sct","code":"12510000","display":"Eucalyptus oil"},{"system":"http://snomed.info/sct","code":"13577000","display":"Nut"},{"system":"http://snomed.info/sct","code":"13652007","display":"Silicone"},{"system":"http://snomed.info/sct","code":"14402002","display":"Wood"},{"system":"http://snomed.info/sct","code":"23182003","display":"Cereal"},{"system":"http://snomed.info/sct","code":"26159005","display":"Clostridium tetani toxin"},{"system":"http://snomed.info/sct","code":"28230009","display":"Poultry"},{"system":"http://snomed.info/sct","code":"28647000","display":"Meat"},{"system":"http://snomed.info/sct","code":"33008008","display":"Dust"},{"system":"http://snomed.info/sct","code":"33396006","display":"Nickel"},{"system":"http://snomed.info/sct","code":"37146000","display":"Typhus vaccine"},{"system":"http://snomed.info/sct","code":"41967008","display":"Silver"},{"system":"http://snomed.info/sct","code":"42416001","display":"Lanolin"},{"system":"http://snomed.info/sct","code":"43230003","display":"Rubber"},{"system":"http://snomed.info/sct","code":"43735007","display":"Sulfur"},{"system":"http://snomed.info/sct","code":"44027008","display":"Seafood"},{"system":"http://snomed.info/sct","code":"47703008","display":"Lactose"},{"system":"http://snomed.info/sct","code":"51420009","display":"Silicon"},{"system":"http://snomed.info/sct","code":"51905005","display":"Mustard"},{"system":"http://snomed.info/sct","code":"52454007","display":"Albumin"},{"system":"http://snomed.info/sct","code":"57126000","display":"Glue"},{"system":"http://snomed.info/sct","code":"57720001","display":"Anise oil"},{"system":"http://snomed.info/sct","code":"59037007","display":"Intolerance to drug"},{"system":"http://snomed.info/sct","code":"59351004","display":"Citrate"},{"system":"http://snomed.info/sct","code":"59533004","display":"Food additive"},{"system":"http://snomed.info/sct","code":"59545008","display":"Pesticide"},{"system":"http://snomed.info/sct","code":"61789006","display":"Dye"},{"system":"http://snomed.info/sct","code":"63338004","display":"Drug flavoring"},{"system":"http://snomed.info/sct","code":"63766005","display":"Flour"},{"system":"http://snomed.info/sct","code":"66925006","display":"Copper"},{"system":"http://snomed.info/sct","code":"67324005","display":"Rice"},{"system":"http://snomed.info/sct","code":"72511004","display":"Fruit"},{"system":"http://snomed.info/sct","code":"80237000","display":"Cocoa butter"},{"system":"http://snomed.info/sct","code":"83619009","display":"Polyvinyl alcohol"},{"system":"http://snomed.info/sct","code":"89811004","display":"Gluten"},{"system":"http://snomed.info/sct","code":"89889006","display":"Cotton fiber"},{"system":"http://snomed.info/sct","code":"91598004","display":"Benzoyl peroxide"},{"system":"http://snomed.info/sct","code":"91935009","display":"Allergy to peanut"},{"system":"http://snomed.info/sct","code":"91936005","display":"Allergy to penicillin"},{"system":"http://snomed.info/sct","code":"102259006","display":"Citrus fruit"},{"system":"http://snomed.info/sct","code":"102261002","display":"Strawberry"},{"system":"http://snomed.info/sct","code":"102262009","display":"Chocolate"},{"system":"http://snomed.info/sct","code":"102263004","display":"Eggs (edible)"},{"system":"http://snomed.info/sct","code":"102264005","display":"Cheese"},{"system":"http://snomed.info/sct","code":"111088007","display":"Latex"},{"system":"http://snomed.info/sct","code":"115589000","display":"Ethanolamine"},{"system":"http://snomed.info/sct","code":"116549003","display":"Organochlorine pesticide"},{"system":"http://snomed.info/sct","code":"116560007","display":"Clostridium perfringens epsilon toxin"},{"system":"http://snomed.info/sct","code":"116637007","display":"Fungus Antigen"},{"system":"http://snomed.info/sct","code":"119417004","display":"Organophosphate insecticide"},{"system":"http://snomed.info/sct","code":"128488006","display":"House dust"},{"system":"http://snomed.info/sct","code":"128489003","display":"Sand"},{"system":"http://snomed.info/sct","code":"226491003","display":"Apple juice"},{"system":"http://snomed.info/sct","code":"226915003","display":"Red meat"},{"system":"http://snomed.info/sct","code":"226934003","display":"Pork"},{"system":"http://snomed.info/sct","code":"227144008","display":"Tuna fish"},{"system":"http://snomed.info/sct","code":"227150003","display":"Mussel"},{"system":"http://snomed.info/sct","code":"227313005","display":"Pulse vegetable"},{"system":"http://snomed.info/sct","code":"227374009","display":"Herbs and spices"},{"system":"http://snomed.info/sct","code":"227388008","display":"Cinnamon"},{"system":"http://snomed.info/sct","code":"227389000","display":"Clove"},{"system":"http://snomed.info/sct","code":"227395004","display":"Curry powder"},{"system":"http://snomed.info/sct","code":"227400003","display":"Ginger"},{"system":"http://snomed.info/sct","code":"227408005","display":"Paprika"},{"system":"http://snomed.info/sct","code":"227425007","display":"Figs"},{"system":"http://snomed.info/sct","code":"227444000","display":"Raspberries"},{"system":"http://snomed.info/sct","code":"227493005","display":"Cashew nut"},{"system":"http://snomed.info/sct","code":"227511008","display":"Pine nut"},{"system":"http://snomed.info/sct","code":"227512001","display":"Pistachio nut"},{"system":"http://snomed.info/sct","code":"227538001","display":"Pickle"},{"system":"http://snomed.info/sct","code":"230034002","display":"Nuts and seeds"},{"system":"http://snomed.info/sct","code":"232350006","display":"Allergy to dust mite protein"},{"system":"http://snomed.info/sct","code":"235719002","display":"Intolerance to food"},{"system":"http://snomed.info/sct","code":"255620007","display":"Food"},{"system":"http://snomed.info/sct","code":"255640000","display":"Biocide"},{"system":"http://snomed.info/sct","code":"255667006","display":"Paraffin"},{"system":"http://snomed.info/sct","code":"256259004","display":"Pollen"},{"system":"http://snomed.info/sct","code":"256260009","display":"Tree and shrub pollen"},{"system":"http://snomed.info/sct","code":"256277009","display":"Grass pollen"},{"system":"http://snomed.info/sct","code":"256292005","display":"Flower and weed pollen"},{"system":"http://snomed.info/sct","code":"256303006","display":"Ragweed pollen"},{"system":"http://snomed.info/sct","code":"256305004","display":"Tree resin"},{"system":"http://snomed.info/sct","code":"256306003","display":"Orange - fruit"},{"system":"http://snomed.info/sct","code":"256307007","display":"Banana"},{"system":"http://snomed.info/sct","code":"256313003","display":"Pineapple"},{"system":"http://snomed.info/sct","code":"256319004","display":"Carrot"},{"system":"http://snomed.info/sct","code":"256326004","display":"Celery"},{"system":"http://snomed.info/sct","code":"256350002","display":"Almond"},{"system":"http://snomed.info/sct","code":"256352005","display":"Walnut - nut"},{"system":"http://snomed.info/sct","code":"256353000","display":"Hazelnut"},{"system":"http://snomed.info/sct","code":"256355007","display":"Soyabean"},{"system":"http://snomed.info/sct","code":"256417003","display":"Horse dander"},{"system":"http://snomed.info/sct","code":"256419000","display":"Mouse epithelium"},{"system":"http://snomed.info/sct","code":"256435007","display":"Feather"},{"system":"http://snomed.info/sct","code":"256440004","display":"Wasp venom"},{"system":"http://snomed.info/sct","code":"256443002","display":"Egg white"},{"system":"http://snomed.info/sct","code":"256504004","display":"Polycarbonate dental material"},{"system":"http://snomed.info/sct","code":"260108001","display":"Wormwood pollen"},{"system":"http://snomed.info/sct","code":"260118006","display":"Wall pellitory pollen"},{"system":"http://snomed.info/sct","code":"260126003","display":"Olive pollen"},{"system":"http://snomed.info/sct","code":"260152009","display":"Cat dander"},{"system":"http://snomed.info/sct","code":"260153004","display":"Cow dander"},{"system":"http://snomed.info/sct","code":"260154005","display":"Dog dander"},{"system":"http://snomed.info/sct","code":"260156007","display":"Mouse urine proteins"},{"system":"http://snomed.info/sct","code":"260167008","display":"Sesame seed"},{"system":"http://snomed.info/sct","code":"260176001","display":"Kiwi fruit"},{"system":"http://snomed.info/sct","code":"260177005","display":"Melon"},{"system":"http://snomed.info/sct","code":"260179008","display":"Mango fruit"},{"system":"http://snomed.info/sct","code":"261243003","display":"Brass"},{"system":"http://snomed.info/sct","code":"264287008","display":"Animal dander"},{"system":"http://snomed.info/sct","code":"264295007","display":"Cow's milk protein"},{"system":"http://snomed.info/sct","code":"264331002","display":"Grain"},{"system":"http://snomed.info/sct","code":"264337003","display":"Seed"},{"system":"http://snomed.info/sct","code":"276310004","display":"Animal hair"},{"system":"http://snomed.info/sct","code":"278840001","display":"Shrimp"},{"system":"http://snomed.info/sct","code":"280939008","display":"Insect venom"},{"system":"http://snomed.info/sct","code":"288328004","display":"Bee venom"},{"system":"http://snomed.info/sct","code":"289122001","display":"Cosmetic material"},{"system":"http://snomed.info/sct","code":"289949002","display":"Cypress pollen"},{"system":"http://snomed.info/sct","code":"303300008","display":"Egg protein"},{"system":"http://snomed.info/sct","code":"303314008","display":"Scorpion venom"},{"system":"http://snomed.info/sct","code":"303315009","display":"Spider venom"},{"system":"http://snomed.info/sct","code":"311846002","display":"Pyrethroid insecticide"},{"system":"http://snomed.info/sct","code":"320835005","display":"Pollen allergy preparations"},{"system":"http://snomed.info/sct","code":"346313005","display":"Allergen extract vaccine"},{"system":"http://snomed.info/sct","code":"346364006","display":"Cat allergy vaccine"},{"system":"http://snomed.info/sct","code":"346405008","display":"Dog allergy vaccine"},{"system":"http://snomed.info/sct","code":"346467003","display":"Horse allergy vaccine"},{"system":"http://snomed.info/sct","code":"346468008","display":"House dust allergy vaccine"},{"system":"http://snomed.info/sct","code":"346469000","display":"House mite allergy vaccine"},{"system":"http://snomed.info/sct","code":"386936005","display":"Azelaic acid"},{"system":"http://snomed.info/sct","code":"387293003","display":"Anthralin"},{"system":"http://snomed.info/sct","code":"387398009","display":"Podophyllum resin"},{"system":"http://snomed.info/sct","code":"391737006","display":"Almond oil"},{"system":"http://snomed.info/sct","code":"396031000","display":"Dimethicone"},{"system":"http://snomed.info/sct","code":"406774009","display":"Fish derived omega 3 fatty acid"},{"system":"http://snomed.info/sct","code":"409568008","display":"Pentavalent botulinum toxoid vaccine"},{"system":"http://snomed.info/sct","code":"410853002","display":"Perfluorochemical"},{"system":"http://snomed.info/sct","code":"412061001","display":"Blueberries"},{"system":"http://snomed.info/sct","code":"412068007","display":"Rye"},{"system":"http://snomed.info/sct","code":"412070003","display":"Vanilla"},{"system":"http://snomed.info/sct","code":"412071004","display":"Wheat"},{"system":"http://snomed.info/sct","code":"412145001","display":"Hair dye"},{"system":"http://snomed.info/sct","code":"412150007","display":"Insect debris"},{"system":"http://snomed.info/sct","code":"412153009","display":"Rabbit dander"},{"system":"http://snomed.info/sct","code":"412156001","display":"Silk"},{"system":"http://snomed.info/sct","code":"412161004","display":"Wool"},{"system":"http://snomed.info/sct","code":"412357001","display":"Corn"},{"system":"http://snomed.info/sct","code":"414285001","display":"Allergy to food"},{"system":"http://snomed.info/sct","code":"415710007","display":"Terpene"},{"system":"http://snomed.info/sct","code":"416098002","display":"Allergy to drug"},{"system":"http://snomed.info/sct","code":"418266005","display":"Yellow paraffin"},{"system":"http://snomed.info/sct","code":"418268006","display":"Bacillus Calmette-Guerin antigen-containing product"},{"system":"http://snomed.info/sct","code":"418471000","display":"Propensity to adverse reactions to food"},{"system":"http://snomed.info/sct","code":"418490008","display":"Tetanolysin"},{"system":"http://snomed.info/sct","code":"418504009","display":"Oat"},{"system":"http://snomed.info/sct","code":"418785009","display":"Perfume"},{"system":"http://snomed.info/sct","code":"418794003","display":"Tetanospasmin"},{"system":"http://snomed.info/sct","code":"418920007","display":"Adhesive agent"},{"system":"http://snomed.info/sct","code":"419199007","display":"Allergy to substance"},{"system":"http://snomed.info/sct","code":"419420009","display":"Watermelon"},{"system":"http://snomed.info/sct","code":"419511003","display":"Propensity to adverse reactions to drug"},{"system":"http://snomed.info/sct","code":"419604006","display":"Weed pollen"},{"system":"http://snomed.info/sct","code":"419633007","display":"White paraffin"},{"system":"http://snomed.info/sct","code":"421556008","display":"Capsicum - pepper"},{"system":"http://snomed.info/sct","code":"425620007","display":"Metal"},{"system":"http://snomed.info/sct","code":"428601009","display":"Paratyphoid vaccine"},{"system":"http://snomed.info/sct","code":"430503006","display":"Glutamate"},{"system":"http://snomed.info/sct","code":"707239006","display":"Corynebacterium spp toxin"},{"system":"http://snomed.info/sct","code":"710179004","display":"Lupine seed"},{"system":"http://snomed.info/sct","code":"710183004","display":"Rabbit - meat"},{"system":"http://snomed.info/sct","code":"710943006","display":"Cockroach protein"},{"system":"http://snomed.info/sct","code":"726759005","display":"Cuttlefish"},{"system":"http://snomed.info/sct","code":"726764009","display":"Broad bean"},{"system":"http://snomed.info/sct","code":"734881000","display":"Tomato"},{"system":"http://snomed.info/sct","code":"735006003","display":"Squid"},{"system":"http://snomed.info/sct","code":"735029006","display":"Shellfish"},{"system":"http://snomed.info/sct","code":"735030001","display":"Garlic"},{"system":"http://snomed.info/sct","code":"735045008","display":"Mushroom"},{"system":"http://snomed.info/sct","code":"735046009","display":"Nutmeg"},{"system":"http://snomed.info/sct","code":"735047000","display":"Onion"},{"system":"http://snomed.info/sct","code":"735049002","display":"Peach"},{"system":"http://snomed.info/sct","code":"735053000","display":"Potato"},{"system":"http://snomed.info/sct","code":"735211005","display":"Coconut"},{"system":"http://snomed.info/sct","code":"735215001","display":"Apple"},{"system":"http://snomed.info/sct","code":"735245003","display":"Cod"},{"system":"http://snomed.info/sct","code":"735248001","display":"Cherry"},{"system":"http://snomed.info/sct","code":"735341005","display":"Fish oil"},{"system":"http://snomed.info/sct","code":"735971005","display":"Fish"},{"system":"http://snomed.info/sct","code":"735977009","display":"Marine crustacean"},{"system":"http://snomed.info/sct","code":"735979007","display":"Octopus"},{"system":"http://snomed.info/sct","code":"736031006","display":"Oyster"},{"system":"http://snomed.info/sct","code":"736159005","display":"Crab"},{"system":"http://snomed.info/sct","code":"736162008","display":"Lobster"},{"system":"http://snomed.info/sct","code":"736258006","display":"Insect salivary substance"},{"system":"http://snomed.info/sct","code":"762766007","display":"Edible substance"},{"system":"http://snomed.info/sct","code":"762952008","display":"Peanut"},{"system":"http://snomed.info/sct","code":"767406000","display":"Sulfite and/or sulfite derivative"},{"system":"http://snomed.info/sct","code":"772245002","display":"Wool alcohol"},{"system":"http://snomed.info/sct","code":"774618008","display":"Whole cell Bordetella pertussis and Clostridium tetani toxoid adsorbed and Corynebacterium diphtheriae toxoid antigens only vaccine product"},{"system":"http://snomed.info/sct","code":"774702006","display":"Bacillus Calmette-Guerin antigen only product"},{"system":"http://snomed.info/sct","code":"775641005","display":"Clostridium tetani toxoid adsorbed and Corynebacterium diphtheriae toxoid antigens only vaccine product"},{"system":"http://snomed.info/sct","code":"777725002","display":"Clostridium tetani toxoid antigen adsorbed only vaccine product"},{"system":"http://snomed.info/sct","code":"782197009","display":"Intolerance to substance"},{"system":"http://snomed.info/sct","code":"782594005","display":"Allergy to soy protein"},{"system":"http://snomed.info/sct","code":"787859002","display":"Vaccine product"},{"system":"http://snomed.info/sct","code":"836368004","display":"Bacteria antigen-containing vaccine product"},{"system":"http://snomed.info/sct","code":"836369007","display":"Virus antigen-containing vaccine product"},{"system":"http://snomed.info/sct","code":"836374004","display":"Hepatitis B virus antigen-containing vaccine product"},{"system":"http://snomed.info/sct","code":"836375003","display":"Hepatitis A virus antigen-containing vaccine product"},{"system":"http://snomed.info/sct","code":"836377006","display":"Influenza virus antigen-containing vaccine product"},{"system":"http://snomed.info/sct","code":"836378001","display":"Japanese encephalitis virus antigen-containing vaccine product"},{"system":"http://snomed.info/sct","code":"836379009","display":"Human papillomavirus antigen-containing vaccine product"},{"system":"http://snomed.info/sct","code":"836380007","display":"Haemophilus influenzae type b antigen-containing vaccine product"},{"system":"http://snomed.info/sct","code":"836381006","display":"Corynebacterium diphtheriae antigen-containing vaccine product"},{"system":"http://snomed.info/sct","code":"836382004","display":"Measles morbillivirus antigen-containing vaccine product"},{"system":"http://snomed.info/sct","code":"836383009","display":"Vibrio cholerae antigen-containing vaccine product"},{"system":"http://snomed.info/sct","code":"836384003","display":"Bacillus anthracis antigen-containing vaccine product"},{"system":"http://snomed.info/sct","code":"836385002","display":"Yellow fever virus antigen-containing vaccine product"},{"system":"http://snomed.info/sct","code":"836387005","display":"Rotavirus antigen-containing vaccine product"},{"system":"http://snomed.info/sct","code":"836388000","display":"Rubella virus antigen-containing vaccine product"},{"system":"http://snomed.info/sct","code":"836389008","display":"Vaccinia virus antigen-containing vaccine product"},{"system":"http://snomed.info/sct","code":"836390004","display":"Salmonella enterica subspecies enterica serovar Typhi antigen-containing vaccine product"},{"system":"http://snomed.info/sct","code":"836393002","display":"Rabies lyssavirus antigen-containing vaccine product"},{"system":"http://snomed.info/sct","code":"836397001","display":"Coxiella burnetii antigen-containing vaccine product"},{"system":"http://snomed.info/sct","code":"836398006","display":"Streptococcus pneumoniae antigen-containing vaccine product"},{"system":"http://snomed.info/sct","code":"836401009","display":"Neisseria meningitidis antigen-containing vaccine product"},{"system":"http://snomed.info/sct","code":"836402002","display":"Bacillus Calmette-Guerin antigen-containing vaccine product"},{"system":"http://snomed.info/sct","code":"836403007","display":"Tick-borne encephalitis virus antigen-containing vaccine product"},{"system":"http://snomed.info/sct","code":"836495005","display":"Human alphaherpesvirus 3 antigen-containing vaccine product"},{"system":"http://snomed.info/sct","code":"836498007","display":"Mumps orthorubulavirus antigen-containing vaccine product"},{"system":"http://snomed.info/sct","code":"836500008","display":"Haemophilus influenzae type b and Neisseria meningitidis serogroup C antigens only vaccine product"},{"system":"http://snomed.info/sct","code":"840535000","display":"Severe acute respiratory syndrome coronavirus 2 antibody"},{"system":"http://snomed.info/sct","code":"840536004","display":"Severe acute respiratory syndrome coronavirus 2 antigen"},{"system":"http://snomed.info/sct","code":"840549009","display":"Yersinia pestis antigen-containing vaccine product"},{"system":"http://snomed.info/sct","code":"840599008","display":"Borrelia burgdorferi antigen-containing vaccine product"},{"system":"http://snomed.info/sct","code":"863911006","display":"Clostridium tetani antigen-containing vaccine product"},{"system":"http://snomed.info/sct","code":"871737006","display":"Mumps orthorubulavirus antigen only vaccine product"},{"system":"http://snomed.info/sct","code":"871738001","display":"Live attenuated Mumps orthorubulavirus antigen only vaccine product"},{"system":"http://snomed.info/sct","code":"871740006","display":"Inactivated whole Human poliovirus antigen only vaccine product"},{"system":"http://snomed.info/sct","code":"871759008","display":"Acellular Bordetella pertussis only vaccine product"},{"system":"http://snomed.info/sct","code":"871765008","display":"Measles morbillivirus antigen only vaccine product"},{"system":"http://snomed.info/sct","code":"871768005","display":"Influenza virus antigen only vaccine product in nasal dose form"},{"system":"http://snomed.info/sct","code":"871772009","display":"Influenza A virus subtype H1N1 antigen only vaccine product"},{"system":"http://snomed.info/sct","code":"871803007","display":"Hepatitis A and Hepatitis B virus antigens only vaccine product"},{"system":"http://snomed.info/sct","code":"871804001","display":"Hepatitis A virus and Salmonella enterica subspecies enterica serovar Typhi antigens only vaccine product"},{"system":"http://snomed.info/sct","code":"871806004","display":"Haemophilus influenzae type b and Hepatitis B virus antigens only vaccine product"},{"system":"http://snomed.info/sct","code":"871826000","display":"Clostridium tetani and Corynebacterium diphtheriae antigens only vaccine product"},{"system":"http://snomed.info/sct","code":"871831003","display":"Measles morbillivirus and Mumps orthorubulavirus and Rubella virus antigens only vaccine product"},{"system":"http://snomed.info/sct","code":"871837004","display":"Clostridium tetani and Corynebacterium diphtheriae and Human poliovirus antigens only vaccine product"},{"system":"http://snomed.info/sct","code":"871839001","display":"Bordetella pertussis and Clostridium tetani and Corynebacterium diphtheriae and Haemophilus influenzae type b antigens only vaccine product"},{"system":"http://snomed.info/sct","code":"871866001","display":"Neisseria meningitidis serogroup C only vaccine product"},{"system":"http://snomed.info/sct","code":"871871008","display":"Neisseria meningitidis serogroup A and C only vaccine product"},{"system":"http://snomed.info/sct","code":"871873006","display":"Neisseria meningitidis serogroup A, C, W135 and Y only vaccine product"},{"system":"http://snomed.info/sct","code":"871875004","display":"Bordetella pertussis and Clostridium tetani and Corynebacterium diphtheriae antigens only vaccine product"},{"system":"http://snomed.info/sct","code":"871876003","display":"Acellular Bordetella pertussis and Clostridium tetani and Corynebacterium diphtheriae antigens only vaccine product"},{"system":"http://snomed.info/sct","code":"871878002","display":"Bordetella pertussis and Clostridium tetani and Corynebacterium diphtheriae and Human poliovirus antigens only vaccine product"},{"system":"http://snomed.info/sct","code":"871887006","display":"Bordetella pertussis and Clostridium tetani and Corynebacterium diphtheriae and Haemophilus influenzae type b and Human poliovirus antigens only vaccine product"},{"system":"http://snomed.info/sct","code":"871889009","display":"Acellular Bordetella pertussis and Corynebacterium diphtheriae and Hepatitis B virus and inactivated whole Human poliovirus antigens only vaccine product"},{"system":"http://snomed.info/sct","code":"871895005","display":"Bordetella pertussis and Clostridium tetani and Corynebacterium diphtheriae and Haemophilus influenzae type b and Hepatitis B virus and Human poliovirus antigens only vaccine product"},{"system":"http://snomed.info/sct","code":"871908002","display":"Human alphaherpesvirus 3 and Measles morbillivirus and Mumps orthorubulavirus and Rubella virus antigens only vaccine product"},{"system":"http://snomed.info/sct","code":"871918007","display":"Rickettsia antigen-containing vaccine product"},{"system":"http://snomed.info/sct","code":"871921009","display":"Staphylococcus toxoid vaccine"},{"system":"http://snomed.info/sct","code":"1003736004","display":"Mammalian milk based food"},{"system":"http://snomed.info/sct","code":"1052328007","display":"Streptococcus pneumoniae Danish serotype 4, 6B, 9V, 14, 18C, 19F, and 23F capsular polysaccharide antigens conjugated only vaccine product"},{"system":"http://snomed.info/sct","code":"1119254000","display":"Streptococcus pneumoniae Danish serotype 1, 3, 4, 5, 6A, 6B, 7F, 9V, 14, 18C, 19A, 19F, and 23F capsular polysaccharide antigens only vaccine product"},{"system":"http://snomed.info/sct","code":"1137358000","display":"Piper - pepper"},{"system":"http://snomed.info/sct","code":"601000221108","display":"Bordetella pertussis antigen-containing vaccine product"},{"system":"http://snomed.info/sct","code":"971000221109","display":"Live attenuated Salmonella enterica subspecies enterica serovar Typhi antigen only vaccine product in oral dose form"},{"system":"http://snomed.info/sct","code":"1001000221103","display":"Inactivated whole Vibrio cholerae antigen only vaccine product in oral dose form"},{"system":"http://snomed.info/sct","code":"1011000221100","display":"Live attenuated Vibrio cholerae antigen only vaccine product in oral dose form"},{"system":"http://snomed.info/sct","code":"1031000221108","display":"Human poliovirus antigen-containing vaccine product"},{"system":"http://snomed.info/sct","code":"1051000221104","display":"Live attenuated Human poliovirus serotypes 1 and 3 antigens only vaccine product in oral dose form"},{"system":"http://snomed.info/sct","code":"1081000221109","display":"Live attenuated Rotavirus antigen only vaccine product"},{"system":"http://snomed.info/sct","code":"1101000221104","display":"Clostridium tetani toxoid antigen-containing vaccine product"},{"system":"http://snomed.info/sct","code":"1121000221106","display":"Live attenuated Yellow fever virus antigen only vaccine product"},{"system":"http://snomed.info/sct","code":"1131000221109","display":"Vaccine product containing only inactivated whole Rabies lyssavirus antigen"},{"system":"http://snomed.info/sct","code":"1181000221105","display":"Influenza virus antigen only vaccine product"},{"system":"http://snomed.info/sct","code":"1801000221105","display":"Streptococcus pneumoniae capsular polysaccharide antigen conjugated only vaccine product"},{"system":"http://snomed.info/sct","code":"1981000221108","display":"Neisseria meningitidis serogroup B antigen only vaccine product"},{"system":"http://snomed.info/sct","code":"2171000221104","display":"Salmonella enterica subspecies enterica serovar Typhi capsular polysaccharide unconjugated antigen only vaccine product in parenteral dose form"},{"system":"http://snomed.info/sct","code":"2221000221107","display":"Live attenuated Human alphaherpesvirus 3 only vaccine product"},{"system":"http://snomed.info/sct","code":"442461000124102","display":"Hickory nut"}]}}