<?xml version="1.0" encoding="UTF-8"?>

<Bundle xmlns="http://hl7.org/fhir">
  <id value="HIMS-Document-Bundle"/>
  <identifier>
    <system value="http://openhie.org/fhir/sri-lanka/identifier/bundle-id"/>
    <value value="document-1"/>
  </identifier>
  <type value="document"/>
  <timestamp value="2023-08-22T13:28:17-05:00"/>
  <entry>
    <fullUrl value="Composition/HIMSCompositionExample"/>
    <resource>
      <Composition>
        <id value="HIMSCompositionExample"/>
        <meta>
          <profile value="http://openhie.org/fhir/sri-lanka/StructureDefinition/hims-composition"/>
        </meta>
        <text>
          <status value="generated"/><div xmlns="http://www.w3.org/1999/xhtml"><p><b>Generated Narrative: Composition</b><a name="HIMSCompositionExample"> </a></p><div style="display: inline-block; background-color: #d9e0e7; padding: 6px; margin: 4px; border: 1px solid #8da1b4; border-radius: 5px; line-height: 60%"><p style="margin-bottom: 0px">Resource Composition &quot;HIMSCompositionExample&quot; </p><p style="margin-bottom: 0px">Profile: <a href="StructureDefinition-hims-composition.html">HIMS Composition</a></p></div><p><b>identifier</b>: id: PAT0001-v1</p><p><b>status</b>: final</p><p><b>type</b>: 11502-2 <span style="background: LightGoldenRodYellow; margin: 4px; border: 1px solid khaki"> (<a href="https://loinc.org/">LOINC</a>#11502-2)</span></p><p><b>encounter</b>: <a href="#Encounter_TargetFacilityEncounterExample">See above (Encounter/TargetFacilityEncounterExample)</a></p><p><b>date</b>: 2023-08-22</p><p><b>author</b>: </p><ul><li><a href="#Practitioner_GeneralPractitionerExample">See above (Practitioner/GeneralPractitionerExample)</a></li><li><a href="#Organization_OrganizationExample">See above (Organization/OrganizationExample)</a></li></ul><p><b>title</b>: Sri Lanka team to advise on title</p></div>
        </text>
        <identifier>
          <system value="http://openhie.org/fhir/sri-lanka/identifier/document"/>
          <value value="PAT0001-v1"/>
        </identifier>
        <status value="final"/>
        <type>
          <coding>
            <system value="http://loinc.org"/>
            <code value="11502-2"/>
          </coding>
        </type>
        <subject>
          <reference value="Patient/HHIMSPatientExample"/>
        </subject>
        <encounter>
          <reference value="Encounter/TargetFacilityEncounterExample"/>
        </encounter>
        <date value="2023-08-22"/>
        <author>
          <reference value="Practitioner/GeneralPractitionerExample"/>
        </author>
        <author>
          <reference value="Organization/OrganizationExample"/>
        </author>
        <title value="Sri Lanka team to advise on title"/>
        <section>
          <title value="Risk Behaviour - Assessment of Physical Activity"/>
          <code>
            <coding>
              <system value="http://snomed.info/sct"/>
              <code value="398636004"/>
            </coding>
          </code>
          <text>
            <status value="generated"/><div xmlns="http://www.w3.org/1999/xhtml"><p>To be added</p></div>
          </text>
          <entry>
            <reference value="Observation/RiskBehaviourPhysicalActivityExample"/>
          </entry>
        </section>
        <section>
          <title value="Risk Behaviour - Tobacco smoking Assessment"/>
          <code>
            <coding>
              <system value="http://loinc.org"/>
              <code value="72166-2"/>
            </coding>
          </code>
          <text>
            <status value="generated"/><div xmlns="http://www.w3.org/1999/xhtml"><p>To be added</p></div>
          </text>
          <entry>
            <reference value="Observation/RiskBehaviourTobaccoSmokerExample"/>
          </entry>
        </section>
        <section>
          <title value="Blood Pressure"/>
          <code>
            <coding>
              <system value="http://snomed.info/sct"/>
              <code value="75367002"/>
            </coding>
          </code>
          <text>
            <status value="generated"/><div xmlns="http://www.w3.org/1999/xhtml"><p>To be added</p></div>
          </text>
          <entry>
            <reference value="Observation/BloodPressureExample"/>
          </entry>
          <entry>
            <reference value="Observation/HypertensionExample"/>
          </entry>
        </section>
        <section>
          <title value="Patient Weight"/>
          <code>
            <coding>
              <system value="http://loinc.org"/>
              <code value="3141-9"/>
            </coding>
          </code>
          <text>
            <status value="generated"/><div xmlns="http://www.w3.org/1999/xhtml"><p>To be added</p></div>
          </text>
          <entry>
            <reference value="Observation/WeightExample"/>
          </entry>
        </section>
        <section>
          <title value="Patient Height"/>
          <code>
            <coding>
              <system value="http://loinc.org"/>
              <code value="3137-7"/>
            </coding>
          </code>
          <text>
            <status value="generated"/><div xmlns="http://www.w3.org/1999/xhtml"><p>To be added</p></div>
          </text>
          <entry>
            <reference value="Observation/HeightExample"/>
          </entry>
        </section>
        <section>
          <title value="Patient BMI"/>
          <code>
            <coding>
              <system value="http://loinc.org"/>
              <code value="97057-4"/>
            </coding>
          </code>
          <text>
            <status value="generated"/><div xmlns="http://www.w3.org/1999/xhtml"><p>To be added</p></div>
          </text>
          <entry>
            <reference value="Observation/BMIExample"/>
          </entry>
        </section>
        <section>
          <title value="Bloodwork"/>
          <code>
            <coding>
              <system value="http://loinc.org"/>
              <code value="LA17759-4"/>
            </coding>
          </code>
          <text>
            <status value="generated"/><div xmlns="http://www.w3.org/1999/xhtml"><p>To be added</p></div>
          </text>
          <entry>
            <reference value="Observation/RandomBloodSugarExample"/>
          </entry>
          <entry>
            <reference value="Observation/FastingBloodSugarExample"/>
          </entry>
          <entry>
            <reference value="Observation/TotalCholesterolExample"/>
          </entry>
        </section>
        <section>
          <title value="Risk Assessment Report"/>
          <code>
            <coding>
              <system value="http://loinc.org"/>
              <code value="71482-4"/>
            </coding>
          </code>
          <text>
            <status value="generated"/><div xmlns="http://www.w3.org/1999/xhtml"><p>To be added</p></div>
          </text>
          <entry>
            <reference value="RiskAssessment/CVDRiskCategoryExample"/>
          </entry>
        </section>
        <section>
          <title value="Referral Requests"/>
          <code>
            <coding>
              <system value="http://loinc.org"/>
              <code value="LA24277-8"/>
            </coding>
          </code>
          <text>
            <status value="generated"/><div xmlns="http://www.w3.org/1999/xhtml"><p>To be added</p></div>
          </text>
          <entry>
            <reference value="ServiceRequest/FollowUpPlanServiceRequestExample"/>
          </entry>
        </section>
        <section>
          <title value="Treatment and Care"/>
          <code>
            <coding>
              <system value="http://loinc.org"/>
              <code value="68833-3"/>
            </coding>
          </code>
          <text>
            <status value="generated"/><div xmlns="http://www.w3.org/1999/xhtml"><p>To be added</p></div>
          </text>
          <entry>
            <reference value="CarePlan/FollowUpAtHLCExample"/>
          </entry>
        </section>
        <section>
          <title value="Previous, pre-existing and new conditions"/>
          <code>
            <coding>
              <system value="http://loinc.org"/>
              <code value="67804-5"/>
            </coding>
          </code>
          <text>
            <status value="generated"/><div xmlns="http://www.w3.org/1999/xhtml"><p>To be added</p></div>
          </text>
          <entry>
            <reference value="Condition/MedicalHistoryExample"/>
          </entry>
        </section>
      </Composition>
    </resource>
  </entry>
  <entry>
    <fullUrl value="Patient/HIMSPatientExample"/>
    <resource>
      <Patient>
        <id value="HIMSPatientExample"/>
        <meta>
          <profile value="http://openhie.org/fhir/sri-lanka/StructureDefinition/hims-patient"/>
        </meta>
        <text>
          <status value="generated"/><div xmlns="http://www.w3.org/1999/xhtml"><p><b>Generated Narrative: Patient</b><a name="HIMSPatientExample"> </a></p><div style="display: inline-block; background-color: #d9e0e7; padding: 6px; margin: 4px; border: 1px solid #8da1b4; border-radius: 5px; line-height: 60%"><p style="margin-bottom: 0px">Resource Patient &quot;HIMSPatientExample&quot; </p><p style="margin-bottom: 0px">Profile: <a href="StructureDefinition-hims-patient.html">HIMS Patient</a></p></div><p><b>identifier</b>: Personal Health Number: personal health number, Passport number: A patient can have multiple passport IDs., Driver's license number: A patient may have multiple drivers license numbers., National identity number: A patient may have multiple national identity numbers., Senior Citizen Number: A patient may have multiple senior citizen numbers.</p><p><b>name</b>: Mr. Mike John Smith (OFFICIAL)</p><p><b>telecom</b>: <a href="tel:+27829999999">+27829999999</a>, <a href="mailto:someone@something.com">someone@something.com</a>, <a href="mailto:someone2@something.com">someone2@something.com</a></p><p><b>gender</b>: male</p><p><b>birthDate</b>: 1983-05-22</p><p><b>address</b>: 177 Nawala Road Nugegoda Colombo 32350 Sri Lanka </p></div>
        </text>
        <identifier>
          <type>
            <coding>
              <system value="http://openhie.org/fhir/sri-lanka/CodeSystem/cs-identifier-types"/>
              <code value="PHN"/>
            </coding>
            <text value="Personal Health Number"/>
          </type>
          <system value="http://openhie.org/fhir/sri-lanka/identifier/phn"/>
          <value value="personal health number"/>
        </identifier>
        <identifier>
          <extension url="http://openhie.org/fhir/sri-lanka/StructureDefinition/multiple-values-for-patient-identifier">
            <valueString value="Passport-1"/>
          </extension>
          <extension url="http://openhie.org/fhir/sri-lanka/StructureDefinition/multiple-values-for-patient-identifier">
            <valueString value="Passport-2"/>
          </extension>
          <type>
            <coding>
              <system value="http://terminology.hl7.org/CodeSystem/v2-0203"/>
              <code value="PPN"/>
            </coding>
            <text value="Passport number"/>
          </type>
          <system value="http://openhie.org/fhir/sri-lanka/identifier/passport"/>
          <value value="A patient can have multiple passport IDs."/>
        </identifier>
        <identifier>
          <extension url="http://openhie.org/fhir/sri-lanka/StructureDefinition/multiple-values-for-patient-identifier">
            <valueString value="Drivers license-1"/>
          </extension>
          <extension url="http://openhie.org/fhir/sri-lanka/StructureDefinition/multiple-values-for-patient-identifier">
            <valueString value="Drivers license-2"/>
          </extension>
          <type>
            <coding>
              <system value="http://terminology.hl7.org/CodeSystem/v2-0203"/>
              <code value="DL"/>
            </coding>
            <text value="Driver's license number"/>
          </type>
          <system value="http://openhie.org/fhir/sri-lanka/identifier/drivers"/>
          <value value="A patient may have multiple drivers license numbers."/>
        </identifier>
        <identifier>
          <extension url="http://openhie.org/fhir/sri-lanka/StructureDefinition/multiple-values-for-patient-identifier">
            <valueString value="National identity number-1"/>
          </extension>
          <extension url="http://openhie.org/fhir/sri-lanka/StructureDefinition/multiple-values-for-patient-identifier">
            <valueString value="National identity number-2"/>
          </extension>
          <type>
            <coding>
              <system value="http://terminology.hl7.org/CodeSystem/v2-0203"/>
              <code value="NNLKA"/>
            </coding>
            <text value="National identity number"/>
          </type>
          <system value="http://openhie.org/fhir/sri-lanka/identifier/nic"/>
          <value value="A patient may have multiple national identity numbers."/>
        </identifier>
        <identifier>
          <extension url="http://openhie.org/fhir/sri-lanka/StructureDefinition/multiple-values-for-patient-identifier">
            <valueString value="Senior citizen number-1"/>
          </extension>
          <extension url="http://openhie.org/fhir/sri-lanka/StructureDefinition/multiple-values-for-patient-identifier">
            <valueString value="Senior citizen number-2"/>
          </extension>
          <type>
            <coding>
              <system value="http://openhie.org/fhir/sri-lanka/CodeSystem/cs-identifier-types"/>
              <code value="SCN"/>
            </coding>
            <text value="Senior Citizen Number"/>
          </type>
          <system value="http://openhie.org/fhir/sri-lanka/identifier/scn"/>
          <value value="A patient may have multiple senior citizen numbers."/>
        </identifier>
        <name>
          <use value="official"/>
          <family value="Smith"/>
          <given value="Mr."/>
          <given value="Mike"/>
          <given value="John"/>
        </name>
        <telecom>
          <system value="phone"/>
          <value value="+27829999999"/>
        </telecom>
        <telecom>
          <system value="email"/>
          <value value="someone@something.com"/>
        </telecom>
        <telecom>
          <system value="email"/>
          <value value="someone2@something.com"/>
        </telecom>
        <gender value="male"/>
        <birthDate value="1983-05-22"/>
        <address>
          <type value="postal"/>
          <line value="177"/>
          <line value="Nawala Road"/>
          <city value="Nugegoda"/>
          <district value="Ampara"/>
          <state value="Colombo"/>
          <postalCode value="32350"/>
          <country value="Sri Lanka"/>
        </address>
      </Patient>
    </resource>
  </entry>
  <entry>
    <fullUrl value="Patient/HHIMSPatientExample"/>
    <resource>
      <Patient>
        <id value="HHIMSPatientExample"/>
        <meta>
          <profile value="http://openhie.org/fhir/sri-lanka/StructureDefinition/hhims-patient"/>
        </meta>
        <text>
          <status value="generated"/><div xmlns="http://www.w3.org/1999/xhtml"><p><b>Generated Narrative: Patient</b><a name="HHIMSPatientExample"> </a></p><div style="display: inline-block; background-color: #d9e0e7; padding: 6px; margin: 4px; border: 1px solid #8da1b4; border-radius: 5px; line-height: 60%"><p style="margin-bottom: 0px">Resource Patient &quot;HHIMSPatientExample&quot; </p><p style="margin-bottom: 0px">Profile: <a href="StructureDefinition-hhims-patient.html">HHIMS Patient</a></p></div><p><b>identifier</b>: Personal Health Number: personal health number, National identity number: A patient may have multiple national identity numbers.</p><p><b>name</b>: Mr. Mike John Smith (OFFICIAL)</p><p><b>telecom</b>: <a href="tel:+27829999999">+27829999999</a>, <a href="mailto:someone@something.com">someone@something.com</a>, <a href="mailto:someone2@something.com">someone2@something.com</a></p><p><b>gender</b>: male</p><p><b>birthDate</b>: 1983-05-22</p><p><b>address</b>: 177 Nawala Road Nugegoda Colombo 32350 Sri Lanka </p></div>
        </text>
        <identifier>
          <type>
            <coding>
              <system value="http://openhie.org/fhir/sri-lanka/CodeSystem/cs-identifier-types"/>
              <code value="PHN"/>
            </coding>
            <text value="Personal Health Number"/>
          </type>
          <system value="http://openhie.org/fhir/sri-lanka/identifier/phn"/>
          <value value="personal health number"/>
        </identifier>
        <identifier>
          <extension url="http://openhie.org/fhir/sri-lanka/StructureDefinition/multiple-values-for-patient-identifier">
            <valueString value="National identity number-1"/>
          </extension>
          <extension url="http://openhie.org/fhir/sri-lanka/StructureDefinition/multiple-values-for-patient-identifier">
            <valueString value="National identity number-2"/>
          </extension>
          <type>
            <coding>
              <system value="http://terminology.hl7.org/CodeSystem/v2-0203"/>
              <code value="NNLKA"/>
            </coding>
            <text value="National identity number"/>
          </type>
          <system value="http://openhie.org/fhir/sri-lanka/identifier/nic"/>
          <value value="A patient may have multiple national identity numbers."/>
        </identifier>
        <name>
          <use value="official"/>
          <family value="Smith"/>
          <given value="Mr."/>
          <given value="Mike"/>
          <given value="John"/>
        </name>
        <telecom>
          <system value="phone"/>
          <value value="+27829999999"/>
        </telecom>
        <telecom>
          <system value="email"/>
          <value value="someone@something.com"/>
        </telecom>
        <telecom>
          <system value="email"/>
          <value value="someone2@something.com"/>
        </telecom>
        <gender value="male"/>
        <birthDate value="1983-05-22"/>
        <address>
          <type value="postal"/>
          <line value="177"/>
          <line value="Nawala Road"/>
          <city value="Nugegoda"/>
          <district value="Ampara"/>
          <state value="Colombo"/>
          <postalCode value="32350"/>
          <country value="Sri Lanka"/>
        </address>
      </Patient>
    </resource>
  </entry>
  <entry>
    <fullUrl value="Observation/RiskBehaviourPhysicalActivityExample"/>
    <resource>
      <Observation>
        <id value="RiskBehaviourPhysicalActivityExample"/>
        <meta>
          <profile value="http://openhie.org/fhir/sri-lanka/StructureDefinition/risk-behaviour-physical-activity"/>
        </meta>
        <text>
          <status value="generated"/><div xmlns="http://www.w3.org/1999/xhtml"><p><b>Generated Narrative: Observation</b><a name="RiskBehaviourPhysicalActivityExample"> </a></p><div style="display: inline-block; background-color: #d9e0e7; padding: 6px; margin: 4px; border: 1px solid #8da1b4; border-radius: 5px; line-height: 60%"><p style="margin-bottom: 0px">Resource Observation &quot;RiskBehaviourPhysicalActivityExample&quot; </p><p style="margin-bottom: 0px">Profile: <a href="StructureDefinition-risk-behaviour-physical-activity.html">Physical Activity Status Observation</a></p></div><p><b>status</b>: final</p><p><b>code</b>: Physical Activity <span style="background: LightGoldenRodYellow; margin: 4px; border: 1px solid khaki"> (<a href="https://browser.ihtsdotools.org/">SNOMED CT</a>#106020009)</span></p><p><b>subject</b>: <a href="#Patient_HIMSPatientExample">See above (Patient/HIMSPatientExample)</a></p><p><b>encounter</b>: <a href="#Encounter_TargetFacilityEncounterExample">See above (Encounter/TargetFacilityEncounterExample)</a></p><p><b>effective</b>: 2022-11-30</p><p><b>performer</b>: </p><ul><li><a href="#Organization_OrganizationExample">See above (Organization/OrganizationExample)</a></li><li><a href="#Practitioner_GeneralPractitionerExample">See above (Practitioner/GeneralPractitionerExample)</a></li></ul><p><b>value</b>: Physically active <span style="background: LightGoldenRodYellow; margin: 4px; border: 1px solid khaki"> (<a href="CodeSystem-cs-risk-behaviour-physical-activity.html">Risk Assessment - Physical Activity</a>#Physically-active)</span></p></div>
        </text>
        <status value="final"/>
        <code>
          <coding>
            <system value="http://snomed.info/sct"/>
            <code value="106020009"/>
          </coding>
          <text value="Physical Activity"/>
        </code>
        <subject>
          <reference value="Patient/HIMSPatientExample"/>
        </subject>
        <encounter>
          <reference value="Encounter/TargetFacilityEncounterExample"/>
        </encounter>
        <effectiveDateTime value="2022-11-30"/>
        <performer>
          <reference value="Organization/OrganizationExample"/>
        </performer>
        <performer>
          <reference value="Practitioner/GeneralPractitionerExample"/>
        </performer>
        <valueCodeableConcept>
          <coding>
            <system value="http://openhie.org/fhir/sri-lanka/CodeSystem/cs-risk-behaviour-physical-activity"/>
            <code value="Physically-active"/>
          </coding>
        </valueCodeableConcept>
      </Observation>
    </resource>
  </entry>
  <entry>
    <fullUrl value="Practitioner/GeneralPractitionerExample"/>
    <resource>
      <Practitioner>
        <id value="GeneralPractitionerExample"/>
        <meta>
          <profile value="http://openhie.org/fhir/sri-lanka/StructureDefinition/practitioner"/>
        </meta>
        <text>
          <status value="generated"/><div xmlns="http://www.w3.org/1999/xhtml"><p><b>Generated Narrative: Practitioner</b><a name="GeneralPractitionerExample"> </a></p><div style="display: inline-block; background-color: #d9e0e7; padding: 6px; margin: 4px; border: 1px solid #8da1b4; border-radius: 5px; line-height: 60%"><p style="margin-bottom: 0px">Resource Practitioner &quot;GeneralPractitionerExample&quot; </p><p style="margin-bottom: 0px">Profile: <a href="StructureDefinition-practitioner.html">Practitioner</a></p></div><p><b>name</b>: Tom Junes Smith </p><p><b>telecom</b>: ph: 27537652509(WORK), <a href="mailto:someone@something.org">someone@something.org</a></p></div>
        </text>
        <name>
          <family value="Smith"/>
          <given value="Tom"/>
          <given value="Junes"/>
          <prefix value="Dr"/>
        </name>
        <telecom>
          <system value="phone"/>
          <value value="27537652509"/>
          <use value="work"/>
        </telecom>
        <telecom>
          <system value="email"/>
          <value value="someone@something.org"/>
          <use value="home"/>
        </telecom>
      </Practitioner>
    </resource>
  </entry>
  <entry>
    <fullUrl value="Organization/OrganizationExample"/>
    <resource>
      <Organization>
        <id value="OrganizationExample"/>
        <meta>
          <profile value="http://openhie.org/fhir/sri-lanka/StructureDefinition/organization"/>
        </meta>
        <text>
          <status value="generated"/><div xmlns="http://www.w3.org/1999/xhtml"><p><b>Generated Narrative: Organization</b><a name="OrganizationExample"> </a></p><div style="display: inline-block; background-color: #d9e0e7; padding: 6px; margin: 4px; border: 1px solid #8da1b4; border-radius: 5px; line-height: 60%"><p style="margin-bottom: 0px">Resource Organization &quot;OrganizationExample&quot; </p><p style="margin-bottom: 0px">Profile: <a href="StructureDefinition-organization.html">Organization</a></p></div><p><b>identifier</b>: Organization identifier: facility1</p><p><b>name</b>: Some Health Facility</p></div>
        </text>
        <identifier>
          <type>
            <coding>
              <system value="http://terminology.hl7.org/CodeSystem/v2-0203"/>
              <code value="XX"/>
            </coding>
            <text value="Organization identifier"/>
          </type>
          <system value="http://openhie.org/fhir/sri-lanka/identifier/organization"/>
          <value value="facility1"/>
        </identifier>
        <name value="Some Health Facility"/>
      </Organization>
    </resource>
  </entry>
  <entry>
    <fullUrl value="Encounter/TargetFacilityEncounterExample"/>
    <resource>
      <Encounter>
        <id value="TargetFacilityEncounterExample"/>
        <meta>
          <profile value="http://openhie.org/fhir/sri-lanka/StructureDefinition/target-facility-encounter"/>
        </meta>
        <text>
          <status value="generated"/><div xmlns="http://www.w3.org/1999/xhtml"><p><b>Generated Narrative: Encounter</b><a name="TargetFacilityEncounterExample"> </a></p><div style="display: inline-block; background-color: #d9e0e7; padding: 6px; margin: 4px; border: 1px solid #8da1b4; border-radius: 5px; line-height: 60%"><p style="margin-bottom: 0px">Resource Encounter &quot;TargetFacilityEncounterExample&quot; </p><p style="margin-bottom: 0px">Profile: <a href="StructureDefinition-target-facility-encounter.html">Target Facility Encounter</a></p></div><p><b>status</b>: finished</p><p><b>class</b>: ambulatory (Details: http://terminology.hl7.org/CodeSystem/v3-ActCode code AMB = 'ambulatory', stated as 'null')</p><p><b>subject</b>: <a href="#Patient_HIMSPatientExample">See above (Patient/HIMSPatientExample)</a></p><p><b>period</b>: 2022-12-01 --&gt; 2023-01-20</p></div>
        </text>
        <status value="finished"/>
        <class>
          <system value="http://terminology.hl7.org/CodeSystem/v3-ActCode"/>
          <code value="AMB"/>
        </class>
        <subject>
          <reference value="Patient/HIMSPatientExample"/>
        </subject>
        <period>
          <start value="2022-12-01"/>
          <end value="2023-01-20"/>
        </period>
      </Encounter>
    </resource>
  </entry>
  <entry>
    <fullUrl value="Observation/RiskBehaviourTobaccoSmokerExample"/>
    <resource>
      <Observation>
        <id value="RiskBehaviourTobaccoSmokerExample"/>
        <meta>
          <profile value="http://openhie.org/fhir/sri-lanka/StructureDefinition/risk-behaviour-tobacco-smoker"/>
        </meta>
        <text>
          <status value="generated"/><div xmlns="http://www.w3.org/1999/xhtml"><p><b>Generated Narrative: Observation</b><a name="RiskBehaviourTobaccoSmokerExample"> </a></p><div style="display: inline-block; background-color: #d9e0e7; padding: 6px; margin: 4px; border: 1px solid #8da1b4; border-radius: 5px; line-height: 60%"><p style="margin-bottom: 0px">Resource Observation &quot;RiskBehaviourTobaccoSmokerExample&quot; </p><p style="margin-bottom: 0px">Profile: <a href="StructureDefinition-risk-behaviour-tobacco-smoker.html">Tobacco Smoker Observation</a></p></div><p><b>status</b>: final</p><p><b>code</b>: Tobacco smoking <span style="background: LightGoldenRodYellow; margin: 4px; border: 1px solid khaki"> (<a href="https://loinc.org/">LOINC</a>#72166-2)</span></p><p><b>subject</b>: <a href="#Patient_HIMSPatientExample">See above (Patient/HIMSPatientExample)</a></p><p><b>encounter</b>: <a href="#Encounter_TargetFacilityEncounterExample">See above (Encounter/TargetFacilityEncounterExample)</a></p><p><b>effective</b>: 2022-11-30</p><p><b>performer</b>: </p><ul><li><a href="#Organization_OrganizationExample">See above (Organization/OrganizationExample)</a></li><li><a href="#Practitioner_GeneralPractitionerExample">See above (Practitioner/GeneralPractitionerExample)</a></li></ul><p><b>value</b>: User <span style="background: LightGoldenRodYellow; margin: 4px; border: 1px solid khaki"> (<a href="CodeSystem-cs-risk-behaviour-tobacco-smoker.html">Risk Assessment - Tobacco Smoker</a>#User)</span></p></div>
        </text>
        <status value="final"/>
        <code>
          <coding>
            <system value="http://loinc.org"/>
            <code value="72166-2"/>
          </coding>
          <text value="Tobacco smoking"/>
        </code>
        <subject>
          <reference value="Patient/HIMSPatientExample"/>
        </subject>
        <encounter>
          <reference value="Encounter/TargetFacilityEncounterExample"/>
        </encounter>
        <effectiveDateTime value="2022-11-30"/>
        <performer>
          <reference value="Organization/OrganizationExample"/>
        </performer>
        <performer>
          <reference value="Practitioner/GeneralPractitionerExample"/>
        </performer>
        <valueCodeableConcept>
          <coding>
            <system value="http://openhie.org/fhir/sri-lanka/CodeSystem/cs-risk-behaviour-tobacco-smoker"/>
            <code value="User"/>
          </coding>
        </valueCodeableConcept>
      </Observation>
    </resource>
  </entry>
  <entry>
    <fullUrl value="Observation/BloodPressureExample"/>
    <resource>
      <Observation>
        <id value="BloodPressureExample"/>
        <meta>
          <profile value="http://openhie.org/fhir/sri-lanka/StructureDefinition/blood-pressure"/>
        </meta>
        <text>
          <status value="generated"/><div xmlns="http://www.w3.org/1999/xhtml"><p><b>Generated Narrative: Observation</b><a name="BloodPressureExample"> </a></p><div style="display: inline-block; background-color: #d9e0e7; padding: 6px; margin: 4px; border: 1px solid #8da1b4; border-radius: 5px; line-height: 60%"><p style="margin-bottom: 0px">Resource Observation &quot;BloodPressureExample&quot; </p><p style="margin-bottom: 0px">Profile: <a href="StructureDefinition-blood-pressure.html">Blood Pressure Observation</a></p></div><p><b>status</b>: final</p><p><b>category</b>: Vital Signs <span style="background: LightGoldenRodYellow; margin: 4px; border: 1px solid khaki"> (<a href="http://terminology.hl7.org/5.3.0/CodeSystem-observation-category.html">Observation Category Codes</a>#vital-signs)</span></p><p><b>code</b>: Blood Pressure <span style="background: LightGoldenRodYellow; margin: 4px; border: 1px solid khaki"> (<a href="https://loinc.org/">LOINC</a>#85354-9)</span></p><p><b>subject</b>: <a href="#Patient_HIMSPatientExample">See above (Patient/HIMSPatientExample)</a></p><p><b>encounter</b>: <a href="#Encounter_TargetFacilityEncounterExample">See above (Encounter/TargetFacilityEncounterExample)</a></p><p><b>effective</b>: 2022-11-30</p><p><b>performer</b>: </p><ul><li><a href="#Organization_OrganizationExample">See above (Organization/OrganizationExample)</a></li><li><a href="#Practitioner_GeneralPractitionerExample">See above (Practitioner/GeneralPractitionerExample)</a></li></ul><blockquote><p><b>component</b></p><p><b>code</b>: 8480-6 <span style="background: LightGoldenRodYellow; margin: 4px; border: 1px solid khaki"> (<a href="https://loinc.org/">LOINC</a>#8480-6)</span></p><p><b>value</b>: 106 mmHg<span style="background: LightGoldenRodYellow"> (Details: UCUM code mm[Hg] = 'mm[Hg]')</span></p></blockquote><blockquote><p><b>component</b></p><p><b>code</b>: 8462-4 <span style="background: LightGoldenRodYellow; margin: 4px; border: 1px solid khaki"> (<a href="https://loinc.org/">LOINC</a>#8462-4)</span></p><p><b>value</b>: 60 mmHg<span style="background: LightGoldenRodYellow"> (Details: UCUM code mm[Hg] = 'mm[Hg]')</span></p></blockquote></div>
        </text>
        <status value="final"/>
        <category>
          <coding>
            <system value="http://terminology.hl7.org/CodeSystem/observation-category"/>
            <code value="vital-signs"/>
          </coding>
        </category>
        <code>
          <coding>
            <system value="http://loinc.org"/>
            <code value="85354-9"/>
          </coding>
          <text value="Blood Pressure"/>
        </code>
        <subject>
          <reference value="Patient/HIMSPatientExample"/>
        </subject>
        <encounter>
          <reference value="Encounter/TargetFacilityEncounterExample"/>
        </encounter>
        <effectiveDateTime value="2022-11-30"/>
        <performer>
          <reference value="Organization/OrganizationExample"/>
        </performer>
        <performer>
          <reference value="Practitioner/GeneralPractitionerExample"/>
        </performer>
        <component>
          <code>
            <coding>
              <system value="http://loinc.org"/>
              <code value="8480-6"/>
            </coding>
          </code>
          <valueQuantity>
            <value value="106"/>
            <unit value="mmHg"/>
            <system value="http://unitsofmeasure.org"/>
            <code value="mm[Hg]"/>
          </valueQuantity>
        </component>
        <component>
          <code>
            <coding>
              <system value="http://loinc.org"/>
              <code value="8462-4"/>
            </coding>
          </code>
          <valueQuantity>
            <value value="60"/>
            <unit value="mmHg"/>
            <system value="http://unitsofmeasure.org"/>
            <code value="mm[Hg]"/>
          </valueQuantity>
        </component>
      </Observation>
    </resource>
  </entry>
  <entry>
    <fullUrl value="Observation/WeightExample"/>
    <resource>
      <Observation>
        <id value="WeightExample"/>
        <meta>
          <profile value="http://openhie.org/fhir/sri-lanka/StructureDefinition/weight"/>
        </meta>
        <text>
          <status value="generated"/><div xmlns="http://www.w3.org/1999/xhtml"><p><b>Generated Narrative: Observation</b><a name="WeightExample"> </a></p><div style="display: inline-block; background-color: #d9e0e7; padding: 6px; margin: 4px; border: 1px solid #8da1b4; border-radius: 5px; line-height: 60%"><p style="margin-bottom: 0px">Resource Observation &quot;WeightExample&quot; </p><p style="margin-bottom: 0px">Profile: <a href="StructureDefinition-weight.html">Patient Weight</a></p></div><p><b>status</b>: final</p><p><b>category</b>: Vital Signs <span style="background: LightGoldenRodYellow; margin: 4px; border: 1px solid khaki"> (<a href="http://terminology.hl7.org/5.3.0/CodeSystem-observation-category.html">Observation Category Codes</a>#vital-signs)</span></p><p><b>code</b>: Body Weight <span style="background: LightGoldenRodYellow; margin: 4px; border: 1px solid khaki"> (<a href="https://loinc.org/">LOINC</a>#29463-7)</span></p><p><b>subject</b>: <a href="#Patient_HIMSPatientExample">See above (Patient/HIMSPatientExample)</a></p><p><b>encounter</b>: <a href="#Encounter_TargetFacilityEncounterExample">See above (Encounter/TargetFacilityEncounterExample)</a></p><p><b>effective</b>: 2022-11-30</p><p><b>performer</b>: </p><ul><li><a href="#Organization_OrganizationExample">See above (Organization/OrganizationExample)</a></li><li><a href="#Practitioner_GeneralPractitionerExample">See above (Practitioner/GeneralPractitionerExample)</a></li></ul><p><b>value</b>: 110 kg<span style="background: LightGoldenRodYellow"> (Details: UCUM code kg = 'kg')</span></p></div>
        </text>
        <status value="final"/>
        <category>
          <coding>
            <system value="http://terminology.hl7.org/CodeSystem/observation-category"/>
            <code value="vital-signs"/>
          </coding>
        </category>
        <code>
          <coding>
            <system value="http://loinc.org"/>
            <code value="29463-7"/>
          </coding>
          <text value="Body Weight"/>
        </code>
        <subject>
          <reference value="Patient/HIMSPatientExample"/>
        </subject>
        <encounter>
          <reference value="Encounter/TargetFacilityEncounterExample"/>
        </encounter>
        <effectiveDateTime value="2022-11-30"/>
        <performer>
          <reference value="Organization/OrganizationExample"/>
        </performer>
        <performer>
          <reference value="Practitioner/GeneralPractitionerExample"/>
        </performer>
        <valueQuantity>
          <value value="110"/>
          <unit value="kg"/>
          <system value="http://unitsofmeasure.org"/>
          <code value="kg"/>
        </valueQuantity>
      </Observation>
    </resource>
  </entry>
  <entry>
    <fullUrl value="Observation/HeightExample"/>
    <resource>
      <Observation>
        <id value="HeightExample"/>
        <meta>
          <profile value="http://openhie.org/fhir/sri-lanka/StructureDefinition/height"/>
        </meta>
        <text>
          <status value="generated"/><div xmlns="http://www.w3.org/1999/xhtml"><p><b>Generated Narrative: Observation</b><a name="HeightExample"> </a></p><div style="display: inline-block; background-color: #d9e0e7; padding: 6px; margin: 4px; border: 1px solid #8da1b4; border-radius: 5px; line-height: 60%"><p style="margin-bottom: 0px">Resource Observation &quot;HeightExample&quot; </p><p style="margin-bottom: 0px">Profile: <a href="StructureDefinition-height.html">Patient Height</a></p></div><p><b>status</b>: final</p><p><b>category</b>: Vital Signs <span style="background: LightGoldenRodYellow; margin: 4px; border: 1px solid khaki"> (<a href="http://terminology.hl7.org/5.3.0/CodeSystem-observation-category.html">Observation Category Codes</a>#vital-signs)</span></p><p><b>code</b>: Body Height <span style="background: LightGoldenRodYellow; margin: 4px; border: 1px solid khaki"> (<a href="https://loinc.org/">LOINC</a>#8302-2)</span></p><p><b>subject</b>: <a href="#Patient_HIMSPatientExample">See above (Patient/HIMSPatientExample)</a></p><p><b>encounter</b>: <a href="#Encounter_TargetFacilityEncounterExample">See above (Encounter/TargetFacilityEncounterExample)</a></p><p><b>effective</b>: 2022-11-30</p><p><b>performer</b>: </p><ul><li><a href="#Organization_OrganizationExample">See above (Organization/OrganizationExample)</a></li><li><a href="#Practitioner_GeneralPractitionerExample">See above (Practitioner/GeneralPractitionerExample)</a></li></ul><p><b>value</b>: 185 cm<span style="background: LightGoldenRodYellow"> (Details: UCUM code cm = 'cm')</span></p></div>
        </text>
        <status value="final"/>
        <category>
          <coding>
            <system value="http://terminology.hl7.org/CodeSystem/observation-category"/>
            <code value="vital-signs"/>
          </coding>
        </category>
        <code>
          <coding>
            <system value="http://loinc.org"/>
            <code value="8302-2"/>
          </coding>
          <text value="Body Height"/>
        </code>
        <subject>
          <reference value="Patient/HIMSPatientExample"/>
        </subject>
        <encounter>
          <reference value="Encounter/TargetFacilityEncounterExample"/>
        </encounter>
        <effectiveDateTime value="2022-11-30"/>
        <performer>
          <reference value="Organization/OrganizationExample"/>
        </performer>
        <performer>
          <reference value="Practitioner/GeneralPractitionerExample"/>
        </performer>
        <valueQuantity>
          <value value="185"/>
          <unit value="cm"/>
          <system value="http://unitsofmeasure.org"/>
          <code value="cm"/>
        </valueQuantity>
      </Observation>
    </resource>
  </entry>
  <entry>
    <fullUrl value="Observation/BMIExample"/>
    <resource>
      <Observation>
        <id value="BMIExample"/>
        <meta>
          <profile value="http://openhie.org/fhir/sri-lanka/StructureDefinition/bmi"/>
        </meta>
        <text>
          <status value="generated"/><div xmlns="http://www.w3.org/1999/xhtml"><p><b>Generated Narrative: Observation</b><a name="BMIExample"> </a></p><div style="display: inline-block; background-color: #d9e0e7; padding: 6px; margin: 4px; border: 1px solid #8da1b4; border-radius: 5px; line-height: 60%"><p style="margin-bottom: 0px">Resource Observation &quot;BMIExample&quot; </p><p style="margin-bottom: 0px">Profile: <a href="StructureDefinition-bmi.html">Patient BMI</a></p></div><p><b>status</b>: final</p><p><b>category</b>: Vital Signs <span style="background: LightGoldenRodYellow; margin: 4px; border: 1px solid khaki"> (<a href="http://terminology.hl7.org/5.3.0/CodeSystem-observation-category.html">Observation Category Codes</a>#vital-signs)</span></p><p><b>code</b>: Body mass index (BMI) <span style="background: LightGoldenRodYellow; margin: 4px; border: 1px solid khaki"> (<a href="https://loinc.org/">LOINC</a>#39156-5)</span></p><p><b>subject</b>: <a href="#Patient_HIMSPatientExample">See above (Patient/HIMSPatientExample)</a></p><p><b>encounter</b>: <a href="#Encounter_TargetFacilityEncounterExample">See above (Encounter/TargetFacilityEncounterExample)</a></p><p><b>effective</b>: 2022-11-30</p><p><b>performer</b>: </p><ul><li><a href="#Organization_OrganizationExample">See above (Organization/OrganizationExample)</a></li><li><a href="#Practitioner_GeneralPractitionerExample">See above (Practitioner/GeneralPractitionerExample)</a></li></ul><p><b>value</b>: 16.2 kg/m2<span style="background: LightGoldenRodYellow"> (Details: UCUM code kg/m2 = 'kg/m2')</span></p><p><b>derivedFrom</b>: </p><ul><li><a href="#Observation_WeightExample">See above (Observation/WeightExample)</a></li><li><a href="#Observation_HeightExample">See above (Observation/HeightExample)</a></li></ul></div>
        </text>
        <status value="final"/>
        <category>
          <coding>
            <system value="http://terminology.hl7.org/CodeSystem/observation-category"/>
            <code value="vital-signs"/>
          </coding>
        </category>
        <code>
          <coding>
            <system value="http://loinc.org"/>
            <code value="39156-5"/>
          </coding>
          <text value="Body mass index (BMI)"/>
        </code>
        <subject>
          <reference value="Patient/HIMSPatientExample"/>
        </subject>
        <encounter>
          <reference value="Encounter/TargetFacilityEncounterExample"/>
        </encounter>
        <effectiveDateTime value="2022-11-30"/>
        <performer>
          <reference value="Organization/OrganizationExample"/>
        </performer>
        <performer>
          <reference value="Practitioner/GeneralPractitionerExample"/>
        </performer>
        <valueQuantity>
          <value value="16.2"/>
          <unit value="kg/m2"/>
          <system value="http://unitsofmeasure.org"/>
          <code value="kg/m2"/>
        </valueQuantity>
        <derivedFrom>
          <reference value="Observation/WeightExample"/>
        </derivedFrom>
        <derivedFrom>
          <reference value="Observation/HeightExample"/>
        </derivedFrom>
      </Observation>
    </resource>
  </entry>
  <entry>
    <fullUrl value="Observation/RandomBloodSugarExample"/>
    <resource>
      <Observation>
        <id value="RandomBloodSugarExample"/>
        <meta>
          <profile value="http://openhie.org/fhir/sri-lanka/StructureDefinition/random-blood-sugar"/>
        </meta>
        <text>
          <status value="generated"/><div xmlns="http://www.w3.org/1999/xhtml"><p><b>Generated Narrative: Observation</b><a name="RandomBloodSugarExample"> </a></p><div style="display: inline-block; background-color: #d9e0e7; padding: 6px; margin: 4px; border: 1px solid #8da1b4; border-radius: 5px; line-height: 60%"><p style="margin-bottom: 0px">Resource Observation &quot;RandomBloodSugarExample&quot; </p><p style="margin-bottom: 0px">Profile: <a href="StructureDefinition-random-blood-sugar.html">Random Blood Sugar Observation</a></p></div><p><b>status</b>: final</p><p><b>code</b>: Glucose <span style="background: LightGoldenRodYellow; margin: 4px; border: 1px solid khaki"> (<a href="https://loinc.org/">LOINC</a>#15074-8)</span></p><p><b>subject</b>: <a href="#Patient_HIMSPatientExample">See above (Patient/HIMSPatientExample)</a></p><p><b>encounter</b>: <a href="#Encounter_TargetFacilityEncounterExample">See above (Encounter/TargetFacilityEncounterExample)</a></p><p><b>effective</b>: 2022-11-30</p><p><b>performer</b>: </p><ul><li><a href="#Organization_OrganizationExample">See above (Organization/OrganizationExample)</a></li><li><a href="#Practitioner_GeneralPractitionerExample">See above (Practitioner/GeneralPractitionerExample)</a></li></ul><p><b>value</b>: 6.3 mmol/l<span style="background: LightGoldenRodYellow"> (Details: UCUM code mmol/l = 'mmol/l')</span></p><p><b>interpretation</b>: High <span style="background: LightGoldenRodYellow; margin: 4px; border: 1px solid khaki"> (<a href="http://terminology.hl7.org/5.3.0/CodeSystem-v3-ObservationInterpretation.html">ObservationInterpretation</a>#H)</span></p><h3>ReferenceRanges</h3><table class="grid"><tr><td style="display: none">-</td><td><b>Low</b></td><td><b>High</b></td><td><b>Type</b></td></tr><tr><td style="display: none">*</td><td>3.1 mmol/l<span style="background: LightGoldenRodYellow"> (Details: UCUM code mmol/l = 'mmol/l')</span></td><td>6.2 mmol/l<span style="background: LightGoldenRodYellow"> (Details: UCUM code mmol/l = 'mmol/l')</span></td><td>Type <span style="background: LightGoldenRodYellow; margin: 4px; border: 1px solid khaki"> (<a href="http://terminology.hl7.org/5.3.0/CodeSystem-referencerange-meaning.html">Observation Reference Range Meaning Codes</a>#type)</span></td></tr></table></div>
        </text>
        <status value="final"/>
        <code>
          <coding>
            <system value="http://loinc.org"/>
            <code value="15074-8"/>
          </coding>
          <text value="Glucose"/>
        </code>
        <subject>
          <reference value="Patient/HIMSPatientExample"/>
        </subject>
        <encounter>
          <reference value="Encounter/TargetFacilityEncounterExample"/>
        </encounter>
        <effectiveDateTime value="2022-11-30"/>
        <performer>
          <reference value="Organization/OrganizationExample"/>
        </performer>
        <performer>
          <reference value="Practitioner/GeneralPractitionerExample"/>
        </performer>
        <valueQuantity>
          <value value="6.3"/>
          <unit value="mmol/l"/>
          <system value="http://unitsofmeasure.org"/>
          <code value="mmol/l"/>
        </valueQuantity>
        <interpretation>
          <coding>
            <system value="http://terminology.hl7.org/CodeSystem/v3-ObservationInterpretation"/>
            <code value="H"/>
          </coding>
        </interpretation>
        <referenceRange>
          <low>
            <value value="3.1"/>
            <unit value="mmol/l"/>
            <system value="http://unitsofmeasure.org"/>
            <code value="mmol/l"/>
          </low>
          <high>
            <value value="6.2"/>
            <unit value="mmol/l"/>
            <system value="http://unitsofmeasure.org"/>
            <code value="mmol/l"/>
          </high>
          <type>
            <coding>
              <system value="http://terminology.hl7.org/CodeSystem/referencerange-meaning"/>
              <code value="type"/>
            </coding>
          </type>
        </referenceRange>
      </Observation>
    </resource>
  </entry>
  <entry>
    <fullUrl value="Observation/FastingBloodSugarExample"/>
    <resource>
      <Observation>
        <id value="FastingBloodSugarExample"/>
        <meta>
          <profile value="http://openhie.org/fhir/sri-lanka/StructureDefinition/fasting-blood-sugar"/>
        </meta>
        <text>
          <status value="generated"/><div xmlns="http://www.w3.org/1999/xhtml"><p><b>Generated Narrative: Observation</b><a name="FastingBloodSugarExample"> </a></p><div style="display: inline-block; background-color: #d9e0e7; padding: 6px; margin: 4px; border: 1px solid #8da1b4; border-radius: 5px; line-height: 60%"><p style="margin-bottom: 0px">Resource Observation &quot;FastingBloodSugarExample&quot; </p><p style="margin-bottom: 0px">Profile: <a href="StructureDefinition-fasting-blood-sugar.html">Fasting Blood Sugar Observation</a></p></div><p><b>status</b>: final</p><p><b>code</b>: Fasting glucose <span style="background: LightGoldenRodYellow; margin: 4px; border: 1px solid khaki"> (<a href="https://loinc.org/">LOINC</a>#76629-5)</span></p><p><b>subject</b>: <a href="#Patient_HIMSPatientExample">See above (Patient/HIMSPatientExample)</a></p><p><b>encounter</b>: <a href="#Encounter_TargetFacilityEncounterExample">See above (Encounter/TargetFacilityEncounterExample)</a></p><p><b>effective</b>: 2022-11-30</p><p><b>performer</b>: </p><ul><li><a href="#Organization_OrganizationExample">See above (Organization/OrganizationExample)</a></li><li><a href="#Practitioner_GeneralPractitionerExample">See above (Practitioner/GeneralPractitionerExample)</a></li></ul><p><b>value</b>: 5.4 mmol/l<span style="background: LightGoldenRodYellow"> (Details: UCUM code mmol/l = 'mmol/l')</span></p><p><b>interpretation</b>: Normal <span style="background: LightGoldenRodYellow; margin: 4px; border: 1px solid khaki"> (<a href="http://terminology.hl7.org/5.3.0/CodeSystem-v3-ObservationInterpretation.html">ObservationInterpretation</a>#N)</span></p><h3>ReferenceRanges</h3><table class="grid"><tr><td style="display: none">-</td><td><b>Low</b></td><td><b>High</b></td><td><b>Type</b></td></tr><tr><td style="display: none">*</td><td>3.9 mmol/l<span style="background: LightGoldenRodYellow"> (Details: UCUM code mmol/l = 'mmol/l')</span></td><td>5.6 mmol/l<span style="background: LightGoldenRodYellow"> (Details: UCUM code mmol/l = 'mmol/l')</span></td><td>Type <span style="background: LightGoldenRodYellow; margin: 4px; border: 1px solid khaki"> (<a href="http://terminology.hl7.org/5.3.0/CodeSystem-referencerange-meaning.html">Observation Reference Range Meaning Codes</a>#type)</span></td></tr></table></div>
        </text>
        <status value="final"/>
        <code>
          <coding>
            <system value="http://loinc.org"/>
            <code value="76629-5"/>
          </coding>
          <text value="Fasting glucose"/>
        </code>
        <subject>
          <reference value="Patient/HIMSPatientExample"/>
        </subject>
        <encounter>
          <reference value="Encounter/TargetFacilityEncounterExample"/>
        </encounter>
        <effectiveDateTime value="2022-11-30"/>
        <performer>
          <reference value="Organization/OrganizationExample"/>
        </performer>
        <performer>
          <reference value="Practitioner/GeneralPractitionerExample"/>
        </performer>
        <valueQuantity>
          <value value="5.4"/>
          <unit value="mmol/l"/>
          <system value="http://unitsofmeasure.org"/>
          <code value="mmol/l"/>
        </valueQuantity>
        <interpretation>
          <coding>
            <system value="http://terminology.hl7.org/CodeSystem/v3-ObservationInterpretation"/>
            <code value="N"/>
          </coding>
        </interpretation>
        <referenceRange>
          <low>
            <value value="3.9"/>
            <unit value="mmol/l"/>
            <system value="http://unitsofmeasure.org"/>
            <code value="mmol/l"/>
          </low>
          <high>
            <value value="5.6"/>
            <unit value="mmol/l"/>
            <system value="http://unitsofmeasure.org"/>
            <code value="mmol/l"/>
          </high>
          <type>
            <coding>
              <system value="http://terminology.hl7.org/CodeSystem/referencerange-meaning"/>
              <code value="type"/>
            </coding>
          </type>
        </referenceRange>
      </Observation>
    </resource>
  </entry>
  <entry>
    <fullUrl value="Observation/TotalCholesterolExample"/>
    <resource>
      <Observation>
        <id value="TotalCholesterolExample"/>
        <meta>
          <profile value="http://openhie.org/fhir/sri-lanka/StructureDefinition/total-cholesterol"/>
        </meta>
        <text>
          <status value="generated"/><div xmlns="http://www.w3.org/1999/xhtml"><p><b>Generated Narrative: Observation</b><a name="TotalCholesterolExample"> </a></p><div style="display: inline-block; background-color: #d9e0e7; padding: 6px; margin: 4px; border: 1px solid #8da1b4; border-radius: 5px; line-height: 60%"><p style="margin-bottom: 0px">Resource Observation &quot;TotalCholesterolExample&quot; </p><p style="margin-bottom: 0px">Profile: <a href="StructureDefinition-total-cholesterol.html">Total Cholesterol</a></p></div><p><b>status</b>: final</p><p><b>code</b>: Cholesterol <span style="background: LightGoldenRodYellow; margin: 4px; border: 1px solid khaki"> (<a href="https://loinc.org/">LOINC</a>#2093-3)</span></p><p><b>subject</b>: <a href="#Patient_HIMSPatientExample">See above (Patient/HIMSPatientExample)</a></p><p><b>encounter</b>: <a href="#Encounter_TargetFacilityEncounterExample">See above (Encounter/TargetFacilityEncounterExample)</a></p><p><b>effective</b>: 2022-11-30</p><p><b>performer</b>: </p><ul><li><a href="#Organization_OrganizationExample">See above (Organization/OrganizationExample)</a></li><li><a href="#Practitioner_GeneralPractitionerExample">See above (Practitioner/GeneralPractitionerExample)</a></li></ul><p><b>value</b>: 6.3 mmol/l<span style="background: LightGoldenRodYellow"> (Details: UCUM code mmol/l = 'mmol/l')</span></p><p><b>interpretation</b>: High <span style="background: LightGoldenRodYellow; margin: 4px; border: 1px solid khaki"> (<a href="http://terminology.hl7.org/5.3.0/CodeSystem-v3-ObservationInterpretation.html">ObservationInterpretation</a>#H)</span></p><h3>ReferenceRanges</h3><table class="grid"><tr><td style="display: none">-</td><td><b>High</b></td><td><b>Type</b></td></tr><tr><td style="display: none">*</td><td>5 mmol/l<span style="background: LightGoldenRodYellow"> (Details: UCUM code mmol/l = 'mmol/l')</span></td><td>Type <span style="background: LightGoldenRodYellow; margin: 4px; border: 1px solid khaki"> (<a href="http://terminology.hl7.org/5.3.0/CodeSystem-referencerange-meaning.html">Observation Reference Range Meaning Codes</a>#type)</span></td></tr></table></div>
        </text>
        <status value="final"/>
        <code>
          <coding>
            <system value="http://loinc.org"/>
            <code value="2093-3"/>
          </coding>
          <text value="Cholesterol"/>
        </code>
        <subject>
          <reference value="Patient/HIMSPatientExample"/>
        </subject>
        <encounter>
          <reference value="Encounter/TargetFacilityEncounterExample"/>
        </encounter>
        <effectiveDateTime value="2022-11-30"/>
        <performer>
          <reference value="Organization/OrganizationExample"/>
        </performer>
        <performer>
          <reference value="Practitioner/GeneralPractitionerExample"/>
        </performer>
        <valueQuantity>
          <value value="6.3"/>
          <unit value="mmol/l"/>
          <system value="http://unitsofmeasure.org"/>
          <code value="mmol/l"/>
        </valueQuantity>
        <interpretation>
          <coding>
            <system value="http://terminology.hl7.org/CodeSystem/v3-ObservationInterpretation"/>
            <code value="H"/>
          </coding>
        </interpretation>
        <referenceRange>
          <high>
            <value value="5"/>
            <unit value="mmol/l"/>
            <system value="http://unitsofmeasure.org"/>
            <code value="mmol/l"/>
          </high>
          <type>
            <coding>
              <system value="http://terminology.hl7.org/CodeSystem/referencerange-meaning"/>
              <code value="type"/>
            </coding>
          </type>
        </referenceRange>
      </Observation>
    </resource>
  </entry>
  <entry>
    <fullUrl value="RiskAssessment/CVDRiskCategoryExample"/>
    <resource>
      <RiskAssessment>
        <id value="CVDRiskCategoryExample"/>
        <meta>
          <profile value="http://openhie.org/fhir/sri-lanka/StructureDefinition/cvd-risk-category"/>
        </meta>
        <text>
          <status value="generated"/><div xmlns="http://www.w3.org/1999/xhtml"><p><b>Generated Narrative: RiskAssessment</b><a name="CVDRiskCategoryExample"> </a></p><div style="display: inline-block; background-color: #d9e0e7; padding: 6px; margin: 4px; border: 1px solid #8da1b4; border-radius: 5px; line-height: 60%"><p style="margin-bottom: 0px">Resource RiskAssessment &quot;CVDRiskCategoryExample&quot; </p><p style="margin-bottom: 0px">Profile: <a href="StructureDefinition-cvd-risk-category.html">Cardiovascular Risk Category</a></p></div><p><b>identifier</b>: CVD risk category identifier: risk-assessment-cardiac</p><p><b>status</b>: final</p><p><b>subject</b>: <a href="#Patient_HIMSPatientExample">See above (Patient/HIMSPatientExample)</a></p><p><b>encounter</b>: <a href="#Encounter_TargetFacilityEncounterExample">See above (Encounter/TargetFacilityEncounterExample)</a></p><p><b>occurrence</b>: 2023-10-06 13:28:17-0500</p><p><b>performer</b>: <a href="#Practitioner_GeneralPractitionerExample">See above (Practitioner/GeneralPractitionerExample)</a></p><p><b>basis</b>: </p><ul><li><a href="#Patient_HIMSPatientExample">See above (Patient/HIMSPatientExample)</a></li><li><a href="#Observation_RiskBehaviourTobaccoSmokerExample">See above (Observation/RiskBehaviourTobaccoSmokerExample)</a></li><li><a href="#Observation_TotalCholesterolExample">See above (Observation/TotalCholesterolExample)</a></li><li><a href="#Observation_BloodPressureExample">See above (Observation/BloodPressureExample)</a></li><li><a href="#Observation_RandomBloodSugarExample">See above (Observation/RandomBloodSugarExample)</a></li><li><a href="#Observation_FastingBloodSugarExample">See above (Observation/FastingBloodSugarExample)</a></li></ul><h3>Predictions</h3><table class="grid"><tr><td style="display: none">-</td><td><b>Outcome</b></td><td><b>Probability[x]</b></td><td><b>QualitativeRisk</b></td><td><b>When[x]</b></td></tr><tr><td style="display: none">*</td><td>Risk of heart attack <span style="background: LightGoldenRodYellow; margin: 4px; border: 1px solid khaki"> (<a href="https://browser.ihtsdotools.org/">SNOMED CT</a>#395112001)</span></td><td>0.02</td><td>Risk Category <span style="background: LightGoldenRodYellow; margin: 4px; border: 1px solid khaki"> (<a href="CodeSystem-cs-cvd-risk-category.html">Cardiovascular Risk Category Probability Percentage Ranges</a>#greater-than-or-equal-to-30)</span></td><td>39-49 years</td></tr></table></div>
        </text>
        <identifier>
          <type>
            <coding>
              <system value="http://terminology.hl7.org/CodeSystem/v2-0203"/>
              <code value="FILL"/>
            </coding>
            <text value="CVD risk category identifier"/>
          </type>
          <system value="http://openhie.org/fhir/sri-lanka/identifier/CVD-risk-category"/>
          <value value="risk-assessment-cardiac"/>
        </identifier>
        <status value="final"/>
        <subject>
          <reference value="Patient/HIMSPatientExample"/>
        </subject>
        <encounter>
          <reference value="Encounter/TargetFacilityEncounterExample"/>
        </encounter>
        <occurrenceDateTime value="2023-10-06T13:28:17-05:00"/>
        <performer>
          <reference value="Practitioner/GeneralPractitionerExample"/>
        </performer>
        <basis>
          <reference value="Patient/HIMSPatientExample"/>
        </basis>
        <basis>
          <reference value="Observation/RiskBehaviourTobaccoSmokerExample"/>
        </basis>
        <basis>
          <reference value="Observation/TotalCholesterolExample"/>
        </basis>
        <basis>
          <reference value="Observation/BloodPressureExample"/>
        </basis>
        <basis>
          <reference value="Observation/RandomBloodSugarExample"/>
        </basis>
        <basis>
          <reference value="Observation/FastingBloodSugarExample"/>
        </basis>
        <prediction>
          <outcome>
            <coding>
              <system value="http://snomed.info/sct"/>
              <code value="395112001"/>
            </coding>
            <text value="Risk of heart attack"/>
          </outcome>
          <probabilityDecimal value="0.02"/>
          <qualitativeRisk>
            <coding>
              <system value="http://openhie.org/fhir/sri-lanka/CodeSystem/cs-cvd-risk-category"/>
              <code value="greater-than-or-equal-to-30"/>
            </coding>
            <text value="Risk Category"/>
          </qualitativeRisk>
          <whenRange>
            <low>
              <value value="39"/>
              <unit value="years"/>
              <system value="http://unitsofmeasure.org"/>
              <code value="a"/>
            </low>
            <high>
              <value value="49"/>
              <unit value="years"/>
              <system value="http://unitsofmeasure.org"/>
              <code value="a"/>
            </high>
          </whenRange>
        </prediction>
      </RiskAssessment>
    </resource>
  </entry>
  <entry>
    <fullUrl value="ServiceRequest/FollowUpPlanServiceRequestExample"/>
    <resource>
      <ServiceRequest>
        <id value="FollowUpPlanServiceRequestExample"/>
        <meta>
          <profile value="http://openhie.org/fhir/sri-lanka/StructureDefinition/follow-up-plan"/>
        </meta>
        <text>
          <status value="generated"/><div xmlns="http://www.w3.org/1999/xhtml"><p><b>Generated Narrative: ServiceRequest</b><a name="FollowUpPlanServiceRequestExample"> </a></p><div style="display: inline-block; background-color: #d9e0e7; padding: 6px; margin: 4px; border: 1px solid #8da1b4; border-radius: 5px; line-height: 60%"><p style="margin-bottom: 0px">Resource ServiceRequest &quot;FollowUpPlanServiceRequestExample&quot; </p><p style="margin-bottom: 0px">Profile: <a href="StructureDefinition-follow-up-plan.html">Follow-up Plan</a></p></div><p><b>identifier</b>: Referral request identifier: Refferal-12345</p><p><b>status</b>: completed</p><p><b>intent</b>: order</p><p><b>category</b>: Referral to service <span style="background: LightGoldenRodYellow; margin: 4px; border: 1px solid khaki"> (<a href="https://browser.ihtsdotools.org/">SNOMED CT</a>#306206005)</span></p><p><b>code</b>: Follow up at HLC <span style="background: LightGoldenRodYellow; margin: 4px; border: 1px solid khaki"> (<a href="CodeSystem-cs-follow-up-plan.html">Follow-up plan</a>#Follow-up-at-hlc)</span></p><p><b>subject</b>: <a href="#Patient_HIMSPatientExample">See above (Patient/HIMSPatientExample)</a></p><p><b>encounter</b>: <a href="#Encounter_TargetFacilityEncounterExample">See above (Encounter/TargetFacilityEncounterExample)</a></p><p><b>occurrence</b>: 2023-10-06 13:28:17-0500</p><p><b>requester</b>: <a href="#Practitioner_GeneralPractitionerExample">See above (Practitioner/GeneralPractitionerExample)</a></p><p><b>reasonCode</b>: Followed in 6 months at HLC <span style="background: LightGoldenRodYellow; margin: 4px; border: 1px solid khaki"> (<a href="CodeSystem-cs-follow-up-reasons.html">Follow up at HLC</a>#Followed-in-6-months-at-hlc)</span></p></div>
        </text>
        <identifier>
          <type>
            <coding>
              <system value="http://terminology.hl7.org/CodeSystem/v2-0203"/>
              <code value="PLAC"/>
              <display value="Placer Identifier"/>
            </coding>
            <text value="Referral request identifier"/>
          </type>
          <system value="http://openhie.org/fhir/sri-lanka/identifier/referral-request"/>
          <value value="Refferal-12345"/>
        </identifier>
        <status value="completed"/>
        <intent value="order"/>
        <category>
          <coding>
            <system value="http://snomed.info/sct"/>
            <code value="306206005"/>
          </coding>
          <text value="Referral to service"/>
        </category>
        <code>
          <coding>
            <system value="http://openhie.org/fhir/sri-lanka/CodeSystem/cs-follow-up-plan"/>
            <code value="Follow-up-at-hlc"/>
          </coding>
          <text value="Follow up at HLC"/>
        </code>
        <subject>
          <reference value="Patient/HIMSPatientExample"/>
        </subject>
        <encounter>
          <reference value="Encounter/TargetFacilityEncounterExample"/>
        </encounter>
        <occurrenceDateTime value="2023-10-06T13:28:17-05:00"/>
        <requester>
          <reference value="Practitioner/GeneralPractitionerExample"/>
        </requester>
        <reasonCode>
          <coding>
            <system value="http://openhie.org/fhir/sri-lanka/CodeSystem/cs-follow-up-reasons"/>
            <code value="Followed-in-6-months-at-hlc"/>
          </coding>
          <text value="Followed in 6 months at HLC"/>
        </reasonCode>
      </ServiceRequest>
    </resource>
  </entry>
  <entry>
    <fullUrl value="CarePlan/FollowUpAtHLCExample"/>
    <resource>
      <CarePlan>
        <id value="FollowUpAtHLCExample"/>
        <meta>
          <profile value="http://openhie.org/fhir/sri-lanka/StructureDefinition/follow-up-at-hlc"/>
        </meta>
        <text>
          <status value="generated"/><div xmlns="http://www.w3.org/1999/xhtml"><p><b>Generated Narrative: CarePlan</b><a name="FollowUpAtHLCExample"> </a></p><div style="display: inline-block; background-color: #d9e0e7; padding: 6px; margin: 4px; border: 1px solid #8da1b4; border-radius: 5px; line-height: 60%"><p style="margin-bottom: 0px">Resource CarePlan &quot;FollowUpAtHLCExample&quot; </p><p style="margin-bottom: 0px">Profile: <a href="StructureDefinition-follow-up-at-hlc.html">Follow-up at HLC</a></p></div><p><b>status</b>: active</p><p><b>intent</b>: order</p><p><b>subject</b>: <a href="#Patient_HIMSPatientExample">See above (Patient/HIMSPatientExample)</a></p><p><b>encounter</b>: <a href="#Encounter_TargetFacilityEncounterExample">See above (Encounter/TargetFacilityEncounterExample)</a></p><p><b>period</b>: 2022-12-01 --&gt; (ongoing)</p><p><b>contributor</b>: <a href="#Organization_OrganizationExample">See above (Organization/OrganizationExample)</a></p><h3>Activities</h3><table class="grid"><tr><td style="display: none">-</td><td><b>Reference</b></td></tr><tr><td style="display: none">*</td><td><a href="#ServiceRequest_FollowUpPlanServiceRequestExample">See above (ServiceRequest/FollowUpPlanServiceRequestExample)</a></td></tr></table></div>
        </text>
        <status value="active"/>
        <intent value="order"/>
        <subject>
          <reference value="Patient/HIMSPatientExample"/>
        </subject>
        <encounter>
          <reference value="Encounter/TargetFacilityEncounterExample"/>
        </encounter>
        <period>
          <start value="2022-12-01"/>
        </period>
        <contributor>
          <reference value="Organization/OrganizationExample"/>
        </contributor>
        <activity>
          <reference>
            <reference value="ServiceRequest/FollowUpPlanServiceRequestExample"/>
          </reference>
        </activity>
      </CarePlan>
    </resource>
  </entry>
  <entry>
    <fullUrl value="Observation/HypertensionExample"/>
    <resource>
      <Observation>
        <id value="HypertensionExample"/>
        <meta>
          <profile value="http://openhie.org/fhir/sri-lanka/StructureDefinition/hypertension"/>
        </meta>
        <text>
          <status value="generated"/><div xmlns="http://www.w3.org/1999/xhtml"><p><b>Generated Narrative: Observation</b><a name="HypertensionExample"> </a></p><div style="display: inline-block; background-color: #d9e0e7; padding: 6px; margin: 4px; border: 1px solid #8da1b4; border-radius: 5px; line-height: 60%"><p style="margin-bottom: 0px">Resource Observation &quot;HypertensionExample&quot; </p><p style="margin-bottom: 0px">Profile: <a href="StructureDefinition-hypertension.html">Hypertension</a></p></div><p><b>status</b>: final</p><p><b>category</b>: Vital Signs <span style="background: LightGoldenRodYellow; margin: 4px; border: 1px solid khaki"> (<a href="http://terminology.hl7.org/5.3.0/CodeSystem-observation-category.html">Observation Category Codes</a>#vital-signs)</span></p><p><b>code</b>: Hypertension <span style="background: LightGoldenRodYellow; margin: 4px; border: 1px solid khaki"> (<a href="https://browser.ihtsdotools.org/">SNOMED CT</a>#38341003)</span></p><p><b>subject</b>: <a href="#Patient_HIMSPatientExample">See above (Patient/HIMSPatientExample)</a></p><p><b>encounter</b>: <a href="#Encounter_TargetFacilityEncounterExample">See above (Encounter/TargetFacilityEncounterExample)</a></p><p><b>effective</b>: 2022-11-30</p><p><b>performer</b>: </p><ul><li><a href="#Organization_OrganizationExample">See above (Organization/OrganizationExample)</a></li><li><a href="#Practitioner_GeneralPractitionerExample">See above (Practitioner/GeneralPractitionerExample)</a></li></ul><p><b>value</b>: 140 mmHg<span style="background: LightGoldenRodYellow"> (Details: UCUM code mm[Hg] = 'mm[Hg]')</span></p><p><b>derivedFrom</b>: <a href="#Observation_BloodPressureExample">See above (Observation/BloodPressureExample)</a></p></div>
        </text>
        <status value="final"/>
        <category>
          <coding>
            <system value="http://terminology.hl7.org/CodeSystem/observation-category"/>
            <code value="vital-signs"/>
          </coding>
        </category>
        <code>
          <coding>
            <system value="http://snomed.info/sct"/>
            <code value="38341003"/>
          </coding>
          <text value="Hypertension"/>
        </code>
        <subject>
          <reference value="Patient/HIMSPatientExample"/>
        </subject>
        <encounter>
          <reference value="Encounter/TargetFacilityEncounterExample"/>
        </encounter>
        <effectiveDateTime value="2022-11-30"/>
        <performer>
          <reference value="Organization/OrganizationExample"/>
        </performer>
        <performer>
          <reference value="Practitioner/GeneralPractitionerExample"/>
        </performer>
        <valueQuantity>
          <value value="140"/>
          <unit value="mmHg"/>
          <system value="http://unitsofmeasure.org"/>
          <code value="mm[Hg]"/>
        </valueQuantity>
        <derivedFrom>
          <reference value="Observation/BloodPressureExample"/>
        </derivedFrom>
      </Observation>
    </resource>
  </entry>
  <entry>
    <fullUrl value="Condition/MedicalHistoryExample"/>
    <resource>
      <Condition>
        <id value="MedicalHistoryExample"/>
        <meta>
          <profile value="http://openhie.org/fhir/sri-lanka/StructureDefinition/MedicalHistory"/>
        </meta>
        <text>
          <status value="generated"/><div xmlns="http://www.w3.org/1999/xhtml"><p><b>Generated Narrative: Condition</b><a name="MedicalHistoryExample"> </a></p><div style="display: inline-block; background-color: #d9e0e7; padding: 6px; margin: 4px; border: 1px solid #8da1b4; border-radius: 5px; line-height: 60%"><p style="margin-bottom: 0px">Resource Condition &quot;MedicalHistoryExample&quot; </p><p style="margin-bottom: 0px">Profile: <a href="StructureDefinition-MedicalHistory.html">Medical History</a></p></div><p><b>clinicalStatus</b>: Active <span style="background: LightGoldenRodYellow; margin: 4px; border: 1px solid khaki"> (<a href="http://terminology.hl7.org/5.3.0/CodeSystem-condition-clinical.html">Condition Clinical Status Codes</a>#active)</span></p><p><b>verificationStatus</b>: Confirmed <span style="background: LightGoldenRodYellow; margin: 4px; border: 1px solid khaki"> (<a href="http://terminology.hl7.org/5.3.0/CodeSystem-condition-ver-status.html">ConditionVerificationStatus</a>#confirmed)</span></p><p><b>category</b>: Encounter Diagnosis <span style="background: LightGoldenRodYellow; margin: 4px; border: 1px solid khaki"> (<a href="http://terminology.hl7.org/5.3.0/CodeSystem-condition-category.html">Condition Category Codes</a>#encounter-diagnosis)</span></p><p><b>code</b>: Cerebrovascular Accident <span style="background: LightGoldenRodYellow; margin: 4px; border: 1px solid khaki"> (<a href="CodeSystem-cs-medical-conditions.html">Conditions</a>#Cerebrovascular-Accident)</span></p><p><b>subject</b>: <a href="#Patient_HIMSPatientExample">See above (Patient/HIMSPatientExample)</a></p><p><b>encounter</b>: <a href="#Encounter_TargetFacilityEncounterExample">See above (Encounter/TargetFacilityEncounterExample)</a></p><p><b>recordedDate</b>: 2023-10-06 13:28:17-0500</p><p><b>recorder</b>: <a href="#Practitioner_GeneralPractitionerExample">See above (Practitioner/GeneralPractitionerExample)</a></p><p><b>asserter</b>: <a href="#Practitioner_GeneralPractitionerExample">See above (Practitioner/GeneralPractitionerExample)</a></p></div>
        </text>
        <clinicalStatus>
          <coding>
            <system value="http://terminology.hl7.org/CodeSystem/condition-clinical"/>
            <code value="active"/>
          </coding>
        </clinicalStatus>
        <verificationStatus>
          <coding>
            <system value="http://terminology.hl7.org/CodeSystem/condition-ver-status"/>
            <code value="confirmed"/>
          </coding>
        </verificationStatus>
        <category>
          <coding>
            <system value="http://terminology.hl7.org/CodeSystem/condition-category"/>
            <code value="encounter-diagnosis"/>
          </coding>
        </category>
        <code>
          <coding>
            <system value="http://openhie.org/fhir/sri-lanka/CodeSystem/cs-medical-conditions"/>
            <code value="Cerebrovascular-Accident"/>
          </coding>
        </code>
        <subject>
          <reference value="Patient/HIMSPatientExample"/>
        </subject>
        <encounter>
          <reference value="Encounter/TargetFacilityEncounterExample"/>
        </encounter>
        <recordedDate value="2023-10-06T13:28:17-05:00"/>
        <recorder>
          <reference value="Practitioner/GeneralPractitionerExample"/>
        </recorder>
        <asserter>
          <reference value="Practitioner/GeneralPractitionerExample"/>
        </asserter>
      </Condition>
    </resource>
  </entry>
</Bundle>