<?xml version="1.0" encoding="UTF-8"?>

<Encounter xmlns="http://hl7.org/fhir">
  <id value="TargetFacilityEncounterExample"/>
  <meta>
    <profile value="http://openhie.org/fhir/sri-lanka/StructureDefinition/target-facility-encounter"/>
  </meta>
  <text>
    <status value="generated"/><div xmlns="http://www.w3.org/1999/xhtml"><p><b>Generated Narrative: Encounter</b><a name="TargetFacilityEncounterExample"> </a></p><div style="display: inline-block; background-color: #d9e0e7; padding: 6px; margin: 4px; border: 1px solid #8da1b4; border-radius: 5px; line-height: 60%"><p style="margin-bottom: 0px">Resource Encounter &quot;TargetFacilityEncounterExample&quot; </p><p style="margin-bottom: 0px">Profile: <a href="StructureDefinition-target-facility-encounter.html">Target Facility Encounter</a></p></div><p><b>status</b>: finished</p><p><b>class</b>: ambulatory (Details: http://terminology.hl7.org/CodeSystem/v3-ActCode code AMB = 'ambulatory', stated as 'null')</p><p><b>subject</b>: <a href="Patient-HIMSPatientExample.html">Patient/HIMSPatientExample</a> &quot; SMITH&quot;</p><p><b>period</b>: 2022-12-01 --&gt; 2023-01-20</p></div>
  </text>
  <status value="finished"/>
  <class>
    <system value="http://terminology.hl7.org/CodeSystem/v3-ActCode"/>
    <code value="AMB"/>
  </class>
  <subject>
    <reference value="Patient/HIMSPatientExample"/>
  </subject>
  <period>
    <start value="2022-12-01"/>
    <end value="2023-01-20"/>
  </period>
</Encounter>