{
  "package": "openhie.fhir.sri-lanka",
  "version": "0.1.0",
  "fhirVersion": "4.0.1",
  "jurisdiction": "001",
  "extensions": [
    {
      "url": "http://openhie.org/fhir/sri-lanka/StructureDefinition/multiple-values-for-patient-identifier",
      "title": "Extension For Patient Idenitifiers Needing Multiple Values",
      "types": [
        "string"
      ]
    }
  ],
  "profiles": {
    "AllergyIntolerance": [
      {
        "url": "http://openhie.org/fhir/sri-lanka/StructureDefinition/allergy-intolerance",
        "title": "Allergy Intolerance"
      }
    ],
    "Observation": [
      {
        "url": "http://openhie.org/fhir/sri-lanka/StructureDefinition/total-cholesterol",
        "title": "Total Cholesterol Observation"
      },
      {
        "url": "http://openhie.org/fhir/sri-lanka/StructureDefinition/weight",
        "title": "Patient Weight Observation"
      }
    ],
    "RiskAssessment": [
      {
        "url": "http://openhie.org/fhir/sri-lanka/StructureDefinition/cvd-risk-category",
        "title": "Cardiovascular Risk Assessment"
      }
    ],
    "MedicationDispense": [
      {
        "url": "http://openhie.org/fhir/sri-lanka/StructureDefinition/drug-dispensation",
        "title": "Drug Dispensation"
      }
    ],
    "CarePlan": [
      {
        "url": "http://openhie.org/fhir/sri-lanka/StructureDefinition/follow-up-at-hlc",
        "title": "Follow-up at HLC"
      }
    ],
    "ServiceRequest": [
      {
        "url": "http://openhie.org/fhir/sri-lanka/StructureDefinition/investigations-request",
        "title": "Investigations Request"
      }
    ],
    "Task": [
      {
        "url": "http://openhie.org/fhir/sri-lanka/StructureDefinition/referral-task",
        "title": "Referral Task"
      }
    ],
    "Patient": [
      {
        "url": "http://openhie.org/fhir/sri-lanka/StructureDefinition/hims-patient",
        "title": "HIMS Patient"
      }
    ],
    "Composition": [
      {
        "url": "http://openhie.org/fhir/sri-lanka/StructureDefinition/hims-composition",
        "title": "HIMS Composition"
      }
    ],
    "ImagingStudy": [
      {
        "url": "http://openhie.org/fhir/sri-lanka/StructureDefinition/imaging-study",
        "title": "Imaging Study"
      }
    ],
    "MedicationAdministration": [
      {
        "url": "http://openhie.org/fhir/sri-lanka/StructureDefinition/injection",
        "title": "Injections"
      }
    ],
    "Condition": [
      {
        "url": "http://openhie.org/fhir/sri-lanka/StructureDefinition/medical-history",
        "title": "Medical History"
      }
    ],
    "MedicationRequest": [
      {
        "url": "http://openhie.org/fhir/sri-lanka/StructureDefinition/medication-request",
        "title": "Prescription Request"
      }
    ],
    "Communication": [
      {
        "url": "http://openhie.org/fhir/sri-lanka/StructureDefinition/notifiable-diseases-notified",
        "title": "Notifiable Diseases Notified"
      }
    ],
    "Organization": [
      {
        "url": "http://openhie.org/fhir/sri-lanka/StructureDefinition/organization",
        "title": "Organization"
      }
    ],
    "Practitioner": [
      {
        "url": "http://openhie.org/fhir/sri-lanka/StructureDefinition/practitioner",
        "title": "Practitioner"
      }
    ],
    "Procedure": [
      {
        "url": "http://openhie.org/fhir/sri-lanka/StructureDefinition/procedure",
        "title": "Procedures"
      }
    ],
    "Location": [
      {
        "url": "http://openhie.org/fhir/sri-lanka/StructureDefinition/providers-location",
        "title": "Providers Location"
      }
    ],
    "Encounter": [
      {
        "url": "http://openhie.org/fhir/sri-lanka/StructureDefinition/target-facility-encounter",
        "title": "Target Facility Encounter"
      }
    ]
  },
  "usage": {
    "http://hl7.org/fhir/StructureDefinition/elementdefinition-bestpractice": [
      "StructureDefinition.snapshot.element.constraint"
    ],
    "http://hl7.org/fhir/StructureDefinition/elementdefinition-bestpractice-explanation": [
      "StructureDefinition.snapshot.element.constraint"
    ],
    "http://hl7.org/fhir/StructureDefinition/elementdefinition-bindingName": [
      "StructureDefinition.snapshot.element.binding"
    ],
    "http://hl7.org/fhir/StructureDefinition/elementdefinition-isCommonBinding": [
      "StructureDefinition.snapshot.element.binding"
    ],
    "http://hl7.org/fhir/StructureDefinition/elementdefinition-maxValueSet": [
      "StructureDefinition.snapshot.element.binding"
    ],
    "http://hl7.org/fhir/StructureDefinition/elementdefinition-translatable": [
      "StructureDefinition.snapshot.element"
    ],
    "http://hl7.org/fhir/StructureDefinition/structuredefinition-display-hint": [
      "StructureDefinition.snapshot.element"
    ],
    "http://hl7.org/fhir/StructureDefinition/structuredefinition-explicit-type-name": [
      "StructureDefinition.snapshot.element"
    ],
    "http://hl7.org/fhir/StructureDefinition/structuredefinition-fhir-type": [
      "StructureDefinition.snapshot.element.type"
    ],
    "http://hl7.org/fhir/StructureDefinition/structuredefinition-hierarchy": [
      "StructureDefinition.snapshot.element.type"
    ],
    "http://hl7.org/fhir/StructureDefinition/structuredefinition-standards-status": [
      "StructureDefinition.snapshot.element"
    ],
    "http://hl7.org/fhir/tools/StructureDefinition/additional-binding": [
      "StructureDefinition.differential.element.binding",
      "StructureDefinition.snapshot.element.binding"
    ],
    "http://hl7.org/fhir/tools/StructureDefinition/ig-internal-dependency": [
      "ImplementationGuide.definition"
    ],
    "http://hl7.org/fhir/tools/StructureDefinition/ig-page-name": [
      "ImplementationGuide.definition.page",
      "ImplementationGuide.definition.page.page"
    ],
    "http://hl7.org/fhir/tools/StructureDefinition/ig-parameter": [
      "ImplementationGuide.definition"
    ],
    "http://hl7.org/fhir/tools/StructureDefinition/implementationguide-dependency-comment": [
      "ImplementationGuide.dependsOn"
    ],
    "http://hl7.org/fhir/tools/StructureDefinition/resource-information": [
      "ImplementationGuide.definition.resource"
    ],
    "http://openhie.org/fhir/sri-lanka/StructureDefinition/multiple-values-for-patient-identifier": [
      "Bundle.entry.resource.identifier",
      "Location.identifier",
      "Patient.identifier"
    ]
  }
}