<?xml version="1.0" encoding="UTF-8"?>

<ImplementationGuide xmlns="http://hl7.org/fhir">
  <id value="openhie.fhir.sri-lanka"/>
  <text>
    <status value="extensions"/><div xmlns="http://www.w3.org/1999/xhtml"><h2>SriLanka</h2><p>The official URL for this implementation guide is: </p><pre>http://openhie.org/fhir/sri-lanka/ImplementationGuide/openhie.fhir.sri-lanka</pre><div><p>A FHIR Implementation Guide - Sri Lanka</p>
</div></div>
  </text>
  <url value="http://openhie.org/fhir/sri-lanka/ImplementationGuide/openhie.fhir.sri-lanka"/>
  <version value="0.1.0"/>
  <name value="SriLanka"/>
  <title value="HL7 FHIR Implementation Guide: Sri Lanka"/>
  <status value="active"/>
  <date value="2023-10-05"/>
  <publisher value="Jembi Health Systems"/>
  <contact>
    <name value="Jembi Health Systems"/>
    <telecom>
      <system value="url"/>
      <value value="https://www.jembi.org"/>
    </telecom>
    <telecom>
      <system value="email"/>
      <value value="info@jembi.org"/>
    </telecom>
  </contact>
  <contact>
    <name value="Richard Langford"/>
    <telecom>
      <system value="email"/>
      <value value="richard.langford@jembi.org"/>
      <use value="work"/>
    </telecom>
  </contact>
  <description value="A FHIR Implementation Guide - Sri Lanka"/>
  <jurisdiction>
    <coding>
      <system value="http://unstats.un.org/unsd/methods/m49/m49.htm"/>
      <code value="001"/>
      <display value="World"/>
    </coding>
  </jurisdiction>
  <packageId value="openhie.fhir.sri-lanka"/>
  <license value="CC0-1.0"/>
  <fhirVersion value="4.0.1"/>
  <dependsOn id="hl7tx">
    <extension url="http://hl7.org/fhir/tools/StructureDefinition/implementationguide-dependency-comment">
      <valueMarkdown value="Automatically added as a dependency - all IGs depend on HL7 Terminology"/>
    </extension>
    <uri value="http://terminology.hl7.org/ImplementationGuide/hl7.terminology"/>
    <packageId value="hl7.terminology.r4"/>
    <version value="5.3.0"/>
  </dependsOn>
  <dependsOn id="hl7ext">
    <extension url="http://hl7.org/fhir/tools/StructureDefinition/implementationguide-dependency-comment">
      <valueMarkdown value="Automatically added as a dependency - all IGs depend on the HL7 Extension Pack"/>
    </extension>
    <uri value="http://hl7.org/fhir/extensions/ImplementationGuide/hl7.fhir.uv.extensions"/>
    <packageId value="hl7.fhir.uv.extensions.r4"/>
    <version value="1.0.0"/>
  </dependsOn>
  <definition>
    <extension url="http://hl7.org/fhir/tools/StructureDefinition/ig-parameter">
      <extension url="code">
        <valueString value="copyrightyear"/>
      </extension>
      <extension url="value">
        <valueString value="2021+"/>
      </extension>
    </extension>
    <extension url="http://hl7.org/fhir/tools/StructureDefinition/ig-parameter">
      <extension url="code">
        <valueString value="releaselabel"/>
      </extension>
      <extension url="value">
        <valueString value="STU1"/>
      </extension>
    </extension>
    <extension url="http://hl7.org/fhir/tools/StructureDefinition/ig-parameter">
      <extension url="code">
        <valueString value="autoload-resources"/>
      </extension>
      <extension url="value">
        <valueString value="true"/>
      </extension>
    </extension>
    <extension url="http://hl7.org/fhir/tools/StructureDefinition/ig-parameter">
      <extension url="code">
        <valueString value="path-liquid"/>
      </extension>
      <extension url="value">
        <valueString value="template/liquid"/>
      </extension>
    </extension>
    <extension url="http://hl7.org/fhir/tools/StructureDefinition/ig-parameter">
      <extension url="code">
        <valueString value="path-liquid"/>
      </extension>
      <extension url="value">
        <valueString value="input/liquid"/>
      </extension>
    </extension>
    <extension url="http://hl7.org/fhir/tools/StructureDefinition/ig-parameter">
      <extension url="code">
        <valueString value="path-qa"/>
      </extension>
      <extension url="value">
        <valueString value="temp/qa"/>
      </extension>
    </extension>
    <extension url="http://hl7.org/fhir/tools/StructureDefinition/ig-parameter">
      <extension url="code">
        <valueString value="path-temp"/>
      </extension>
      <extension url="value">
        <valueString value="temp/pages"/>
      </extension>
    </extension>
    <extension url="http://hl7.org/fhir/tools/StructureDefinition/ig-parameter">
      <extension url="code">
        <valueString value="path-output"/>
      </extension>
      <extension url="value">
        <valueString value="output"/>
      </extension>
    </extension>
    <extension url="http://hl7.org/fhir/tools/StructureDefinition/ig-parameter">
      <extension url="code">
        <valueString value="path-suppressed-warnings"/>
      </extension>
      <extension url="value">
        <valueString value="input/ignoreWarnings.txt"/>
      </extension>
    </extension>
    <extension url="http://hl7.org/fhir/tools/StructureDefinition/ig-parameter">
      <extension url="code">
        <valueString value="path-history"/>
      </extension>
      <extension url="value">
        <valueString value="http://openhie.org/fhir/sri-lanka/history.html"/>
      </extension>
    </extension>
    <extension url="http://hl7.org/fhir/tools/StructureDefinition/ig-parameter">
      <extension url="code">
        <valueString value="template-html"/>
      </extension>
      <extension url="value">
        <valueString value="template-page.html"/>
      </extension>
    </extension>
    <extension url="http://hl7.org/fhir/tools/StructureDefinition/ig-parameter">
      <extension url="code">
        <valueString value="template-md"/>
      </extension>
      <extension url="value">
        <valueString value="template-page-md.html"/>
      </extension>
    </extension>
    <extension url="http://hl7.org/fhir/tools/StructureDefinition/ig-parameter">
      <extension url="code">
        <valueString value="apply-contact"/>
      </extension>
      <extension url="value">
        <valueString value="true"/>
      </extension>
    </extension>
    <extension url="http://hl7.org/fhir/tools/StructureDefinition/ig-parameter">
      <extension url="code">
        <valueString value="apply-context"/>
      </extension>
      <extension url="value">
        <valueString value="true"/>
      </extension>
    </extension>
    <extension url="http://hl7.org/fhir/tools/StructureDefinition/ig-parameter">
      <extension url="code">
        <valueString value="apply-copyright"/>
      </extension>
      <extension url="value">
        <valueString value="true"/>
      </extension>
    </extension>
    <extension url="http://hl7.org/fhir/tools/StructureDefinition/ig-parameter">
      <extension url="code">
        <valueString value="apply-jurisdiction"/>
      </extension>
      <extension url="value">
        <valueString value="true"/>
      </extension>
    </extension>
    <extension url="http://hl7.org/fhir/tools/StructureDefinition/ig-parameter">
      <extension url="code">
        <valueString value="apply-license"/>
      </extension>
      <extension url="value">
        <valueString value="true"/>
      </extension>
    </extension>
    <extension url="http://hl7.org/fhir/tools/StructureDefinition/ig-parameter">
      <extension url="code">
        <valueString value="apply-publisher"/>
      </extension>
      <extension url="value">
        <valueString value="true"/>
      </extension>
    </extension>
    <extension url="http://hl7.org/fhir/tools/StructureDefinition/ig-parameter">
      <extension url="code">
        <valueString value="apply-version"/>
      </extension>
      <extension url="value">
        <valueString value="true"/>
      </extension>
    </extension>
    <extension url="http://hl7.org/fhir/tools/StructureDefinition/ig-parameter">
      <extension url="code">
        <valueString value="apply-wg"/>
      </extension>
      <extension url="value">
        <valueString value="true"/>
      </extension>
    </extension>
    <extension url="http://hl7.org/fhir/tools/StructureDefinition/ig-parameter">
      <extension url="code">
        <valueString value="active-tables"/>
      </extension>
      <extension url="value">
        <valueString value="true"/>
      </extension>
    </extension>
    <extension url="http://hl7.org/fhir/tools/StructureDefinition/ig-parameter">
      <extension url="code">
        <valueString value="fmm-definition"/>
      </extension>
      <extension url="value">
        <valueString value="http://hl7.org/fhir/versions.html#maturity"/>
      </extension>
    </extension>
    <extension url="http://hl7.org/fhir/tools/StructureDefinition/ig-parameter">
      <extension url="code">
        <valueString value="propagate-status"/>
      </extension>
      <extension url="value">
        <valueString value="true"/>
      </extension>
    </extension>
    <extension url="http://hl7.org/fhir/tools/StructureDefinition/ig-parameter">
      <extension url="code">
        <valueString value="excludelogbinaryformat"/>
      </extension>
      <extension url="value">
        <valueString value="true"/>
      </extension>
    </extension>
    <extension url="http://hl7.org/fhir/tools/StructureDefinition/ig-parameter">
      <extension url="code">
        <valueString value="tabbed-snapshots"/>
      </extension>
      <extension url="value">
        <valueString value="true"/>
      </extension>
    </extension>
    <extension url="http://hl7.org/fhir/tools/StructureDefinition/ig-internal-dependency">
      <valueCode value="hl7.fhir.uv.tools#current"/>
    </extension>
    <extension url="http://hl7.org/fhir/tools/StructureDefinition/ig-parameter">
      <extension url="code">
        <valueCode value="copyrightyear"/>
      </extension>
      <extension url="value">
        <valueString value="2021+"/>
      </extension>
    </extension>
    <extension url="http://hl7.org/fhir/tools/StructureDefinition/ig-parameter">
      <extension url="code">
        <valueCode value="releaselabel"/>
      </extension>
      <extension url="value">
        <valueString value="STU1"/>
      </extension>
    </extension>
    <extension url="http://hl7.org/fhir/tools/StructureDefinition/ig-parameter">
      <extension url="code">
        <valueCode value="autoload-resources"/>
      </extension>
      <extension url="value">
        <valueString value="true"/>
      </extension>
    </extension>
    <extension url="http://hl7.org/fhir/tools/StructureDefinition/ig-parameter">
      <extension url="code">
        <valueCode value="path-liquid"/>
      </extension>
      <extension url="value">
        <valueString value="template/liquid"/>
      </extension>
    </extension>
    <extension url="http://hl7.org/fhir/tools/StructureDefinition/ig-parameter">
      <extension url="code">
        <valueCode value="path-liquid"/>
      </extension>
      <extension url="value">
        <valueString value="input/liquid"/>
      </extension>
    </extension>
    <extension url="http://hl7.org/fhir/tools/StructureDefinition/ig-parameter">
      <extension url="code">
        <valueCode value="path-qa"/>
      </extension>
      <extension url="value">
        <valueString value="temp/qa"/>
      </extension>
    </extension>
    <extension url="http://hl7.org/fhir/tools/StructureDefinition/ig-parameter">
      <extension url="code">
        <valueCode value="path-temp"/>
      </extension>
      <extension url="value">
        <valueString value="temp/pages"/>
      </extension>
    </extension>
    <extension url="http://hl7.org/fhir/tools/StructureDefinition/ig-parameter">
      <extension url="code">
        <valueCode value="path-output"/>
      </extension>
      <extension url="value">
        <valueString value="output"/>
      </extension>
    </extension>
    <extension url="http://hl7.org/fhir/tools/StructureDefinition/ig-parameter">
      <extension url="code">
        <valueCode value="path-suppressed-warnings"/>
      </extension>
      <extension url="value">
        <valueString value="input/ignoreWarnings.txt"/>
      </extension>
    </extension>
    <extension url="http://hl7.org/fhir/tools/StructureDefinition/ig-parameter">
      <extension url="code">
        <valueCode value="path-history"/>
      </extension>
      <extension url="value">
        <valueString value="http://openhie.org/fhir/sri-lanka/history.html"/>
      </extension>
    </extension>
    <extension url="http://hl7.org/fhir/tools/StructureDefinition/ig-parameter">
      <extension url="code">
        <valueCode value="template-html"/>
      </extension>
      <extension url="value">
        <valueString value="template-page.html"/>
      </extension>
    </extension>
    <extension url="http://hl7.org/fhir/tools/StructureDefinition/ig-parameter">
      <extension url="code">
        <valueCode value="template-md"/>
      </extension>
      <extension url="value">
        <valueString value="template-page-md.html"/>
      </extension>
    </extension>
    <extension url="http://hl7.org/fhir/tools/StructureDefinition/ig-parameter">
      <extension url="code">
        <valueCode value="apply-contact"/>
      </extension>
      <extension url="value">
        <valueString value="true"/>
      </extension>
    </extension>
    <extension url="http://hl7.org/fhir/tools/StructureDefinition/ig-parameter">
      <extension url="code">
        <valueCode value="apply-context"/>
      </extension>
      <extension url="value">
        <valueString value="true"/>
      </extension>
    </extension>
    <extension url="http://hl7.org/fhir/tools/StructureDefinition/ig-parameter">
      <extension url="code">
        <valueCode value="apply-copyright"/>
      </extension>
      <extension url="value">
        <valueString value="true"/>
      </extension>
    </extension>
    <extension url="http://hl7.org/fhir/tools/StructureDefinition/ig-parameter">
      <extension url="code">
        <valueCode value="apply-jurisdiction"/>
      </extension>
      <extension url="value">
        <valueString value="true"/>
      </extension>
    </extension>
    <extension url="http://hl7.org/fhir/tools/StructureDefinition/ig-parameter">
      <extension url="code">
        <valueCode value="apply-license"/>
      </extension>
      <extension url="value">
        <valueString value="true"/>
      </extension>
    </extension>
    <extension url="http://hl7.org/fhir/tools/StructureDefinition/ig-parameter">
      <extension url="code">
        <valueCode value="apply-publisher"/>
      </extension>
      <extension url="value">
        <valueString value="true"/>
      </extension>
    </extension>
    <extension url="http://hl7.org/fhir/tools/StructureDefinition/ig-parameter">
      <extension url="code">
        <valueCode value="apply-version"/>
      </extension>
      <extension url="value">
        <valueString value="true"/>
      </extension>
    </extension>
    <extension url="http://hl7.org/fhir/tools/StructureDefinition/ig-parameter">
      <extension url="code">
        <valueCode value="apply-wg"/>
      </extension>
      <extension url="value">
        <valueString value="true"/>
      </extension>
    </extension>
    <extension url="http://hl7.org/fhir/tools/StructureDefinition/ig-parameter">
      <extension url="code">
        <valueCode value="active-tables"/>
      </extension>
      <extension url="value">
        <valueString value="true"/>
      </extension>
    </extension>
    <extension url="http://hl7.org/fhir/tools/StructureDefinition/ig-parameter">
      <extension url="code">
        <valueCode value="fmm-definition"/>
      </extension>
      <extension url="value">
        <valueString value="http://hl7.org/fhir/versions.html#maturity"/>
      </extension>
    </extension>
    <extension url="http://hl7.org/fhir/tools/StructureDefinition/ig-parameter">
      <extension url="code">
        <valueCode value="propagate-status"/>
      </extension>
      <extension url="value">
        <valueString value="true"/>
      </extension>
    </extension>
    <extension url="http://hl7.org/fhir/tools/StructureDefinition/ig-parameter">
      <extension url="code">
        <valueCode value="excludelogbinaryformat"/>
      </extension>
      <extension url="value">
        <valueString value="true"/>
      </extension>
    </extension>
    <extension url="http://hl7.org/fhir/tools/StructureDefinition/ig-parameter">
      <extension url="code">
        <valueCode value="tabbed-snapshots"/>
      </extension>
      <extension url="value">
        <valueString value="true"/>
      </extension>
    </extension>
    <resource>
      <extension url="http://hl7.org/fhir/tools/StructureDefinition/resource-information">
        <valueString value="ValueSet"/>
      </extension>
      <reference>
        <reference value="ValueSet/vs-absent-or-unknown-allergies"/>
      </reference>
      <name value="Absent or Unknown Allergies"/>
      <description value="Absent or Unknown Allergies"/>
      <exampleBoolean value="false"/>
    </resource>
    <resource>
      <extension url="http://hl7.org/fhir/tools/StructureDefinition/resource-information">
        <valueString value="CodeSystem"/>
      </extension>
      <reference>
        <reference value="CodeSystem/cs-absent-or-unknown-allergies"/>
      </reference>
      <name value="Absent or Unknown Allergies"/>
      <description value="Absent or Unknown Allergies"/>
      <exampleBoolean value="false"/>
    </resource>
    <resource>
      <extension url="http://hl7.org/fhir/tools/StructureDefinition/resource-information">
        <valueString value="StructureDefinition:resource"/>
      </extension>
      <reference>
        <reference value="StructureDefinition/allergy-intolerance"/>
      </reference>
      <name value="Allergy Intolerance"/>
      <description value="Allergy Intolerance"/>
      <exampleBoolean value="false"/>
    </resource>
    <resource>
      <extension url="http://hl7.org/fhir/tools/StructureDefinition/resource-information">
        <valueString value="ValueSet"/>
      </extension>
      <reference>
        <reference value="ValueSet/vs-allergy-intolerance-substance-condition"/>
      </reference>
      <name value="Allergy Intolerance"/>
      <description value="IPS Allergy intolerance codes value set. This value set includes codes from SNOMED Clinical Terms®: all descendants of 373873005 &amp;#124;Pharmaceutical / biologic product (product)&amp;#124;&amp;#59; all descendants of 105590001 &amp;#124;Substance (substance)&amp;#124;&amp;#59; all descendants of 418038007 &amp;#124;Propensity to adverse reactions to substance (finding)&amp;#124; plus codes for absent and unknown allergies."/>
      <exampleBoolean value="false"/>
    </resource>
    <resource>
      <extension url="http://hl7.org/fhir/tools/StructureDefinition/resource-information">
        <valueString value="AllergyIntolerance"/>
      </extension>
      <reference>
        <reference value="AllergyIntolerance/AllergiesExample"/>
      </reference>
      <name value="Allergy Intolerance"/>
      <description value="Example where a code is used to represent an allergy"/>
      <exampleCanonical value="http://openhie.org/fhir/sri-lanka/StructureDefinition/allergy-intolerance"/>
    </resource>
    <resource>
      <extension url="http://hl7.org/fhir/tools/StructureDefinition/resource-information">
        <valueString value="AllergyIntolerance"/>
      </extension>
      <reference>
        <reference value="AllergyIntolerance/AllergiesNoCodeExample"/>
      </reference>
      <name value="Allergy Intolerance"/>
      <description value="Example where only a text value is used to represent an allergy"/>
      <exampleCanonical value="http://openhie.org/fhir/sri-lanka/StructureDefinition/allergy-intolerance"/>
    </resource>
    <resource>
      <extension url="http://hl7.org/fhir/tools/StructureDefinition/resource-information">
        <valueString value="ValueSet"/>
      </extension>
      <reference>
        <reference value="ValueSet/vs-allergy-intolerance-snomed-ct-free-set"/>
      </reference>
      <name value="Allergy Intolerance - SNOMED CT Free Set"/>
      <description value="This value set includes the codes for allergy or intolerance findings from the SNOMED International Patient Set (IPS) subset of SNOMED CT (IPS Free Set) that are included in: all descendants of 373873005 &amp;#124;Pharmaceutical / biologic product (product)&amp;#124;&amp;#59; all descendants of 105590001 &amp;#124;Substance (substance)&amp;#124;&amp;#59; all descendants of 418038007 &amp;#124;Propensity to adverse reactions to substance (finding)&amp;#124;."/>
      <exampleBoolean value="false"/>
    </resource>
    <resource>
      <extension url="http://hl7.org/fhir/tools/StructureDefinition/resource-information">
        <valueString value="StructureDefinition:resource"/>
      </extension>
      <reference>
        <reference value="StructureDefinition/blood-pressure"/>
      </reference>
      <name value="Blood Pressure Observation"/>
      <description value="Represents the patient's blood pressure."/>
      <exampleBoolean value="false"/>
    </resource>
    <resource>
      <extension url="http://hl7.org/fhir/tools/StructureDefinition/resource-information">
        <valueString value="Observation"/>
      </extension>
      <reference>
        <reference value="Observation/BloodPressureExample"/>
      </reference>
      <name value="Blood Pressure Observation"/>
      <description value="Represents the Systolic and Diastolic blood pressure for the patient."/>
      <exampleCanonical value="http://openhie.org/fhir/sri-lanka/StructureDefinition/blood-pressure"/>
    </resource>
    <resource>
      <extension url="http://hl7.org/fhir/tools/StructureDefinition/resource-information">
        <valueString value="StructureDefinition:resource"/>
      </extension>
      <reference>
        <reference value="StructureDefinition/cvd-risk-category"/>
      </reference>
      <name value="Cardiovascular Risk Category"/>
      <description value="Cardiovascular Risk Category"/>
      <exampleBoolean value="false"/>
    </resource>
    <resource>
      <extension url="http://hl7.org/fhir/tools/StructureDefinition/resource-information">
        <valueString value="RiskAssessment"/>
      </extension>
      <reference>
        <reference value="RiskAssessment/CVDRiskCategoryExample"/>
      </reference>
      <name value="Cardiovascular Risk Category"/>
      <description value="Cardiovascular Risk Category"/>
      <exampleCanonical value="http://openhie.org/fhir/sri-lanka/StructureDefinition/cvd-risk-category"/>
    </resource>
    <resource>
      <extension url="http://hl7.org/fhir/tools/StructureDefinition/resource-information">
        <valueString value="ValueSet"/>
      </extension>
      <reference>
        <reference value="ValueSet/vs-cvd-risk-category"/>
      </reference>
      <name value="Cardiovascular Risk Category Probability Percentage Ranges"/>
      <description value="Cardiovascular Risk Category Probability Percentage Ranges"/>
      <exampleBoolean value="false"/>
    </resource>
    <resource>
      <extension url="http://hl7.org/fhir/tools/StructureDefinition/resource-information">
        <valueString value="CodeSystem"/>
      </extension>
      <reference>
        <reference value="CodeSystem/cs-cvd-risk-category"/>
      </reference>
      <name value="Cardiovascular Risk Category Probability Percentage Ranges"/>
      <description value="Cardiovascular Risk Category Probability Percentage Ranges"/>
      <exampleBoolean value="false"/>
    </resource>
    <resource>
      <extension url="http://hl7.org/fhir/tools/StructureDefinition/resource-information">
        <valueString value="ValueSet"/>
      </extension>
      <reference>
        <reference value="ValueSet/vs-medical-conditions"/>
      </reference>
      <name value="Conditions"/>
      <description value="Represents previous, pre-existing and new conditions."/>
      <exampleBoolean value="false"/>
    </resource>
    <resource>
      <extension url="http://hl7.org/fhir/tools/StructureDefinition/resource-information">
        <valueString value="CodeSystem"/>
      </extension>
      <reference>
        <reference value="CodeSystem/cs-medical-conditions"/>
      </reference>
      <name value="Conditions"/>
      <description value="Represents previous, pre-existing and new conditions."/>
      <exampleBoolean value="false"/>
    </resource>
    <resource>
      <extension url="http://hl7.org/fhir/tools/StructureDefinition/resource-information">
        <valueString value="StructureDefinition:resource"/>
      </extension>
      <reference>
        <reference value="StructureDefinition/drug-dispensation"/>
      </reference>
      <name value="Drug Dispensation"/>
      <description value="Drug Dispensation"/>
      <exampleBoolean value="false"/>
    </resource>
    <resource>
      <extension url="http://hl7.org/fhir/tools/StructureDefinition/resource-information">
        <valueString value="MedicationDispense"/>
      </extension>
      <reference>
        <reference value="MedicationDispense/DrugDispensationExample"/>
      </reference>
      <name value="Drug Dispensation"/>
      <description value="Drug Dispensation"/>
      <exampleCanonical value="http://openhie.org/fhir/sri-lanka/StructureDefinition/drug-dispensation"/>
    </resource>
    <resource>
      <extension url="http://hl7.org/fhir/tools/StructureDefinition/resource-information">
        <valueString value="StructureDefinition:extension"/>
      </extension>
      <reference>
        <reference value="StructureDefinition/multiple-values-for-patient-identifier"/>
      </reference>
      <name value="Extension For Patient Idenitifiers Needing Multiple Values"/>
      <description value="This extension can be used by those patient identifiers where multiple values need to be associated with a single identifier slice."/>
      <exampleBoolean value="false"/>
    </resource>
    <resource>
      <extension url="http://hl7.org/fhir/tools/StructureDefinition/resource-information">
        <valueString value="StructureDefinition:resource"/>
      </extension>
      <reference>
        <reference value="StructureDefinition/fasting-blood-sugar"/>
      </reference>
      <name value="Fasting Blood Sugar Observation"/>
      <description value="Represents the patient's FBS results."/>
      <exampleBoolean value="false"/>
    </resource>
    <resource>
      <extension url="http://hl7.org/fhir/tools/StructureDefinition/resource-information">
        <valueString value="Observation"/>
      </extension>
      <reference>
        <reference value="Observation/FastingBloodSugarExample"/>
      </reference>
      <name value="Fasting Blood Sugar Observation"/>
      <description value="Represents the patient's FBS results."/>
      <exampleCanonical value="http://openhie.org/fhir/sri-lanka/StructureDefinition/fasting-blood-sugar"/>
    </resource>
    <resource>
      <extension url="http://hl7.org/fhir/tools/StructureDefinition/resource-information">
        <valueString value="ValueSet"/>
      </extension>
      <reference>
        <reference value="ValueSet/vs-follow-up-reasons"/>
      </reference>
      <name value="Follow up at HLC"/>
      <description value="Follow up at HLC"/>
      <exampleBoolean value="false"/>
    </resource>
    <resource>
      <extension url="http://hl7.org/fhir/tools/StructureDefinition/resource-information">
        <valueString value="CodeSystem"/>
      </extension>
      <reference>
        <reference value="CodeSystem/cs-follow-up-reasons"/>
      </reference>
      <name value="Follow up at HLC"/>
      <description value="Follow up at HLC"/>
      <exampleBoolean value="false"/>
    </resource>
    <resource>
      <extension url="http://hl7.org/fhir/tools/StructureDefinition/resource-information">
        <valueString value="StructureDefinition:resource"/>
      </extension>
      <reference>
        <reference value="StructureDefinition/follow-up-at-hlc"/>
      </reference>
      <name value="Follow-up at HLC"/>
      <description value="Follow-up at HLC"/>
      <exampleBoolean value="false"/>
    </resource>
    <resource>
      <extension url="http://hl7.org/fhir/tools/StructureDefinition/resource-information">
        <valueString value="CarePlan"/>
      </extension>
      <reference>
        <reference value="CarePlan/FollowUpAtHLCExample"/>
      </reference>
      <name value="Follow-up at HLC"/>
      <description value="Follow-up at HLC"/>
      <exampleCanonical value="http://openhie.org/fhir/sri-lanka/StructureDefinition/follow-up-at-hlc"/>
    </resource>
    <resource>
      <extension url="http://hl7.org/fhir/tools/StructureDefinition/resource-information">
        <valueString value="ValueSet"/>
      </extension>
      <reference>
        <reference value="ValueSet/vs-follow-up-plan"/>
      </reference>
      <name value="Follow-up plan"/>
      <description value="Follow-up plan"/>
      <exampleBoolean value="false"/>
    </resource>
    <resource>
      <extension url="http://hl7.org/fhir/tools/StructureDefinition/resource-information">
        <valueString value="CodeSystem"/>
      </extension>
      <reference>
        <reference value="CodeSystem/cs-follow-up-plan"/>
      </reference>
      <name value="Follow-up plan"/>
      <description value="Follow-up plan"/>
      <exampleBoolean value="false"/>
    </resource>
    <resource>
      <extension url="http://hl7.org/fhir/tools/StructureDefinition/resource-information">
        <valueString value="StructureDefinition:resource"/>
      </extension>
      <reference>
        <reference value="StructureDefinition/general-referral-request"/>
      </reference>
      <name value="General Referral Request"/>
      <description value="General Referral Request"/>
      <exampleBoolean value="false"/>
    </resource>
    <resource>
      <extension url="http://hl7.org/fhir/tools/StructureDefinition/resource-information">
        <valueString value="ServiceRequest"/>
      </extension>
      <reference>
        <reference value="ServiceRequest/GeneralReferralServiceRequestExample"/>
      </reference>
      <name value="General Referral Request"/>
      <description value="General Referral Request"/>
      <exampleCanonical value="http://openhie.org/fhir/sri-lanka/StructureDefinition/general-referral-request"/>
    </resource>
    <resource>
      <extension url="http://hl7.org/fhir/tools/StructureDefinition/resource-information">
        <valueString value="StructureDefinition:resource"/>
      </extension>
      <reference>
        <reference value="StructureDefinition/generic-service-request"/>
      </reference>
      <name value="Generic Service Request"/>
      <description value="Generic Service Request"/>
      <exampleBoolean value="false"/>
    </resource>
    <resource>
      <extension url="http://hl7.org/fhir/tools/StructureDefinition/resource-information">
        <valueString value="ServiceRequest"/>
      </extension>
      <reference>
        <reference value="ServiceRequest/GenericServiceRequestExample"/>
      </reference>
      <name value="Generic Service Request"/>
      <description value="Generic Service Reques"/>
      <exampleCanonical value="http://openhie.org/fhir/sri-lanka/StructureDefinition/generic-service-request"/>
    </resource>
    <resource>
      <extension url="http://hl7.org/fhir/tools/StructureDefinition/resource-information">
        <valueString value="StructureDefinition:resource"/>
      </extension>
      <reference>
        <reference value="StructureDefinition/generic-task"/>
      </reference>
      <name value="Generic Task"/>
      <description value="Is primarily used to track the progress of a patient's service request such as referrals and lab orders etc."/>
      <exampleBoolean value="false"/>
    </resource>
    <resource>
      <extension url="http://hl7.org/fhir/tools/StructureDefinition/resource-information">
        <valueString value="Task"/>
      </extension>
      <reference>
        <reference value="Task/GenericTaskExample"/>
      </reference>
      <name value="Generic Task"/>
      <description value="Is primarily used to track the progress of a patient's service request such as referrals and lab orders etc."/>
      <exampleCanonical value="http://openhie.org/fhir/sri-lanka/StructureDefinition/generic-task"/>
    </resource>
    <resource>
      <extension url="http://hl7.org/fhir/tools/StructureDefinition/resource-information">
        <valueString value="StructureDefinition:resource"/>
      </extension>
      <reference>
        <reference value="StructureDefinition/hhims-patient"/>
      </reference>
      <name value="HHIMS Patient"/>
      <description value="Is used to document demographics and other administrative information about an HHIMS individual receiving care or other health-related services."/>
      <exampleBoolean value="false"/>
    </resource>
    <resource>
      <extension url="http://hl7.org/fhir/tools/StructureDefinition/resource-information">
        <valueString value="Patient"/>
      </extension>
      <reference>
        <reference value="Patient/HHIMSPatientExample"/>
      </reference>
      <name value="HHIMS PatientExample"/>
      <description value="Is used to document demographics and other administrative information about an HHIMS individual receiving care or other health-related services."/>
      <exampleCanonical value="http://openhie.org/fhir/sri-lanka/StructureDefinition/hhims-patient"/>
    </resource>
    <resource>
      <extension url="http://hl7.org/fhir/tools/StructureDefinition/resource-information">
        <valueString value="Task"/>
      </extension>
      <reference>
        <reference value="Task/HHIMSReferralTaskExample"/>
      </reference>
      <name value="HHIMS Referral Task"/>
      <description value="Indicates the outcome of a patient's referral."/>
      <exampleCanonical value="http://openhie.org/fhir/sri-lanka/StructureDefinition/referral-task"/>
    </resource>
    <resource>
      <extension url="http://hl7.org/fhir/tools/StructureDefinition/resource-information">
        <valueString value="StructureDefinition:resource"/>
      </extension>
      <reference>
        <reference value="StructureDefinition/hims-composition"/>
      </reference>
      <name value="HIMS Composition"/>
      <description value="Logically groups all resources into a single document structure."/>
      <exampleBoolean value="false"/>
    </resource>
    <resource>
      <extension url="http://hl7.org/fhir/tools/StructureDefinition/resource-information">
        <valueString value="Composition"/>
      </extension>
      <reference>
        <reference value="Composition/HIMSCompositionExample"/>
      </reference>
      <name value="HIMS Composition"/>
      <description value="Logically groups all resources into a single document structure."/>
      <exampleCanonical value="http://openhie.org/fhir/sri-lanka/StructureDefinition/hims-composition"/>
    </resource>
    <resource>
      <extension url="http://hl7.org/fhir/tools/StructureDefinition/resource-information">
        <valueString value="Bundle"/>
      </extension>
      <reference>
        <reference value="Bundle/HIMS-Document-Bundle"/>
      </reference>
      <name value="HIMS Document Bundle"/>
      <description value="HIMS Document Bundle"/>
      <exampleBoolean value="true"/>
    </resource>
    <resource>
      <extension url="http://hl7.org/fhir/tools/StructureDefinition/resource-information">
        <valueString value="Bundle"/>
      </extension>
      <reference>
        <reference value="Bundle/HIMS-Transactional-Bundle"/>
      </reference>
      <name value="HIMS FULL Transactional Bundle"/>
      <description value="HIMS FULL Transactional Bundle"/>
      <exampleBoolean value="true"/>
    </resource>
    <resource>
      <extension url="http://hl7.org/fhir/tools/StructureDefinition/resource-information">
        <valueString value="StructureDefinition:resource"/>
      </extension>
      <reference>
        <reference value="StructureDefinition/hims-patient"/>
      </reference>
      <name value="HIMS Patient"/>
      <description value="Is used to document demographics and other administrative information about an individual receiving care or other health-related services. &#xA;    In addition to the profiled data elements, this profile includes all data elements from the HHIMS Patient profile."/>
      <exampleBoolean value="false"/>
    </resource>
    <resource>
      <extension url="http://hl7.org/fhir/tools/StructureDefinition/resource-information">
        <valueString value="Patient"/>
      </extension>
      <reference>
        <reference value="Patient/HIMSPatientExample"/>
      </reference>
      <name value="HIMS Patient"/>
      <description value="Is used to document demographics and other administrative information about an individual receiving care or other health-related services. In addition to the profiled data elements, this profile includes all data elements from the HHIMS Patient profile."/>
      <exampleCanonical value="http://openhie.org/fhir/sri-lanka/StructureDefinition/hims-patient"/>
    </resource>
    <resource>
      <extension url="http://hl7.org/fhir/tools/StructureDefinition/resource-information">
        <valueString value="StructureDefinition:resource"/>
      </extension>
      <reference>
        <reference value="StructureDefinition/hypertension"/>
      </reference>
      <name value="Hypertension"/>
      <description value="Patient is diagnosed with Hypertension due to high blood pressure."/>
      <exampleBoolean value="false"/>
    </resource>
    <resource>
      <extension url="http://hl7.org/fhir/tools/StructureDefinition/resource-information">
        <valueString value="Observation"/>
      </extension>
      <reference>
        <reference value="Observation/HypertensionExample"/>
      </reference>
      <name value="Hypertension"/>
      <description value="Patient is diagnosed with Hypertension due to high blood pressure."/>
      <exampleCanonical value="http://openhie.org/fhir/sri-lanka/StructureDefinition/hypertension"/>
    </resource>
    <resource>
      <extension url="http://hl7.org/fhir/tools/StructureDefinition/resource-information">
        <valueString value="ValueSet"/>
      </extension>
      <reference>
        <reference value="ValueSet/vs-imaging"/>
      </reference>
      <name value="Imaging"/>
      <description value="Imaging"/>
      <exampleBoolean value="false"/>
    </resource>
    <resource>
      <extension url="http://hl7.org/fhir/tools/StructureDefinition/resource-information">
        <valueString value="CodeSystem"/>
      </extension>
      <reference>
        <reference value="CodeSystem/cs-imaging"/>
      </reference>
      <name value="Imaging"/>
      <description value="Imaging"/>
      <exampleBoolean value="false"/>
    </resource>
    <resource>
      <extension url="http://hl7.org/fhir/tools/StructureDefinition/resource-information">
        <valueString value="StructureDefinition:resource"/>
      </extension>
      <reference>
        <reference value="StructureDefinition/imaging-request"/>
      </reference>
      <name value="Imaging Request"/>
      <description value="Imaging Request"/>
      <exampleBoolean value="false"/>
    </resource>
    <resource>
      <extension url="http://hl7.org/fhir/tools/StructureDefinition/resource-information">
        <valueString value="ServiceRequest"/>
      </extension>
      <reference>
        <reference value="ServiceRequest/ImagingServiceRequestExample"/>
      </reference>
      <name value="Imaging Request"/>
      <description value="Imaging Request"/>
      <exampleCanonical value="http://openhie.org/fhir/sri-lanka/StructureDefinition/imaging-request"/>
    </resource>
    <resource>
      <extension url="http://hl7.org/fhir/tools/StructureDefinition/resource-information">
        <valueString value="StructureDefinition:resource"/>
      </extension>
      <reference>
        <reference value="StructureDefinition/imaging-study"/>
      </reference>
      <name value="Imaging Study"/>
      <description value="Imaging Study"/>
      <exampleBoolean value="false"/>
    </resource>
    <resource>
      <extension url="http://hl7.org/fhir/tools/StructureDefinition/resource-information">
        <valueString value="ImagingStudy"/>
      </extension>
      <reference>
        <reference value="ImagingStudy/ImagingExample"/>
      </reference>
      <name value="Imaging Study"/>
      <description value="Imaging Study"/>
      <exampleCanonical value="http://openhie.org/fhir/sri-lanka/StructureDefinition/imaging-study"/>
    </resource>
    <resource>
      <extension url="http://hl7.org/fhir/tools/StructureDefinition/resource-information">
        <valueString value="StructureDefinition:resource"/>
      </extension>
      <reference>
        <reference value="StructureDefinition/imaging-task"/>
      </reference>
      <name value="Imaging Task"/>
      <description value="Is primarily used to track the progress of an imaging request."/>
      <exampleBoolean value="false"/>
    </resource>
    <resource>
      <extension url="http://hl7.org/fhir/tools/StructureDefinition/resource-information">
        <valueString value="Task"/>
      </extension>
      <reference>
        <reference value="Task/ImagingTaskExample"/>
      </reference>
      <name value="Imaging Task"/>
      <description value="Is primarily used to track the progress of an imaging request."/>
      <exampleCanonical value="http://openhie.org/fhir/sri-lanka/StructureDefinition/imaging-task"/>
    </resource>
    <resource>
      <extension url="http://hl7.org/fhir/tools/StructureDefinition/resource-information">
        <valueString value="StructureDefinition:resource"/>
      </extension>
      <reference>
        <reference value="StructureDefinition/injection"/>
      </reference>
      <name value="Injections"/>
      <description value="Injections"/>
      <exampleBoolean value="false"/>
    </resource>
    <resource>
      <extension url="http://hl7.org/fhir/tools/StructureDefinition/resource-information">
        <valueString value="ValueSet"/>
      </extension>
      <reference>
        <reference value="ValueSet/vs-injection"/>
      </reference>
      <name value="Injections"/>
      <description value="Injections"/>
      <exampleBoolean value="false"/>
    </resource>
    <resource>
      <extension url="http://hl7.org/fhir/tools/StructureDefinition/resource-information">
        <valueString value="CodeSystem"/>
      </extension>
      <reference>
        <reference value="CodeSystem/cs-injection"/>
      </reference>
      <name value="Injections"/>
      <description value="Injections"/>
      <exampleBoolean value="false"/>
    </resource>
    <resource>
      <extension url="http://hl7.org/fhir/tools/StructureDefinition/resource-information">
        <valueString value="MedicationAdministration"/>
      </extension>
      <reference>
        <reference value="MedicationAdministration/InjectionsExample"/>
      </reference>
      <name value="Injections"/>
      <description value="Example where a code is used to represent the route of drug admninistration"/>
      <exampleCanonical value="http://openhie.org/fhir/sri-lanka/StructureDefinition/injection"/>
    </resource>
    <resource>
      <extension url="http://hl7.org/fhir/tools/StructureDefinition/resource-information">
        <valueString value="MedicationAdministration"/>
      </extension>
      <reference>
        <reference value="MedicationAdministration/InjectionsNoCodeExample"/>
      </reference>
      <name value="Injections"/>
      <description value="Example where only a text value is used to represent the route of drug admninistration"/>
      <exampleCanonical value="http://openhie.org/fhir/sri-lanka/StructureDefinition/injection"/>
    </resource>
    <resource>
      <extension url="http://hl7.org/fhir/tools/StructureDefinition/resource-information">
        <valueString value="ValueSet"/>
      </extension>
      <reference>
        <reference value="ValueSet/vs-investigation"/>
      </reference>
      <name value="Investigations"/>
      <description value="Investigations"/>
      <exampleBoolean value="false"/>
    </resource>
    <resource>
      <extension url="http://hl7.org/fhir/tools/StructureDefinition/resource-information">
        <valueString value="CodeSystem"/>
      </extension>
      <reference>
        <reference value="CodeSystem/cs-investigation"/>
      </reference>
      <name value="Investigations"/>
      <description value="Investigations"/>
      <exampleBoolean value="false"/>
    </resource>
    <resource>
      <extension url="http://hl7.org/fhir/tools/StructureDefinition/resource-information">
        <valueString value="StructureDefinition:resource"/>
      </extension>
      <reference>
        <reference value="StructureDefinition/investigations-request"/>
      </reference>
      <name value="Investigations Request"/>
      <description value="Investigations Request"/>
      <exampleBoolean value="false"/>
    </resource>
    <resource>
      <extension url="http://hl7.org/fhir/tools/StructureDefinition/resource-information">
        <valueString value="ServiceRequest"/>
      </extension>
      <reference>
        <reference value="ServiceRequest/InvestigationsServiceRequestExample"/>
      </reference>
      <name value="Investigations Request"/>
      <description value="Investigations Request"/>
      <exampleCanonical value="http://openhie.org/fhir/sri-lanka/StructureDefinition/investigations-request"/>
    </resource>
    <resource>
      <extension url="http://hl7.org/fhir/tools/StructureDefinition/resource-information">
        <valueString value="StructureDefinition:resource"/>
      </extension>
      <reference>
        <reference value="StructureDefinition/investigations-task"/>
      </reference>
      <name value="Investigations Task"/>
      <description value="Is primarily used to track the progress of an investigations request."/>
      <exampleBoolean value="false"/>
    </resource>
    <resource>
      <extension url="http://hl7.org/fhir/tools/StructureDefinition/resource-information">
        <valueString value="Task"/>
      </extension>
      <reference>
        <reference value="Task/InvestigationsTaskExample"/>
      </reference>
      <name value="Investigations Task"/>
      <description value="Is primarily used to track the progress of an investigations request."/>
      <exampleCanonical value="http://openhie.org/fhir/sri-lanka/StructureDefinition/investigations-task"/>
    </resource>
    <resource>
      <extension url="http://hl7.org/fhir/tools/StructureDefinition/resource-information">
        <valueString value="StructureDefinition:resource"/>
      </extension>
      <reference>
        <reference value="StructureDefinition/medical-history"/>
      </reference>
      <name value="Medical History"/>
      <description value="Represents previous, pre-existing and new conditions."/>
      <exampleBoolean value="false"/>
    </resource>
    <resource>
      <extension url="http://hl7.org/fhir/tools/StructureDefinition/resource-information">
        <valueString value="Condition"/>
      </extension>
      <reference>
        <reference value="Condition/MedicalHistoryExample"/>
      </reference>
      <name value="Medical History"/>
      <description value="Represents previous, pre-existing and new conditions."/>
      <exampleCanonical value="http://openhie.org/fhir/sri-lanka/StructureDefinition/medical-history"/>
    </resource>
    <resource>
      <extension url="http://hl7.org/fhir/tools/StructureDefinition/resource-information">
        <valueString value="ValueSet"/>
      </extension>
      <reference>
        <reference value="ValueSet/vs-medication-name"/>
      </reference>
      <name value="Medication Names"/>
      <description value="Medication Names"/>
      <exampleBoolean value="false"/>
    </resource>
    <resource>
      <extension url="http://hl7.org/fhir/tools/StructureDefinition/resource-information">
        <valueString value="CodeSystem"/>
      </extension>
      <reference>
        <reference value="CodeSystem/cs-medication-name"/>
      </reference>
      <name value="Medication Names"/>
      <description value="Medication Names"/>
      <exampleBoolean value="false"/>
    </resource>
    <resource>
      <extension url="http://hl7.org/fhir/tools/StructureDefinition/resource-information">
        <valueString value="StructureDefinition:resource"/>
      </extension>
      <reference>
        <reference value="StructureDefinition/notifiable-diseases-notified"/>
      </reference>
      <name value="Notifiable Diseases Notified"/>
      <description value="Notifiable Diseases Notified"/>
      <exampleBoolean value="false"/>
    </resource>
    <resource>
      <extension url="http://hl7.org/fhir/tools/StructureDefinition/resource-information">
        <valueString value="Communication"/>
      </extension>
      <reference>
        <reference value="Communication/NotifiableDiseasesNotifiedExample"/>
      </reference>
      <name value="Notifiable Diseases Notified"/>
      <description value="Notifiable Diseases Notified"/>
      <exampleCanonical value="http://openhie.org/fhir/sri-lanka/StructureDefinition/notifiable-diseases-notified"/>
    </resource>
    <resource>
      <extension url="http://hl7.org/fhir/tools/StructureDefinition/resource-information">
        <valueString value="StructureDefinition:resource"/>
      </extension>
      <reference>
        <reference value="StructureDefinition/organization"/>
      </reference>
      <name value="Organization"/>
      <description value="Organization providing health related services."/>
      <exampleBoolean value="false"/>
    </resource>
    <resource>
      <extension url="http://hl7.org/fhir/tools/StructureDefinition/resource-information">
        <valueString value="Organization"/>
      </extension>
      <reference>
        <reference value="Organization/OrganizationExample"/>
      </reference>
      <name value="Organization"/>
      <description value="Organization providing health related services."/>
      <exampleCanonical value="http://openhie.org/fhir/sri-lanka/StructureDefinition/organization"/>
    </resource>
    <resource>
      <extension url="http://hl7.org/fhir/tools/StructureDefinition/resource-information">
        <valueString value="StructureDefinition:resource"/>
      </extension>
      <reference>
        <reference value="StructureDefinition/bmi"/>
      </reference>
      <name value="Patient BMI"/>
      <description value="Represents the patient's BMI."/>
      <exampleBoolean value="false"/>
    </resource>
    <resource>
      <extension url="http://hl7.org/fhir/tools/StructureDefinition/resource-information">
        <valueString value="Observation"/>
      </extension>
      <reference>
        <reference value="Observation/BMIExample"/>
      </reference>
      <name value="Patient BMI"/>
      <description value="Represents the patient's BMI."/>
      <exampleCanonical value="http://openhie.org/fhir/sri-lanka/StructureDefinition/bmi"/>
    </resource>
    <resource>
      <extension url="http://hl7.org/fhir/tools/StructureDefinition/resource-information">
        <valueString value="CodeSystem"/>
      </extension>
      <reference>
        <reference value="CodeSystem/cs-identifier-types"/>
      </reference>
      <name value="Patient Business Identifier Types"/>
      <description value="Patient Business Identifier Types"/>
      <exampleBoolean value="false"/>
    </resource>
    <resource>
      <extension url="http://hl7.org/fhir/tools/StructureDefinition/resource-information">
        <valueString value="StructureDefinition:resource"/>
      </extension>
      <reference>
        <reference value="StructureDefinition/height"/>
      </reference>
      <name value="Patient Height"/>
      <description value="Represents the patient's height."/>
      <exampleBoolean value="false"/>
    </resource>
    <resource>
      <extension url="http://hl7.org/fhir/tools/StructureDefinition/resource-information">
        <valueString value="Observation"/>
      </extension>
      <reference>
        <reference value="Observation/HeightExample"/>
      </reference>
      <name value="Patient Height"/>
      <description value="Represents the patient's height."/>
      <exampleCanonical value="http://openhie.org/fhir/sri-lanka/StructureDefinition/height"/>
    </resource>
    <resource>
      <extension url="http://hl7.org/fhir/tools/StructureDefinition/resource-information">
        <valueString value="StructureDefinition:resource"/>
      </extension>
      <reference>
        <reference value="StructureDefinition/weight"/>
      </reference>
      <name value="Patient Weight"/>
      <description value="Represents the patient's weight."/>
      <exampleBoolean value="false"/>
    </resource>
    <resource>
      <extension url="http://hl7.org/fhir/tools/StructureDefinition/resource-information">
        <valueString value="Observation"/>
      </extension>
      <reference>
        <reference value="Observation/WeightExample"/>
      </reference>
      <name value="Patient Weight"/>
      <description value="Represents the patient's weight."/>
      <exampleCanonical value="http://openhie.org/fhir/sri-lanka/StructureDefinition/weight"/>
    </resource>
    <resource>
      <extension url="http://hl7.org/fhir/tools/StructureDefinition/resource-information">
        <valueString value="StructureDefinition:resource"/>
      </extension>
      <reference>
        <reference value="StructureDefinition/risk-behaviour-physical-activity"/>
      </reference>
      <name value="Physical Activity Status Observation"/>
      <description value="Represents the physical status of the patient."/>
      <exampleBoolean value="false"/>
    </resource>
    <resource>
      <extension url="http://hl7.org/fhir/tools/StructureDefinition/resource-information">
        <valueString value="Observation"/>
      </extension>
      <reference>
        <reference value="Observation/RiskBehaviourPhysicalActivityExample"/>
      </reference>
      <name value="Physical Activity Status Observation"/>
      <description value="Represents the physical status of the patient."/>
      <exampleCanonical value="http://openhie.org/fhir/sri-lanka/StructureDefinition/risk-behaviour-physical-activity"/>
    </resource>
    <resource>
      <extension url="http://hl7.org/fhir/tools/StructureDefinition/resource-information">
        <valueString value="StructureDefinition:resource"/>
      </extension>
      <reference>
        <reference value="StructureDefinition/practitioner"/>
      </reference>
      <name value="Practitioner"/>
      <description value="Represents the practitioners who participated in the observation."/>
      <exampleBoolean value="false"/>
    </resource>
    <resource>
      <extension url="http://hl7.org/fhir/tools/StructureDefinition/resource-information">
        <valueString value="Practitioner"/>
      </extension>
      <reference>
        <reference value="Practitioner/GeneralPractitionerExample"/>
      </reference>
      <name value="Practitioner"/>
      <description value="Represents the practitioners who participated in the observation."/>
      <exampleCanonical value="http://openhie.org/fhir/sri-lanka/StructureDefinition/practitioner"/>
    </resource>
    <resource>
      <extension url="http://hl7.org/fhir/tools/StructureDefinition/resource-information">
        <valueString value="StructureDefinition:resource"/>
      </extension>
      <reference>
        <reference value="StructureDefinition/medication-request"/>
      </reference>
      <name value="Prescription Request"/>
      <description value="This is to record a patient's medication prescription request"/>
      <exampleBoolean value="false"/>
    </resource>
    <resource>
      <extension url="http://hl7.org/fhir/tools/StructureDefinition/resource-information">
        <valueString value="MedicationRequest"/>
      </extension>
      <reference>
        <reference value="MedicationRequest/PrescriptionsExample"/>
      </reference>
      <name value="Prescription Request"/>
      <description value="This is to record a patient's medication prescription request"/>
      <exampleCanonical value="http://openhie.org/fhir/sri-lanka/StructureDefinition/medication-request"/>
    </resource>
    <resource>
      <extension url="http://hl7.org/fhir/tools/StructureDefinition/resource-information">
        <valueString value="StructureDefinition:resource"/>
      </extension>
      <reference>
        <reference value="StructureDefinition/procedure"/>
      </reference>
      <name value="Procedures"/>
      <description value="Procedures"/>
      <exampleBoolean value="false"/>
    </resource>
    <resource>
      <extension url="http://hl7.org/fhir/tools/StructureDefinition/resource-information">
        <valueString value="ValueSet"/>
      </extension>
      <reference>
        <reference value="ValueSet/vs-procedure"/>
      </reference>
      <name value="Procedures"/>
      <description value="Procedures"/>
      <exampleBoolean value="false"/>
    </resource>
    <resource>
      <extension url="http://hl7.org/fhir/tools/StructureDefinition/resource-information">
        <valueString value="CodeSystem"/>
      </extension>
      <reference>
        <reference value="CodeSystem/cs-procedure"/>
      </reference>
      <name value="Procedures"/>
      <description value="Procedures"/>
      <exampleBoolean value="false"/>
    </resource>
    <resource>
      <extension url="http://hl7.org/fhir/tools/StructureDefinition/resource-information">
        <valueString value="Procedure"/>
      </extension>
      <reference>
        <reference value="Procedure/ProceduresExample"/>
      </reference>
      <name value="Procedures"/>
      <description value="Procedures"/>
      <exampleCanonical value="http://openhie.org/fhir/sri-lanka/StructureDefinition/procedure"/>
    </resource>
    <resource>
      <extension url="http://hl7.org/fhir/tools/StructureDefinition/resource-information">
        <valueString value="StructureDefinition:resource"/>
      </extension>
      <reference>
        <reference value="StructureDefinition/providers-location"/>
      </reference>
      <name value="Providers Location"/>
      <description value="Providers Location"/>
      <exampleBoolean value="false"/>
    </resource>
    <resource>
      <extension url="http://hl7.org/fhir/tools/StructureDefinition/resource-information">
        <valueString value="Location"/>
      </extension>
      <reference>
        <reference value="Location/ProvidersLocationExample"/>
      </reference>
      <name value="Providers Location"/>
      <description value="Providers Location"/>
      <exampleCanonical value="http://openhie.org/fhir/sri-lanka/StructureDefinition/providers-location"/>
    </resource>
    <resource>
      <extension url="http://hl7.org/fhir/tools/StructureDefinition/resource-information">
        <valueString value="StructureDefinition:resource"/>
      </extension>
      <reference>
        <reference value="StructureDefinition/random-blood-sugar"/>
      </reference>
      <name value="Random Blood Sugar Observation"/>
      <description value="Represents the patient's RBS results."/>
      <exampleBoolean value="false"/>
    </resource>
    <resource>
      <extension url="http://hl7.org/fhir/tools/StructureDefinition/resource-information">
        <valueString value="Observation"/>
      </extension>
      <reference>
        <reference value="Observation/RandomBloodSugarExample"/>
      </reference>
      <name value="Random Blood Sugar Observation"/>
      <description value="Represents the patient's RBS results."/>
      <exampleCanonical value="http://openhie.org/fhir/sri-lanka/StructureDefinition/random-blood-sugar"/>
    </resource>
    <resource>
      <extension url="http://hl7.org/fhir/tools/StructureDefinition/resource-information">
        <valueString value="ValueSet"/>
      </extension>
      <reference>
        <reference value="ValueSet/vs-reason-for-encounter"/>
      </reference>
      <name value="Reason For Encounter"/>
      <description value="Encounter reasons."/>
      <exampleBoolean value="false"/>
    </resource>
    <resource>
      <extension url="http://hl7.org/fhir/tools/StructureDefinition/resource-information">
        <valueString value="CodeSystem"/>
      </extension>
      <reference>
        <reference value="CodeSystem/cs-reason-for-encounter"/>
      </reference>
      <name value="Reason For Encounter"/>
      <description value="Encounter reasons."/>
      <exampleBoolean value="false"/>
    </resource>
    <resource>
      <extension url="http://hl7.org/fhir/tools/StructureDefinition/resource-information">
        <valueString value="StructureDefinition:resource"/>
      </extension>
      <reference>
        <reference value="StructureDefinition/follow-up-plan"/>
      </reference>
      <name value="Referral Request For Follow-up Plan"/>
      <description value="Referral Request For Follow-up Plan"/>
      <exampleBoolean value="false"/>
    </resource>
    <resource>
      <extension url="http://hl7.org/fhir/tools/StructureDefinition/resource-information">
        <valueString value="ServiceRequest"/>
      </extension>
      <reference>
        <reference value="ServiceRequest/FollowUpPlanServiceRequestExample"/>
      </reference>
      <name value="Referral Request For Follow-up Plan"/>
      <description value="Referral Request For Follow-up Plan"/>
      <exampleCanonical value="http://openhie.org/fhir/sri-lanka/StructureDefinition/follow-up-plan"/>
    </resource>
    <resource>
      <extension url="http://hl7.org/fhir/tools/StructureDefinition/resource-information">
        <valueString value="StructureDefinition:resource"/>
      </extension>
      <reference>
        <reference value="StructureDefinition/referral-task"/>
      </reference>
      <name value="Referral Task"/>
      <description value="Is primarily used to track the progress of a patient's referral."/>
      <exampleBoolean value="false"/>
    </resource>
    <resource>
      <extension url="http://hl7.org/fhir/tools/StructureDefinition/resource-information">
        <valueString value="ValueSet"/>
      </extension>
      <reference>
        <reference value="ValueSet/vs-risk-behaviour-physical-activity"/>
      </reference>
      <name value="Risk Assessment - Physical Activity"/>
      <description value="Risk Assessment - Physical Activity"/>
      <exampleBoolean value="false"/>
    </resource>
    <resource>
      <extension url="http://hl7.org/fhir/tools/StructureDefinition/resource-information">
        <valueString value="CodeSystem"/>
      </extension>
      <reference>
        <reference value="CodeSystem/cs-risk-behaviour-physical-activity"/>
      </reference>
      <name value="Risk Assessment - Physical Activity"/>
      <description value="Risk Assessment - Physical Activity"/>
      <exampleBoolean value="false"/>
    </resource>
    <resource>
      <extension url="http://hl7.org/fhir/tools/StructureDefinition/resource-information">
        <valueString value="ValueSet"/>
      </extension>
      <reference>
        <reference value="ValueSet/vs-risk-behaviour-tobacco-smoker"/>
      </reference>
      <name value="Risk Assessment - Tobacco Smoker"/>
      <description value="Risk Assessment - Tobacco Smoker"/>
      <exampleBoolean value="false"/>
    </resource>
    <resource>
      <extension url="http://hl7.org/fhir/tools/StructureDefinition/resource-information">
        <valueString value="CodeSystem"/>
      </extension>
      <reference>
        <reference value="CodeSystem/cs-risk-behaviour-tobacco-smoker"/>
      </reference>
      <name value="Risk Assessment - Tobacco Smoker"/>
      <description value="Risk Assessment - Tobacco Smoker"/>
      <exampleBoolean value="false"/>
    </resource>
    <resource>
      <extension url="http://hl7.org/fhir/tools/StructureDefinition/resource-information">
        <valueString value="StructureDefinition:resource"/>
      </extension>
      <reference>
        <reference value="StructureDefinition/target-facility-encounter"/>
      </reference>
      <name value="Target Facility Encounter"/>
      <description value="Represents the current facility at which the patient is receiving health services."/>
      <exampleBoolean value="false"/>
    </resource>
    <resource>
      <extension url="http://hl7.org/fhir/tools/StructureDefinition/resource-information">
        <valueString value="Encounter"/>
      </extension>
      <reference>
        <reference value="Encounter/TargetFacilityEncounterExample"/>
      </reference>
      <name value="Target Facility Encounter"/>
      <description value="Represents the current facility at which the patient is receiving health services."/>
      <exampleCanonical value="http://openhie.org/fhir/sri-lanka/StructureDefinition/target-facility-encounter"/>
    </resource>
    <resource>
      <extension url="http://hl7.org/fhir/tools/StructureDefinition/resource-information">
        <valueString value="StructureDefinition:resource"/>
      </extension>
      <reference>
        <reference value="StructureDefinition/risk-behaviour-tobacco-smoker"/>
      </reference>
      <name value="Tobacco Smoker Observation"/>
      <description value="Represents the tobacco smoking status of the patient."/>
      <exampleBoolean value="false"/>
    </resource>
    <resource>
      <extension url="http://hl7.org/fhir/tools/StructureDefinition/resource-information">
        <valueString value="Observation"/>
      </extension>
      <reference>
        <reference value="Observation/RiskBehaviourTobaccoSmokerExample"/>
      </reference>
      <name value="Tobacco Smoker Observation"/>
      <description value="Represents the tobacco smoking status of the patient."/>
      <exampleCanonical value="http://openhie.org/fhir/sri-lanka/StructureDefinition/risk-behaviour-tobacco-smoker"/>
    </resource>
    <resource>
      <extension url="http://hl7.org/fhir/tools/StructureDefinition/resource-information">
        <valueString value="StructureDefinition:resource"/>
      </extension>
      <reference>
        <reference value="StructureDefinition/total-cholesterol"/>
      </reference>
      <name value="Total Cholesterol"/>
      <description value="Represents the patient's total cholesterol results."/>
      <exampleBoolean value="false"/>
    </resource>
    <resource>
      <extension url="http://hl7.org/fhir/tools/StructureDefinition/resource-information">
        <valueString value="Observation"/>
      </extension>
      <reference>
        <reference value="Observation/TotalCholesterolExample"/>
      </reference>
      <name value="Total Cholesterol"/>
      <description value="Represents the patient's total cholesterol results."/>
      <exampleCanonical value="http://openhie.org/fhir/sri-lanka/StructureDefinition/total-cholesterol"/>
    </resource>
    <resource>
      <extension url="http://hl7.org/fhir/tools/StructureDefinition/resource-information">
        <valueString value="ValueSet"/>
      </extension>
      <reference>
        <reference value="ValueSet/vs-whoatc"/>
      </reference>
      <name value="WHO ATC"/>
      <description value="World Health Organization Anatomical Therapeutic Chemical (ATC) classification system. Note: The currently implemented code system and the value set expansion contain only a set of example ATC codes, not the complete code system content."/>
      <exampleBoolean value="false"/>
    </resource>
    <page>
      <extension url="http://hl7.org/fhir/tools/StructureDefinition/ig-page-name">
        <valueUrl value="toc.html"/>
      </extension>
      <nameUrl value="toc.html"/>
      <title value="Table of Contents"/>
      <generation value="html"/>
      <page>
        <extension url="http://hl7.org/fhir/tools/StructureDefinition/ig-page-name">
          <valueUrl value="index.html"/>
        </extension>
        <nameUrl value="index.html"/>
        <title value="Home"/>
        <generation value="html"/>
      </page>
      <page>
        <extension url="http://hl7.org/fhir/tools/StructureDefinition/ig-page-name">
          <valueUrl value="changes.html"/>
        </extension>
        <nameUrl value="changes.html"/>
        <title value="Changes"/>
        <generation value="html"/>
      </page>
    </page>
    <parameter>
      <code value="path-resource"/>
      <value value="input/capabilities"/>
    </parameter>
    <parameter>
      <code value="path-resource"/>
      <value value="input/examples"/>
    </parameter>
    <parameter>
      <code value="path-resource"/>
      <value value="input/extensions"/>
    </parameter>
    <parameter>
      <code value="path-resource"/>
      <value value="input/models"/>
    </parameter>
    <parameter>
      <code value="path-resource"/>
      <value value="input/operations"/>
    </parameter>
    <parameter>
      <code value="path-resource"/>
      <value value="input/profiles"/>
    </parameter>
    <parameter>
      <code value="path-resource"/>
      <value value="input/resources"/>
    </parameter>
    <parameter>
      <code value="path-resource"/>
      <value value="input/vocabulary"/>
    </parameter>
    <parameter>
      <code value="path-resource"/>
      <value value="input/maps"/>
    </parameter>
    <parameter>
      <code value="path-resource"/>
      <value value="input/testing"/>
    </parameter>
    <parameter>
      <code value="path-resource"/>
      <value value="input/history"/>
    </parameter>
    <parameter>
      <code value="path-resource"/>
      <value value="fsh-generated/resources"/>
    </parameter>
    <parameter>
      <code value="path-pages"/>
      <value value="template/config"/>
    </parameter>
    <parameter>
      <code value="path-pages"/>
      <value value="input/images"/>
    </parameter>
    <parameter>
      <code value="path-tx-cache"/>
      <value value="input-cache/txcache"/>
    </parameter>
  </definition>
</ImplementationGuide>