{"resourceType":"ValueSet","id":"vs-risk-behaviour-tobacco-smoker","text":{"status":"generated","div":"<div xmlns=\"http://www.w3.org/1999/xhtml\"><ul><li>Include codes from <a href=\"http://www.snomed.org/\"><code>http://snomed.info/sct</code></a> where concept  descends from  365980008 (null)</li></ul></div>"},"url":"http://openhie.org/fhir/sri-lanka/ValueSet/vs-risk-behaviour-tobacco-smoker","version":"0.1.0","name":"VSRiskBehaviourTobaccoSmoker","title":"Tobacco Smoker","status":"active","experimental":false,"date":"2023-10-19T13:02:53+00:00","publisher":"Jembi Health Systems","contact":[{"name":"Jembi Health Systems","telecom":[{"system":"url","value":"https://www.jembi.org"},{"system":"email","value":"info@jembi.org"}]},{"name":"Richard Langford","telecom":[{"system":"email","value":"richard.langford@jembi.org","use":"work"}]}],"description":"Tobacco Smoker Status","jurisdiction":[{"coding":[{"system":"http://unstats.un.org/unsd/methods/m49/m49.htm","code":"001","display":"World"}]}],"compose":{"include":[{"system":"http://snomed.info/sct","filter":[{"property":"concept","op":"descendent-of","value":"365980008"}]}]}}