<?xml version="1.0" encoding="UTF-8"?>

<Organization xmlns="http://hl7.org/fhir">
  <id value="OrganizationExample"/>
  <meta>
    <profile value="http://openhie.org/fhir/sri-lanka/StructureDefinition/organization"/>
  </meta>
  <text>
    <status value="generated"/><div xmlns="http://www.w3.org/1999/xhtml"><p><b>Generated Narrative: Organization</b><a name="OrganizationExample"> </a></p><div style="display: inline-block; background-color: #d9e0e7; padding: 6px; margin: 4px; border: 1px solid #8da1b4; border-radius: 5px; line-height: 60%"><p style="margin-bottom: 0px">Resource Organization &quot;OrganizationExample&quot; </p><p style="margin-bottom: 0px">Profile: <a href="StructureDefinition-organization.html">Organization</a></p></div><p><b>identifier</b>: Organization identifier: facility1</p><p><b>name</b>: Some Health Facility</p></div>
  </text>
  <identifier>
    <type>
      <coding>
        <system value="http://terminology.hl7.org/CodeSystem/v2-0203"/>
        <code value="XX"/>
      </coding>
      <text value="Organization identifier"/>
    </type>
    <system value="http://openhie.org/fhir/sri-lanka/identifier/organization"/>
    <value value="facility1"/>
  </identifier>
  <name value="Some Health Facility"/>
</Organization>