<?xml version="1.0" encoding="UTF-8"?><ImplementationGuide xmlns="http://hl7.org/fhir"><id value="openhie.fhir.sri-lanka"/><text><status value="extensions"/><div xmlns="http://www.w3.org/1999/xhtml"><h2>SriLanka</h2><p>The official URL for this implementation guide is: </p><pre>http://openhie.org/fhir/sri-lanka/ImplementationGuide/openhie.fhir.sri-lanka</pre><div><p>A FHIR Implementation Guide - Sri Lanka</p>
</div></div></text><url value="http://openhie.org/fhir/sri-lanka/ImplementationGuide/openhie.fhir.sri-lanka"/><version value="0.1.0"/><name value="SriLanka"/><title value="HL7 FHIR Implementation Guide: Sri Lanka"/><status value="active"/><date value="2023-10-05"/><publisher value="Jembi Health Systems"/><contact><name value="Jembi Health Systems"/><telecom><system value="url"/><value value="https://www.jembi.org"/></telecom><telecom><system value="email"/><value value="info@jembi.org"/></telecom></contact><contact><name value="Richard Langford"/><telecom><system value="email"/><value value="richard.langford@jembi.org"/><use value="work"/></telecom></contact><description value="A FHIR Implementation Guide - Sri Lanka"/><jurisdiction><coding><system value="http://unstats.un.org/unsd/methods/m49/m49.htm"/><code value="001"/><display value="World"/></coding></jurisdiction><packageId value="openhie.fhir.sri-lanka"/><license value="CC0-1.0"/><fhirVersion value="4.0.1"/><dependsOn id="hl7tx"><extension url="http://hl7.org/fhir/tools/StructureDefinition/implementationguide-dependency-comment"><valueMarkdown value="Automatically added as a dependency - all IGs depend on HL7 Terminology"/></extension><uri value="http://terminology.hl7.org/ImplementationGuide/hl7.terminology"/><packageId value="hl7.terminology.r4"/><version value="5.3.0"/></dependsOn><dependsOn id="hl7ext"><extension url="http://hl7.org/fhir/tools/StructureDefinition/implementationguide-dependency-comment"><valueMarkdown value="Automatically added as a dependency - all IGs depend on the HL7 Extension Pack"/></extension><uri value="http://hl7.org/fhir/extensions/ImplementationGuide/hl7.fhir.uv.extensions"/><packageId value="hl7.fhir.uv.extensions.r4"/><version value="1.0.0"/></dependsOn><definition><extension url="http://hl7.org/fhir/tools/StructureDefinition/ig-parameter"><extension url="code"><valueString value="copyrightyear"/></extension><extension url="value"><valueString value="2021+"/></extension></extension><extension url="http://hl7.org/fhir/tools/StructureDefinition/ig-parameter"><extension url="code"><valueString value="releaselabel"/></extension><extension url="value"><valueString value="STU1"/></extension></extension><extension url="http://hl7.org/fhir/tools/StructureDefinition/ig-parameter"><extension url="code"><valueString value="autoload-resources"/></extension><extension url="value"><valueString value="true"/></extension></extension><extension url="http://hl7.org/fhir/tools/StructureDefinition/ig-parameter"><extension url="code"><valueString value="path-liquid"/></extension><extension url="value"><valueString value="template/liquid"/></extension></extension><extension url="http://hl7.org/fhir/tools/StructureDefinition/ig-parameter"><extension url="code"><valueString value="path-liquid"/></extension><extension url="value"><valueString value="input/liquid"/></extension></extension><extension url="http://hl7.org/fhir/tools/StructureDefinition/ig-parameter"><extension url="code"><valueString value="path-qa"/></extension><extension url="value"><valueString value="temp/qa"/></extension></extension><extension url="http://hl7.org/fhir/tools/StructureDefinition/ig-parameter"><extension url="code"><valueString value="path-temp"/></extension><extension url="value"><valueString value="temp/pages"/></extension></extension><extension url="http://hl7.org/fhir/tools/StructureDefinition/ig-parameter"><extension url="code"><valueString value="path-output"/></extension><extension url="value"><valueString value="output"/></extension></extension><extension url="http://hl7.org/fhir/tools/StructureDefinition/ig-parameter"><extension url="code"><valueString value="path-suppressed-warnings"/></extension><extension url="value"><valueString value="input/ignoreWarnings.txt"/></extension></extension><extension url="http://hl7.org/fhir/tools/StructureDefinition/ig-parameter"><extension url="code"><valueString value="path-history"/></extension><extension url="value"><valueString value="http://openhie.org/fhir/sri-lanka/history.html"/></extension></extension><extension url="http://hl7.org/fhir/tools/StructureDefinition/ig-parameter"><extension url="code"><valueString value="template-html"/></extension><extension url="value"><valueString value="template-page.html"/></extension></extension><extension url="http://hl7.org/fhir/tools/StructureDefinition/ig-parameter"><extension url="code"><valueString value="template-md"/></extension><extension url="value"><valueString value="template-page-md.html"/></extension></extension><extension url="http://hl7.org/fhir/tools/StructureDefinition/ig-parameter"><extension url="code"><valueString value="apply-contact"/></extension><extension url="value"><valueString value="true"/></extension></extension><extension url="http://hl7.org/fhir/tools/StructureDefinition/ig-parameter"><extension url="code"><valueString value="apply-context"/></extension><extension url="value"><valueString value="true"/></extension></extension><extension url="http://hl7.org/fhir/tools/StructureDefinition/ig-parameter"><extension url="code"><valueString value="apply-copyright"/></extension><extension url="value"><valueString value="true"/></extension></extension><extension url="http://hl7.org/fhir/tools/StructureDefinition/ig-parameter"><extension url="code"><valueString value="apply-jurisdiction"/></extension><extension url="value"><valueString value="true"/></extension></extension><extension url="http://hl7.org/fhir/tools/StructureDefinition/ig-parameter"><extension url="code"><valueString value="apply-license"/></extension><extension url="value"><valueString value="true"/></extension></extension><extension url="http://hl7.org/fhir/tools/StructureDefinition/ig-parameter"><extension url="code"><valueString value="apply-publisher"/></extension><extension url="value"><valueString value="true"/></extension></extension><extension url="http://hl7.org/fhir/tools/StructureDefinition/ig-parameter"><extension url="code"><valueString value="apply-version"/></extension><extension url="value"><valueString value="true"/></extension></extension><extension url="http://hl7.org/fhir/tools/StructureDefinition/ig-parameter"><extension url="code"><valueString value="apply-wg"/></extension><extension url="value"><valueString value="true"/></extension></extension><extension url="http://hl7.org/fhir/tools/StructureDefinition/ig-parameter"><extension url="code"><valueString value="active-tables"/></extension><extension url="value"><valueString value="true"/></extension></extension><extension url="http://hl7.org/fhir/tools/StructureDefinition/ig-parameter"><extension url="code"><valueString value="fmm-definition"/></extension><extension url="value"><valueString value="http://hl7.org/fhir/versions.html#maturity"/></extension></extension><extension url="http://hl7.org/fhir/tools/StructureDefinition/ig-parameter"><extension url="code"><valueString value="propagate-status"/></extension><extension url="value"><valueString value="true"/></extension></extension><extension url="http://hl7.org/fhir/tools/StructureDefinition/ig-parameter"><extension url="code"><valueString value="excludelogbinaryformat"/></extension><extension url="value"><valueString value="true"/></extension></extension><extension url="http://hl7.org/fhir/tools/StructureDefinition/ig-parameter"><extension url="code"><valueString value="tabbed-snapshots"/></extension><extension url="value"><valueString value="true"/></extension></extension><extension url="http://hl7.org/fhir/tools/StructureDefinition/ig-internal-dependency"><valueCode value="hl7.fhir.uv.tools#current"/></extension><extension url="http://hl7.org/fhir/tools/StructureDefinition/ig-parameter"><extension url="code"><valueCode value="copyrightyear"/></extension><extension url="value"><valueString value="2021+"/></extension></extension><extension url="http://hl7.org/fhir/tools/StructureDefinition/ig-parameter"><extension url="code"><valueCode value="releaselabel"/></extension><extension url="value"><valueString value="STU1"/></extension></extension><extension url="http://hl7.org/fhir/tools/StructureDefinition/ig-parameter"><extension url="code"><valueCode value="autoload-resources"/></extension><extension url="value"><valueString value="true"/></extension></extension><extension url="http://hl7.org/fhir/tools/StructureDefinition/ig-parameter"><extension url="code"><valueCode value="path-liquid"/></extension><extension url="value"><valueString value="template/liquid"/></extension></extension><extension url="http://hl7.org/fhir/tools/StructureDefinition/ig-parameter"><extension url="code"><valueCode value="path-liquid"/></extension><extension url="value"><valueString value="input/liquid"/></extension></extension><extension url="http://hl7.org/fhir/tools/StructureDefinition/ig-parameter"><extension url="code"><valueCode value="path-qa"/></extension><extension url="value"><valueString value="temp/qa"/></extension></extension><extension url="http://hl7.org/fhir/tools/StructureDefinition/ig-parameter"><extension url="code"><valueCode value="path-temp"/></extension><extension url="value"><valueString value="temp/pages"/></extension></extension><extension url="http://hl7.org/fhir/tools/StructureDefinition/ig-parameter"><extension url="code"><valueCode value="path-output"/></extension><extension url="value"><valueString value="output"/></extension></extension><extension url="http://hl7.org/fhir/tools/StructureDefinition/ig-parameter"><extension url="code"><valueCode value="path-suppressed-warnings"/></extension><extension url="value"><valueString value="input/ignoreWarnings.txt"/></extension></extension><extension url="http://hl7.org/fhir/tools/StructureDefinition/ig-parameter"><extension url="code"><valueCode value="path-history"/></extension><extension url="value"><valueString value="http://openhie.org/fhir/sri-lanka/history.html"/></extension></extension><extension url="http://hl7.org/fhir/tools/StructureDefinition/ig-parameter"><extension url="code"><valueCode value="template-html"/></extension><extension url="value"><valueString value="template-page.html"/></extension></extension><extension url="http://hl7.org/fhir/tools/StructureDefinition/ig-parameter"><extension url="code"><valueCode value="template-md"/></extension><extension url="value"><valueString value="template-page-md.html"/></extension></extension><extension url="http://hl7.org/fhir/tools/StructureDefinition/ig-parameter"><extension url="code"><valueCode value="apply-contact"/></extension><extension url="value"><valueString value="true"/></extension></extension><extension url="http://hl7.org/fhir/tools/StructureDefinition/ig-parameter"><extension url="code"><valueCode value="apply-context"/></extension><extension url="value"><valueString value="true"/></extension></extension><extension url="http://hl7.org/fhir/tools/StructureDefinition/ig-parameter"><extension url="code"><valueCode value="apply-copyright"/></extension><extension url="value"><valueString value="true"/></extension></extension><extension url="http://hl7.org/fhir/tools/StructureDefinition/ig-parameter"><extension url="code"><valueCode value="apply-jurisdiction"/></extension><extension url="value"><valueString value="true"/></extension></extension><extension url="http://hl7.org/fhir/tools/StructureDefinition/ig-parameter"><extension url="code"><valueCode value="apply-license"/></extension><extension url="value"><valueString value="true"/></extension></extension><extension url="http://hl7.org/fhir/tools/StructureDefinition/ig-parameter"><extension url="code"><valueCode value="apply-publisher"/></extension><extension url="value"><valueString value="true"/></extension></extension><extension url="http://hl7.org/fhir/tools/StructureDefinition/ig-parameter"><extension url="code"><valueCode value="apply-version"/></extension><extension url="value"><valueString value="true"/></extension></extension><extension url="http://hl7.org/fhir/tools/StructureDefinition/ig-parameter"><extension url="code"><valueCode value="apply-wg"/></extension><extension url="value"><valueString value="true"/></extension></extension><extension url="http://hl7.org/fhir/tools/StructureDefinition/ig-parameter"><extension url="code"><valueCode value="active-tables"/></extension><extension url="value"><valueString value="true"/></extension></extension><extension url="http://hl7.org/fhir/tools/StructureDefinition/ig-parameter"><extension url="code"><valueCode value="fmm-definition"/></extension><extension url="value"><valueString value="http://hl7.org/fhir/versions.html#maturity"/></extension></extension><extension url="http://hl7.org/fhir/tools/StructureDefinition/ig-parameter"><extension url="code"><valueCode value="propagate-status"/></extension><extension url="value"><valueString value="true"/></extension></extension><extension url="http://hl7.org/fhir/tools/StructureDefinition/ig-parameter"><extension url="code"><valueCode value="excludelogbinaryformat"/></extension><extension url="value"><valueString value="true"/></extension></extension><extension url="http://hl7.org/fhir/tools/StructureDefinition/ig-parameter"><extension url="code"><valueCode value="tabbed-snapshots"/></extension><extension url="value"><valueString value="true"/></extension></extension><extension url="http://hl7.org/fhir/tools/StructureDefinition/ig-parameter"><extension url="code"><valueCode value="copyrightyear"/></extension><extension url="value"><valueString value="2021+"/></extension></extension><extension url="http://hl7.org/fhir/tools/StructureDefinition/ig-parameter"><extension url="code"><valueCode value="releaselabel"/></extension><extension url="value"><valueString value="STU1"/></extension></extension><extension url="http://hl7.org/fhir/tools/StructureDefinition/ig-parameter"><extension url="code"><valueCode value="autoload-resources"/></extension><extension url="value"><valueString value="true"/></extension></extension><extension url="http://hl7.org/fhir/tools/StructureDefinition/ig-parameter"><extension url="code"><valueCode value="path-liquid"/></extension><extension url="value"><valueString value="template/liquid"/></extension></extension><extension url="http://hl7.org/fhir/tools/StructureDefinition/ig-parameter"><extension url="code"><valueCode value="path-liquid"/></extension><extension url="value"><valueString value="input/liquid"/></extension></extension><extension url="http://hl7.org/fhir/tools/StructureDefinition/ig-parameter"><extension url="code"><valueCode value="path-qa"/></extension><extension url="value"><valueString value="temp/qa"/></extension></extension><extension url="http://hl7.org/fhir/tools/StructureDefinition/ig-parameter"><extension url="code"><valueCode value="path-temp"/></extension><extension url="value"><valueString value="temp/pages"/></extension></extension><extension url="http://hl7.org/fhir/tools/StructureDefinition/ig-parameter"><extension url="code"><valueCode value="path-output"/></extension><extension url="value"><valueString value="output"/></extension></extension><extension url="http://hl7.org/fhir/tools/StructureDefinition/ig-parameter"><extension url="code"><valueCode value="path-suppressed-warnings"/></extension><extension url="value"><valueString value="input/ignoreWarnings.txt"/></extension></extension><extension url="http://hl7.org/fhir/tools/StructureDefinition/ig-parameter"><extension url="code"><valueCode value="path-history"/></extension><extension url="value"><valueString value="http://openhie.org/fhir/sri-lanka/history.html"/></extension></extension><extension url="http://hl7.org/fhir/tools/StructureDefinition/ig-parameter"><extension url="code"><valueCode value="template-html"/></extension><extension url="value"><valueString value="template-page.html"/></extension></extension><extension url="http://hl7.org/fhir/tools/StructureDefinition/ig-parameter"><extension url="code"><valueCode value="template-md"/></extension><extension url="value"><valueString value="template-page-md.html"/></extension></extension><extension url="http://hl7.org/fhir/tools/StructureDefinition/ig-parameter"><extension url="code"><valueCode value="apply-contact"/></extension><extension url="value"><valueString value="true"/></extension></extension><extension url="http://hl7.org/fhir/tools/StructureDefinition/ig-parameter"><extension url="code"><valueCode value="apply-context"/></extension><extension url="value"><valueString value="true"/></extension></extension><extension url="http://hl7.org/fhir/tools/StructureDefinition/ig-parameter"><extension url="code"><valueCode value="apply-copyright"/></extension><extension url="value"><valueString value="true"/></extension></extension><extension url="http://hl7.org/fhir/tools/StructureDefinition/ig-parameter"><extension url="code"><valueCode value="apply-jurisdiction"/></extension><extension url="value"><valueString value="true"/></extension></extension><extension url="http://hl7.org/fhir/tools/StructureDefinition/ig-parameter"><extension url="code"><valueCode value="apply-license"/></extension><extension url="value"><valueString value="true"/></extension></extension><extension url="http://hl7.org/fhir/tools/StructureDefinition/ig-parameter"><extension url="code"><valueCode value="apply-publisher"/></extension><extension url="value"><valueString value="true"/></extension></extension><extension url="http://hl7.org/fhir/tools/StructureDefinition/ig-parameter"><extension url="code"><valueCode value="apply-version"/></extension><extension url="value"><valueString value="true"/></extension></extension><extension url="http://hl7.org/fhir/tools/StructureDefinition/ig-parameter"><extension url="code"><valueCode value="apply-wg"/></extension><extension url="value"><valueString value="true"/></extension></extension><extension url="http://hl7.org/fhir/tools/StructureDefinition/ig-parameter"><extension url="code"><valueCode value="active-tables"/></extension><extension url="value"><valueString value="true"/></extension></extension><extension url="http://hl7.org/fhir/tools/StructureDefinition/ig-parameter"><extension url="code"><valueCode value="fmm-definition"/></extension><extension url="value"><valueString value="http://hl7.org/fhir/versions.html#maturity"/></extension></extension><extension url="http://hl7.org/fhir/tools/StructureDefinition/ig-parameter"><extension url="code"><valueCode value="propagate-status"/></extension><extension url="value"><valueString value="true"/></extension></extension><extension url="http://hl7.org/fhir/tools/StructureDefinition/ig-parameter"><extension url="code"><valueCode value="excludelogbinaryformat"/></extension><extension url="value"><valueString value="true"/></extension></extension><extension url="http://hl7.org/fhir/tools/StructureDefinition/ig-parameter"><extension url="code"><valueCode value="tabbed-snapshots"/></extension><extension url="value"><valueString value="true"/></extension></extension><grouping id="-str-profile"><name value="Structures: Resource Profiles"/><description value="These define constraints on FHIR resources for systems conforming to this implementation guide."/></grouping><grouping id="-str-extension"><name value="Structures: Extension Definitions"/><description value="These define constraints on FHIR data types for systems conforming to this implementation guide."/></grouping><grouping id="-term-valueset"><name value="Terminology: Value Sets"/><description value="These define sets of codes used by systems conforming to this implementation guide."/></grouping><grouping id="-term-codesystem"><name value="Terminology: Code Systems"/><description value="These define new code systems used by systems conforming to this implementation guide."/></grouping><grouping id="-ex-example"><name value="Example: Example Instances"/><description value="These are example instances that show what data produced and consumed by systems conforming with this implementation guide might look like."/></grouping><resource><extension url="http://hl7.org/fhir/tools/StructureDefinition/resource-sort"><valueInteger value="999999999"/></extension><extension url="http://hl7.org/fhir/StructureDefinition/implementationguide-page"><valueUri value="StructureDefinition-allergy-intolerance.html"/></extension><reference><reference value="StructureDefinition/allergy-intolerance"/></reference><name value="Allergy Intolerance"/><description value="Allergy Intolerance"/><exampleBoolean value="false"/><groupingId value="-str-profile"/></resource><resource><extension url="http://hl7.org/fhir/tools/StructureDefinition/resource-sort"><valueInteger value="999999999"/></extension><extension url="http://hl7.org/fhir/StructureDefinition/implementationguide-page"><valueUri value="StructureDefinition-blood-pressure.html"/></extension><reference><reference value="StructureDefinition/blood-pressure"/></reference><name value="Blood Pressure Observation"/><description value="Represents the patient's blood pressure."/><exampleBoolean value="false"/><groupingId value="-str-profile"/></resource><resource><extension url="http://hl7.org/fhir/tools/StructureDefinition/resource-sort"><valueInteger value="999999999"/></extension><extension url="http://hl7.org/fhir/StructureDefinition/implementationguide-page"><valueUri value="StructureDefinition-cvd-risk-category.html"/></extension><reference><reference value="StructureDefinition/cvd-risk-category"/></reference><name value="Cardiovascular Risk Category"/><description value="Cardiovascular Risk Category"/><exampleBoolean value="false"/><groupingId value="-str-profile"/></resource><resource><extension url="http://hl7.org/fhir/tools/StructureDefinition/resource-sort"><valueInteger value="999999999"/></extension><extension url="http://hl7.org/fhir/StructureDefinition/implementationguide-page"><valueUri value="StructureDefinition-fasting-blood-sugar.html"/></extension><reference><reference value="StructureDefinition/fasting-blood-sugar"/></reference><name value="Fasting Blood Sugar Observation"/><description value="Represents the patient's FBS results."/><exampleBoolean value="false"/><groupingId value="-str-profile"/></resource><resource><extension url="http://hl7.org/fhir/tools/StructureDefinition/resource-sort"><valueInteger value="999999999"/></extension><extension url="http://hl7.org/fhir/StructureDefinition/implementationguide-page"><valueUri value="StructureDefinition-follow-up-at-hlc.html"/></extension><reference><reference value="StructureDefinition/follow-up-at-hlc"/></reference><name value="Follow-up at HLC"/><description value="Follow-up at HLC"/><exampleBoolean value="false"/><groupingId value="-str-profile"/></resource><resource><extension url="http://hl7.org/fhir/tools/StructureDefinition/resource-sort"><valueInteger value="999999999"/></extension><extension url="http://hl7.org/fhir/StructureDefinition/implementationguide-page"><valueUri value="StructureDefinition-general-referral-request.html"/></extension><reference><reference value="StructureDefinition/general-referral-request"/></reference><name value="General Referral Request"/><description value="General Referral Request"/><exampleBoolean value="false"/><groupingId value="-str-profile"/></resource><resource><extension url="http://hl7.org/fhir/tools/StructureDefinition/resource-sort"><valueInteger value="999999999"/></extension><extension url="http://hl7.org/fhir/StructureDefinition/implementationguide-page"><valueUri value="StructureDefinition-hhims-patient.html"/></extension><reference><reference value="StructureDefinition/hhims-patient"/></reference><name value="HHIMS Patient"/><description value="Is used to document demographics and other administrative information about an HHIMS individual receiving care or other health-related services."/><exampleBoolean value="false"/><groupingId value="-str-profile"/></resource><resource><extension url="http://hl7.org/fhir/tools/StructureDefinition/resource-sort"><valueInteger value="999999999"/></extension><extension url="http://hl7.org/fhir/StructureDefinition/implementationguide-page"><valueUri value="StructureDefinition-hims-composition.html"/></extension><reference><reference value="StructureDefinition/hims-composition"/></reference><name value="HIMS Composition"/><description value="Logically groups all resources into a single document structure."/><exampleBoolean value="false"/><groupingId value="-str-profile"/></resource><resource><extension url="http://hl7.org/fhir/tools/StructureDefinition/resource-sort"><valueInteger value="999999999"/></extension><extension url="http://hl7.org/fhir/StructureDefinition/implementationguide-page"><valueUri value="StructureDefinition-hims-patient.html"/></extension><reference><reference value="StructureDefinition/hims-patient"/></reference><name value="HIMS Patient"/><description value="Is used to document demographics and other administrative information about an individual receiving care or other health-related services. &#xA;    In addition to the profiled data elements, this profile includes all data elements from the HHIMS Patient profile."/><exampleBoolean value="false"/><groupingId value="-str-profile"/></resource><resource><extension url="http://hl7.org/fhir/tools/StructureDefinition/resource-sort"><valueInteger value="999999999"/></extension><extension url="http://hl7.org/fhir/StructureDefinition/implementationguide-page"><valueUri value="StructureDefinition-hypertension.html"/></extension><reference><reference value="StructureDefinition/hypertension"/></reference><name value="Hypertension"/><description value="Patient is diagnosed with Hypertension due to high blood pressure."/><exampleBoolean value="false"/><groupingId value="-str-profile"/></resource><resource><extension url="http://hl7.org/fhir/tools/StructureDefinition/resource-sort"><valueInteger value="999999999"/></extension><extension url="http://hl7.org/fhir/StructureDefinition/implementationguide-page"><valueUri value="StructureDefinition-medical-history.html"/></extension><reference><reference value="StructureDefinition/medical-history"/></reference><name value="Medical History"/><description value="Represents previous, pre-existing and new conditions."/><exampleBoolean value="false"/><groupingId value="-str-profile"/></resource><resource><extension url="http://hl7.org/fhir/tools/StructureDefinition/resource-sort"><valueInteger value="999999999"/></extension><extension url="http://hl7.org/fhir/StructureDefinition/implementationguide-page"><valueUri value="StructureDefinition-notifiable-diseases-notified.html"/></extension><reference><reference value="StructureDefinition/notifiable-diseases-notified"/></reference><name value="Notifiable Diseases Notified"/><description value="Notifiable Diseases Notified"/><exampleBoolean value="false"/><groupingId value="-str-profile"/></resource><resource><extension url="http://hl7.org/fhir/tools/StructureDefinition/resource-sort"><valueInteger value="999999999"/></extension><extension url="http://hl7.org/fhir/StructureDefinition/implementationguide-page"><valueUri value="StructureDefinition-organization.html"/></extension><reference><reference value="StructureDefinition/organization"/></reference><name value="Organization"/><description value="Organization providing health related services."/><exampleBoolean value="false"/><groupingId value="-str-profile"/></resource><resource><extension url="http://hl7.org/fhir/tools/StructureDefinition/resource-sort"><valueInteger value="999999999"/></extension><extension url="http://hl7.org/fhir/StructureDefinition/implementationguide-page"><valueUri value="StructureDefinition-bmi.html"/></extension><reference><reference value="StructureDefinition/bmi"/></reference><name value="Patient BMI"/><description value="Represents the patient's BMI."/><exampleBoolean value="false"/><groupingId value="-str-profile"/></resource><resource><extension url="http://hl7.org/fhir/tools/StructureDefinition/resource-sort"><valueInteger value="999999999"/></extension><extension url="http://hl7.org/fhir/StructureDefinition/implementationguide-page"><valueUri value="StructureDefinition-height.html"/></extension><reference><reference value="StructureDefinition/height"/></reference><name value="Patient Height"/><description value="Represents the patient's height."/><exampleBoolean value="false"/><groupingId value="-str-profile"/></resource><resource><extension url="http://hl7.org/fhir/tools/StructureDefinition/resource-sort"><valueInteger value="999999999"/></extension><extension url="http://hl7.org/fhir/StructureDefinition/implementationguide-page"><valueUri value="StructureDefinition-weight.html"/></extension><reference><reference value="StructureDefinition/weight"/></reference><name value="Patient Weight"/><description value="Represents the patient's weight."/><exampleBoolean value="false"/><groupingId value="-str-profile"/></resource><resource><extension url="http://hl7.org/fhir/tools/StructureDefinition/resource-sort"><valueInteger value="999999999"/></extension><extension url="http://hl7.org/fhir/StructureDefinition/implementationguide-page"><valueUri value="StructureDefinition-risk-behaviour-physical-activity.html"/></extension><reference><reference value="StructureDefinition/risk-behaviour-physical-activity"/></reference><name value="Physical Activity Status Observation"/><description value="Represents the physical status of the patient."/><exampleBoolean value="false"/><groupingId value="-str-profile"/></resource><resource><extension url="http://hl7.org/fhir/tools/StructureDefinition/resource-sort"><valueInteger value="999999999"/></extension><extension url="http://hl7.org/fhir/StructureDefinition/implementationguide-page"><valueUri value="StructureDefinition-practitioner.html"/></extension><reference><reference value="StructureDefinition/practitioner"/></reference><name value="Practitioner"/><description value="Represents the practitioners who participated in the observation."/><exampleBoolean value="false"/><groupingId value="-str-profile"/></resource><resource><extension url="http://hl7.org/fhir/tools/StructureDefinition/resource-sort"><valueInteger value="999999999"/></extension><extension url="http://hl7.org/fhir/StructureDefinition/implementationguide-page"><valueUri value="StructureDefinition-providers-location.html"/></extension><reference><reference value="StructureDefinition/providers-location"/></reference><name value="Providers Location"/><description value="Providers Location"/><exampleBoolean value="false"/><groupingId value="-str-profile"/></resource><resource><extension url="http://hl7.org/fhir/tools/StructureDefinition/resource-sort"><valueInteger value="999999999"/></extension><extension url="http://hl7.org/fhir/StructureDefinition/implementationguide-page"><valueUri value="StructureDefinition-random-blood-sugar.html"/></extension><reference><reference value="StructureDefinition/random-blood-sugar"/></reference><name value="Random Blood Sugar Observation"/><description value="Represents the patient's RBS results."/><exampleBoolean value="false"/><groupingId value="-str-profile"/></resource><resource><extension url="http://hl7.org/fhir/tools/StructureDefinition/resource-sort"><valueInteger value="999999999"/></extension><extension url="http://hl7.org/fhir/StructureDefinition/implementationguide-page"><valueUri value="StructureDefinition-follow-up-plan.html"/></extension><reference><reference value="StructureDefinition/follow-up-plan"/></reference><name value="Referral Request For Follow-up Plan"/><description value="Referral Request For Follow-up Plan"/><exampleBoolean value="false"/><groupingId value="-str-profile"/></resource><resource><extension url="http://hl7.org/fhir/tools/StructureDefinition/resource-sort"><valueInteger value="999999999"/></extension><extension url="http://hl7.org/fhir/StructureDefinition/implementationguide-page"><valueUri value="StructureDefinition-referral-task.html"/></extension><reference><reference value="StructureDefinition/referral-task"/></reference><name value="Referral Task"/><description value="Referral Task"/><exampleBoolean value="false"/><groupingId value="-str-profile"/></resource><resource><extension url="http://hl7.org/fhir/tools/StructureDefinition/resource-sort"><valueInteger value="999999999"/></extension><extension url="http://hl7.org/fhir/StructureDefinition/implementationguide-page"><valueUri value="StructureDefinition-target-facility-encounter.html"/></extension><reference><reference value="StructureDefinition/target-facility-encounter"/></reference><name value="Target Facility Encounter"/><description value="Represents the current facility at which the patient is receiving health services."/><exampleBoolean value="false"/><groupingId value="-str-profile"/></resource><resource><extension url="http://hl7.org/fhir/tools/StructureDefinition/resource-sort"><valueInteger value="999999999"/></extension><extension url="http://hl7.org/fhir/StructureDefinition/implementationguide-page"><valueUri value="StructureDefinition-risk-behaviour-tobacco-smoker.html"/></extension><reference><reference value="StructureDefinition/risk-behaviour-tobacco-smoker"/></reference><name value="Tobacco Smoker Observation"/><description value="Represents the tobacco smoking status of the patient."/><exampleBoolean value="false"/><groupingId value="-str-profile"/></resource><resource><extension url="http://hl7.org/fhir/tools/StructureDefinition/resource-sort"><valueInteger value="999999999"/></extension><extension url="http://hl7.org/fhir/StructureDefinition/implementationguide-page"><valueUri value="StructureDefinition-total-cholesterol.html"/></extension><reference><reference value="StructureDefinition/total-cholesterol"/></reference><name value="Total Cholesterol"/><description value="Represents the patient's total cholesterol results."/><exampleBoolean value="false"/><groupingId value="-str-profile"/></resource><resource><extension url="http://hl7.org/fhir/tools/StructureDefinition/resource-sort"><valueInteger value="999999999"/></extension><extension url="http://hl7.org/fhir/StructureDefinition/implementationguide-page"><valueUri value="StructureDefinition-multiple-values-for-patient-identifier.html"/></extension><reference><reference value="StructureDefinition/multiple-values-for-patient-identifier"/></reference><name value="Extension For Patient Idenitifiers Needing Multiple Values"/><description value="This extension can be used by those patient identifiers where multiple values need to be associated with a single identifier slice."/><exampleBoolean value="false"/><groupingId value="-str-extension"/></resource><resource><extension url="http://hl7.org/fhir/tools/StructureDefinition/resource-sort"><valueInteger value="999999999"/></extension><extension url="http://hl7.org/fhir/StructureDefinition/implementationguide-page"><valueUri value="ValueSet-vs-absent-or-unknown-allergies.html"/></extension><reference><reference value="ValueSet/vs-absent-or-unknown-allergies"/></reference><name value="Absent or Unknown Allergies"/><description value="Absent or Unknown Allergies"/><exampleBoolean value="false"/><groupingId value="-term-valueset"/></resource><resource><extension url="http://hl7.org/fhir/tools/StructureDefinition/resource-sort"><valueInteger value="999999999"/></extension><extension url="http://hl7.org/fhir/StructureDefinition/implementationguide-page"><valueUri value="ValueSet-vs-allergy-intolerance-substance-condition.html"/></extension><reference><reference value="ValueSet/vs-allergy-intolerance-substance-condition"/></reference><name value="Allergy Intolerance"/><description value="IPS Allergy intolerance codes value set. This value set includes codes from SNOMED Clinical Terms®: all descendants of 373873005 &amp;#124;Pharmaceutical / biologic product (product)&amp;#124;&amp;#59; all descendants of 105590001 &amp;#124;Substance (substance)&amp;#124;&amp;#59; all descendants of 418038007 &amp;#124;Propensity to adverse reactions to substance (finding)&amp;#124; plus codes for absent and unknown allergies."/><exampleBoolean value="false"/><groupingId value="-term-valueset"/></resource><resource><extension url="http://hl7.org/fhir/tools/StructureDefinition/resource-sort"><valueInteger value="999999999"/></extension><extension url="http://hl7.org/fhir/StructureDefinition/implementationguide-page"><valueUri value="ValueSet-vs-allergy-intolerance-snomed-ct-free-set.html"/></extension><reference><reference value="ValueSet/vs-allergy-intolerance-snomed-ct-free-set"/></reference><name value="Allergy Intolerance - SNOMED CT Free Set"/><description value="This value set includes the codes for allergy or intolerance findings from the SNOMED International Patient Set (IPS) subset of SNOMED CT (IPS Free Set) that are included in: all descendants of 373873005 &amp;#124;Pharmaceutical / biologic product (product)&amp;#124;&amp;#59; all descendants of 105590001 &amp;#124;Substance (substance)&amp;#124;&amp;#59; all descendants of 418038007 &amp;#124;Propensity to adverse reactions to substance (finding)&amp;#124;."/><exampleBoolean value="false"/><groupingId value="-term-valueset"/></resource><resource><extension url="http://hl7.org/fhir/tools/StructureDefinition/resource-sort"><valueInteger value="999999999"/></extension><extension url="http://hl7.org/fhir/StructureDefinition/implementationguide-page"><valueUri value="ValueSet-vs-cvd-risk-category.html"/></extension><reference><reference value="ValueSet/vs-cvd-risk-category"/></reference><name value="Cardiovascular Risk Category Probability Percentage Ranges"/><description value="Cardiovascular Risk Category Probability Percentage Ranges"/><exampleBoolean value="false"/><groupingId value="-term-valueset"/></resource><resource><extension url="http://hl7.org/fhir/tools/StructureDefinition/resource-sort"><valueInteger value="999999999"/></extension><extension url="http://hl7.org/fhir/StructureDefinition/implementationguide-page"><valueUri value="ValueSet-vs-medical-conditions.html"/></extension><reference><reference value="ValueSet/vs-medical-conditions"/></reference><name value="Conditions"/><description value="Represents previous, pre-existing and new conditions."/><exampleBoolean value="false"/><groupingId value="-term-valueset"/></resource><resource><extension url="http://hl7.org/fhir/tools/StructureDefinition/resource-sort"><valueInteger value="999999999"/></extension><extension url="http://hl7.org/fhir/StructureDefinition/implementationguide-page"><valueUri value="ValueSet-vs-follow-up-reasons.html"/></extension><reference><reference value="ValueSet/vs-follow-up-reasons"/></reference><name value="Follow up at HLC"/><description value="Follow up at HLC"/><exampleBoolean value="false"/><groupingId value="-term-valueset"/></resource><resource><extension url="http://hl7.org/fhir/tools/StructureDefinition/resource-sort"><valueInteger value="999999999"/></extension><extension url="http://hl7.org/fhir/StructureDefinition/implementationguide-page"><valueUri value="ValueSet-vs-follow-up-plan.html"/></extension><reference><reference value="ValueSet/vs-follow-up-plan"/></reference><name value="Follow-up plan"/><description value="Follow-up plan"/><exampleBoolean value="false"/><groupingId value="-term-valueset"/></resource><resource><extension url="http://hl7.org/fhir/tools/StructureDefinition/resource-sort"><valueInteger value="999999999"/></extension><extension url="http://hl7.org/fhir/StructureDefinition/implementationguide-page"><valueUri value="ValueSet-vs-reason-for-encounter.html"/></extension><reference><reference value="ValueSet/vs-reason-for-encounter"/></reference><name value="Reason For Encounter"/><description value="Encounter reasons."/><exampleBoolean value="false"/><groupingId value="-term-valueset"/></resource><resource><extension url="http://hl7.org/fhir/tools/StructureDefinition/resource-sort"><valueInteger value="999999999"/></extension><extension url="http://hl7.org/fhir/StructureDefinition/implementationguide-page"><valueUri value="ValueSet-vs-risk-behaviour-physical-activity.html"/></extension><reference><reference value="ValueSet/vs-risk-behaviour-physical-activity"/></reference><name value="Risk Assessment - Physical Activity"/><description value="Risk Assessment - Physical Activity"/><exampleBoolean value="false"/><groupingId value="-term-valueset"/></resource><resource><extension url="http://hl7.org/fhir/tools/StructureDefinition/resource-sort"><valueInteger value="999999999"/></extension><extension url="http://hl7.org/fhir/StructureDefinition/implementationguide-page"><valueUri value="ValueSet-vs-risk-behaviour-tobacco-smoker.html"/></extension><reference><reference value="ValueSet/vs-risk-behaviour-tobacco-smoker"/></reference><name value="Risk Assessment - Tobacco Smoker"/><description value="Risk Assessment - Tobacco Smoker"/><exampleBoolean value="false"/><groupingId value="-term-valueset"/></resource><resource><extension url="http://hl7.org/fhir/tools/StructureDefinition/resource-sort"><valueInteger value="999999999"/></extension><extension url="http://hl7.org/fhir/StructureDefinition/implementationguide-page"><valueUri value="ValueSet-vs-whoatc.html"/></extension><reference><reference value="ValueSet/vs-whoatc"/></reference><name value="WHO ATC"/><description value="World Health Organization Anatomical Therapeutic Chemical (ATC) classification system. Note: The currently implemented code system and the value set expansion contain only a set of example ATC codes, not the complete code system content."/><exampleBoolean value="false"/><groupingId value="-term-valueset"/></resource><resource><extension url="http://hl7.org/fhir/tools/StructureDefinition/resource-sort"><valueInteger value="999999999"/></extension><extension url="http://hl7.org/fhir/StructureDefinition/implementationguide-page"><valueUri value="CodeSystem-cs-absent-or-unknown-allergies.html"/></extension><reference><reference value="CodeSystem/cs-absent-or-unknown-allergies"/></reference><name value="Absent or Unknown Allergies"/><description value="Absent or Unknown Allergies"/><exampleBoolean value="false"/><groupingId value="-term-codesystem"/></resource><resource><extension url="http://hl7.org/fhir/tools/StructureDefinition/resource-sort"><valueInteger value="999999999"/></extension><extension url="http://hl7.org/fhir/StructureDefinition/implementationguide-page"><valueUri value="CodeSystem-cs-cvd-risk-category.html"/></extension><reference><reference value="CodeSystem/cs-cvd-risk-category"/></reference><name value="Cardiovascular Risk Category Probability Percentage Ranges"/><description value="Cardiovascular Risk Category Probability Percentage Ranges"/><exampleBoolean value="false"/><groupingId value="-term-codesystem"/></resource><resource><extension url="http://hl7.org/fhir/tools/StructureDefinition/resource-sort"><valueInteger value="999999999"/></extension><extension url="http://hl7.org/fhir/StructureDefinition/implementationguide-page"><valueUri value="CodeSystem-cs-medical-conditions.html"/></extension><reference><reference value="CodeSystem/cs-medical-conditions"/></reference><name value="Conditions"/><description value="Represents previous, pre-existing and new conditions."/><exampleBoolean value="false"/><groupingId value="-term-codesystem"/></resource><resource><extension url="http://hl7.org/fhir/tools/StructureDefinition/resource-sort"><valueInteger value="999999999"/></extension><extension url="http://hl7.org/fhir/StructureDefinition/implementationguide-page"><valueUri value="CodeSystem-cs-follow-up-reasons.html"/></extension><reference><reference value="CodeSystem/cs-follow-up-reasons"/></reference><name value="Follow up at HLC"/><description value="Follow up at HLC"/><exampleBoolean value="false"/><groupingId value="-term-codesystem"/></resource><resource><extension url="http://hl7.org/fhir/tools/StructureDefinition/resource-sort"><valueInteger value="999999999"/></extension><extension url="http://hl7.org/fhir/StructureDefinition/implementationguide-page"><valueUri value="CodeSystem-cs-follow-up-plan.html"/></extension><reference><reference value="CodeSystem/cs-follow-up-plan"/></reference><name value="Follow-up plan"/><description value="Follow-up plan"/><exampleBoolean value="false"/><groupingId value="-term-codesystem"/></resource><resource><extension url="http://hl7.org/fhir/tools/StructureDefinition/resource-sort"><valueInteger value="999999999"/></extension><extension url="http://hl7.org/fhir/StructureDefinition/implementationguide-page"><valueUri value="CodeSystem-cs-identifier-types.html"/></extension><reference><reference value="CodeSystem/cs-identifier-types"/></reference><name value="Patient Business Identifier Types"/><description value="Patient Business Identifier Types"/><exampleBoolean value="false"/><groupingId value="-term-codesystem"/></resource><resource><extension url="http://hl7.org/fhir/tools/StructureDefinition/resource-sort"><valueInteger value="999999999"/></extension><extension url="http://hl7.org/fhir/StructureDefinition/implementationguide-page"><valueUri value="CodeSystem-cs-reason-for-encounter.html"/></extension><reference><reference value="CodeSystem/cs-reason-for-encounter"/></reference><name value="Reason For Encounter"/><description value="Encounter reasons."/><exampleBoolean value="false"/><groupingId value="-term-codesystem"/></resource><resource><extension url="http://hl7.org/fhir/tools/StructureDefinition/resource-sort"><valueInteger value="999999999"/></extension><extension url="http://hl7.org/fhir/StructureDefinition/implementationguide-page"><valueUri value="CodeSystem-cs-risk-behaviour-physical-activity.html"/></extension><reference><reference value="CodeSystem/cs-risk-behaviour-physical-activity"/></reference><name value="Risk Assessment - Physical Activity"/><description value="Risk Assessment - Physical Activity"/><exampleBoolean value="false"/><groupingId value="-term-codesystem"/></resource><resource><extension url="http://hl7.org/fhir/tools/StructureDefinition/resource-sort"><valueInteger value="999999999"/></extension><extension url="http://hl7.org/fhir/StructureDefinition/implementationguide-page"><valueUri value="CodeSystem-cs-risk-behaviour-tobacco-smoker.html"/></extension><reference><reference value="CodeSystem/cs-risk-behaviour-tobacco-smoker"/></reference><name value="Risk Assessment - Tobacco Smoker"/><description value="Risk Assessment - Tobacco Smoker"/><exampleBoolean value="false"/><groupingId value="-term-codesystem"/></resource><resource><extension url="http://hl7.org/fhir/tools/StructureDefinition/resource-sort"><valueInteger value="999999999"/></extension><extension url="http://hl7.org/fhir/StructureDefinition/implementationguide-page"><valueUri value="AllergyIntolerance-AllergiesNoCodeExample.html"/></extension><reference><reference value="AllergyIntolerance/AllergiesNoCodeExample"/></reference><name value="Allergy Intolerance - Using Only a Text-based Value For an Allergy"/><description value="Example where only a text value is used to represent an allergy"/><exampleCanonical value="http://openhie.org/fhir/sri-lanka/StructureDefinition/allergy-intolerance"/><groupingId value="-ex-example"/></resource><resource><extension url="http://hl7.org/fhir/tools/StructureDefinition/resource-sort"><valueInteger value="999999999"/></extension><extension url="http://hl7.org/fhir/StructureDefinition/implementationguide-page"><valueUri value="AllergyIntolerance-AllergiesExample.html"/></extension><reference><reference value="AllergyIntolerance/AllergiesExample"/></reference><name value="Allergy Intolerance - Using a Coded Allergy"/><description value="Example where a code is used to represent an allergy"/><exampleCanonical value="http://openhie.org/fhir/sri-lanka/StructureDefinition/allergy-intolerance"/><groupingId value="-ex-example"/></resource><resource><extension url="http://hl7.org/fhir/tools/StructureDefinition/resource-sort"><valueInteger value="999999999"/></extension><extension url="http://hl7.org/fhir/StructureDefinition/implementationguide-page"><valueUri value="Observation-BloodPressureExample.html"/></extension><reference><reference value="Observation/BloodPressureExample"/></reference><name value="Blood Pressure Observation"/><description value="Represents the Systolic and Diastolic blood pressure for the patient."/><exampleCanonical value="http://openhie.org/fhir/sri-lanka/StructureDefinition/blood-pressure"/><groupingId value="-ex-example"/></resource><resource><extension url="http://hl7.org/fhir/tools/StructureDefinition/resource-sort"><valueInteger value="999999999"/></extension><extension url="http://hl7.org/fhir/StructureDefinition/implementationguide-page"><valueUri value="RiskAssessment-CVDRiskCategoryExample.html"/></extension><reference><reference value="RiskAssessment/CVDRiskCategoryExample"/></reference><name value="Cardiovascular Risk Category"/><description value="Cardiovascular Risk Category"/><exampleCanonical value="http://openhie.org/fhir/sri-lanka/StructureDefinition/cvd-risk-category"/><groupingId value="-ex-example"/></resource><resource><extension url="http://hl7.org/fhir/tools/StructureDefinition/resource-sort"><valueInteger value="999999999"/></extension><extension url="http://hl7.org/fhir/StructureDefinition/implementationguide-page"><valueUri value="Observation-FastingBloodSugarExample.html"/></extension><reference><reference value="Observation/FastingBloodSugarExample"/></reference><name value="Fasting Blood Sugar Observation"/><description value="Represents the patient's FBS results."/><exampleCanonical value="http://openhie.org/fhir/sri-lanka/StructureDefinition/fasting-blood-sugar"/><groupingId value="-ex-example"/></resource><resource><extension url="http://hl7.org/fhir/tools/StructureDefinition/resource-sort"><valueInteger value="999999999"/></extension><extension url="http://hl7.org/fhir/StructureDefinition/implementationguide-page"><valueUri value="CarePlan-FollowUpAtHLCExample.html"/></extension><reference><reference value="CarePlan/FollowUpAtHLCExample"/></reference><name value="Follow-up at HLC"/><description value="Follow-up at HLC"/><exampleCanonical value="http://openhie.org/fhir/sri-lanka/StructureDefinition/follow-up-at-hlc"/><groupingId value="-ex-example"/></resource><resource><extension url="http://hl7.org/fhir/tools/StructureDefinition/resource-sort"><valueInteger value="999999999"/></extension><extension url="http://hl7.org/fhir/StructureDefinition/implementationguide-page"><valueUri value="ServiceRequest-GeneralReferralServiceRequestExample.html"/></extension><reference><reference value="ServiceRequest/GeneralReferralServiceRequestExample"/></reference><name value="General Referral Request"/><description value="General Referral Request"/><exampleCanonical value="http://openhie.org/fhir/sri-lanka/StructureDefinition/general-referral-request"/><groupingId value="-ex-example"/></resource><resource><extension url="http://hl7.org/fhir/tools/StructureDefinition/resource-sort"><valueInteger value="999999999"/></extension><extension url="http://hl7.org/fhir/StructureDefinition/implementationguide-page"><valueUri value="Patient-HHIMSPatientExample.html"/></extension><reference><reference value="Patient/HHIMSPatientExample"/></reference><name value="HHIMS PatientExample"/><description value="Is used to document demographics and other administrative information about an HHIMS individual receiving care or other health-related services."/><exampleCanonical value="http://openhie.org/fhir/sri-lanka/StructureDefinition/hhims-patient"/><groupingId value="-ex-example"/></resource><resource><extension url="http://hl7.org/fhir/tools/StructureDefinition/resource-sort"><valueInteger value="999999999"/></extension><extension url="http://hl7.org/fhir/StructureDefinition/implementationguide-page"><valueUri value="Composition-HIMSCompositionExample.html"/></extension><reference><reference value="Composition/HIMSCompositionExample"/></reference><name value="HIMS Composition"/><description value="Logically groups all resources into a single document structure."/><exampleCanonical value="http://openhie.org/fhir/sri-lanka/StructureDefinition/hims-composition"/><groupingId value="-ex-example"/></resource><resource><extension url="http://hl7.org/fhir/tools/StructureDefinition/resource-sort"><valueInteger value="999999999"/></extension><extension url="http://hl7.org/fhir/StructureDefinition/implementationguide-page"><valueUri value="Bundle-HIMS-Document-Bundle.html"/></extension><reference><reference value="Bundle/HIMS-Document-Bundle"/></reference><name value="HIMS Document Bundle"/><description value="HIMS Document Bundle"/><exampleBoolean value="true"/><groupingId value="-ex-example"/></resource><resource><extension url="http://hl7.org/fhir/tools/StructureDefinition/resource-sort"><valueInteger value="999999999"/></extension><extension url="http://hl7.org/fhir/StructureDefinition/implementationguide-page"><valueUri value="Bundle-HIMS-Transactional-Bundle.html"/></extension><reference><reference value="Bundle/HIMS-Transactional-Bundle"/></reference><name value="HIMS FULL Transactional Bundle"/><description value="HIMS FULL Transactional Bundle"/><exampleBoolean value="true"/><groupingId value="-ex-example"/></resource><resource><extension url="http://hl7.org/fhir/tools/StructureDefinition/resource-sort"><valueInteger value="999999999"/></extension><extension url="http://hl7.org/fhir/StructureDefinition/implementationguide-page"><valueUri value="Patient-HIMSPatientExample.html"/></extension><reference><reference value="Patient/HIMSPatientExample"/></reference><name value="HIMS Patient"/><description value="Is used to document demographics and other administrative information about an individual receiving care or other health-related services. In addition to the profiled data elements, this profile includes all data elements from the HHIMS Patient profile."/><exampleCanonical value="http://openhie.org/fhir/sri-lanka/StructureDefinition/hims-patient"/><groupingId value="-ex-example"/></resource><resource><extension url="http://hl7.org/fhir/tools/StructureDefinition/resource-sort"><valueInteger value="999999999"/></extension><extension url="http://hl7.org/fhir/StructureDefinition/implementationguide-page"><valueUri value="Observation-HypertensionExample.html"/></extension><reference><reference value="Observation/HypertensionExample"/></reference><name value="Hypertension"/><description value="Patient is diagnosed with Hypertension due to high blood pressure."/><exampleCanonical value="http://openhie.org/fhir/sri-lanka/StructureDefinition/hypertension"/><groupingId value="-ex-example"/></resource><resource><extension url="http://hl7.org/fhir/tools/StructureDefinition/resource-sort"><valueInteger value="999999999"/></extension><extension url="http://hl7.org/fhir/StructureDefinition/implementationguide-page"><valueUri value="Condition-MedicalHistoryExample.html"/></extension><reference><reference value="Condition/MedicalHistoryExample"/></reference><name value="Medical History"/><description value="Represents previous, pre-existing and new conditions."/><exampleCanonical value="http://openhie.org/fhir/sri-lanka/StructureDefinition/medical-history"/><groupingId value="-ex-example"/></resource><resource><extension url="http://hl7.org/fhir/tools/StructureDefinition/resource-sort"><valueInteger value="999999999"/></extension><extension url="http://hl7.org/fhir/StructureDefinition/implementationguide-page"><valueUri value="Communication-NotifiableDiseasesNotifiedExample.html"/></extension><reference><reference value="Communication/NotifiableDiseasesNotifiedExample"/></reference><name value="Notifiable Diseases Notified"/><description value="Notifiable Diseases Notified"/><exampleCanonical value="http://openhie.org/fhir/sri-lanka/StructureDefinition/notifiable-diseases-notified"/><groupingId value="-ex-example"/></resource><resource><extension url="http://hl7.org/fhir/tools/StructureDefinition/resource-sort"><valueInteger value="999999999"/></extension><extension url="http://hl7.org/fhir/StructureDefinition/implementationguide-page"><valueUri value="Organization-OrganizationExample.html"/></extension><reference><reference value="Organization/OrganizationExample"/></reference><name value="Organization"/><description value="Organization providing health related services."/><exampleCanonical value="http://openhie.org/fhir/sri-lanka/StructureDefinition/organization"/><groupingId value="-ex-example"/></resource><resource><extension url="http://hl7.org/fhir/tools/StructureDefinition/resource-sort"><valueInteger value="999999999"/></extension><extension url="http://hl7.org/fhir/StructureDefinition/implementationguide-page"><valueUri value="Observation-BMIExample.html"/></extension><reference><reference value="Observation/BMIExample"/></reference><name value="Patient BMI"/><description value="Represents the patient's BMI."/><exampleCanonical value="http://openhie.org/fhir/sri-lanka/StructureDefinition/bmi"/><groupingId value="-ex-example"/></resource><resource><extension url="http://hl7.org/fhir/tools/StructureDefinition/resource-sort"><valueInteger value="999999999"/></extension><extension url="http://hl7.org/fhir/StructureDefinition/implementationguide-page"><valueUri value="Observation-HeightExample.html"/></extension><reference><reference value="Observation/HeightExample"/></reference><name value="Patient Height"/><description value="Represents the patient's height."/><exampleCanonical value="http://openhie.org/fhir/sri-lanka/StructureDefinition/height"/><groupingId value="-ex-example"/></resource><resource><extension url="http://hl7.org/fhir/tools/StructureDefinition/resource-sort"><valueInteger value="999999999"/></extension><extension url="http://hl7.org/fhir/StructureDefinition/implementationguide-page"><valueUri value="Observation-WeightExample.html"/></extension><reference><reference value="Observation/WeightExample"/></reference><name value="Patient Weight"/><description value="Represents the patient's weight."/><exampleCanonical value="http://openhie.org/fhir/sri-lanka/StructureDefinition/weight"/><groupingId value="-ex-example"/></resource><resource><extension url="http://hl7.org/fhir/tools/StructureDefinition/resource-sort"><valueInteger value="999999999"/></extension><extension url="http://hl7.org/fhir/StructureDefinition/implementationguide-page"><valueUri value="Observation-RiskBehaviourPhysicalActivityExample.html"/></extension><reference><reference value="Observation/RiskBehaviourPhysicalActivityExample"/></reference><name value="Physical Activity Status Observation"/><description value="Represents the physical status of the patient."/><exampleCanonical value="http://openhie.org/fhir/sri-lanka/StructureDefinition/risk-behaviour-physical-activity"/><groupingId value="-ex-example"/></resource><resource><extension url="http://hl7.org/fhir/tools/StructureDefinition/resource-sort"><valueInteger value="999999999"/></extension><extension url="http://hl7.org/fhir/StructureDefinition/implementationguide-page"><valueUri value="Practitioner-GeneralPractitionerExample.html"/></extension><reference><reference value="Practitioner/GeneralPractitionerExample"/></reference><name value="Practitioner"/><description value="Represents the practitioners who participated in the observation."/><exampleCanonical value="http://openhie.org/fhir/sri-lanka/StructureDefinition/practitioner"/><groupingId value="-ex-example"/></resource><resource><extension url="http://hl7.org/fhir/tools/StructureDefinition/resource-sort"><valueInteger value="999999999"/></extension><extension url="http://hl7.org/fhir/StructureDefinition/implementationguide-page"><valueUri value="Location-ProvidersLocationExample.html"/></extension><reference><reference value="Location/ProvidersLocationExample"/></reference><name value="Providers Location"/><description value="Providers Location"/><exampleCanonical value="http://openhie.org/fhir/sri-lanka/StructureDefinition/providers-location"/><groupingId value="-ex-example"/></resource><resource><extension url="http://hl7.org/fhir/tools/StructureDefinition/resource-sort"><valueInteger value="999999999"/></extension><extension url="http://hl7.org/fhir/StructureDefinition/implementationguide-page"><valueUri value="Observation-RandomBloodSugarExample.html"/></extension><reference><reference value="Observation/RandomBloodSugarExample"/></reference><name value="Random Blood Sugar Observation"/><description value="Represents the patient's RBS results."/><exampleCanonical value="http://openhie.org/fhir/sri-lanka/StructureDefinition/random-blood-sugar"/><groupingId value="-ex-example"/></resource><resource><extension url="http://hl7.org/fhir/tools/StructureDefinition/resource-sort"><valueInteger value="999999999"/></extension><extension url="http://hl7.org/fhir/StructureDefinition/implementationguide-page"><valueUri value="ServiceRequest-FollowUpPlanServiceRequestExample.html"/></extension><reference><reference value="ServiceRequest/FollowUpPlanServiceRequestExample"/></reference><name value="Referral Request For Follow-up Plan"/><description value="Referral Request For Follow-up Plan"/><exampleCanonical value="http://openhie.org/fhir/sri-lanka/StructureDefinition/follow-up-plan"/><groupingId value="-ex-example"/></resource><resource><extension url="http://hl7.org/fhir/tools/StructureDefinition/resource-sort"><valueInteger value="999999999"/></extension><extension url="http://hl7.org/fhir/StructureDefinition/implementationguide-page"><valueUri value="Task-ReferralTaskExample.html"/></extension><reference><reference value="Task/ReferralTaskExample"/></reference><name value="Referral Task"/><description value="Referral Task"/><exampleCanonical value="http://openhie.org/fhir/sri-lanka/StructureDefinition/referral-task"/><groupingId value="-ex-example"/></resource><resource><extension url="http://hl7.org/fhir/tools/StructureDefinition/resource-sort"><valueInteger value="999999999"/></extension><extension url="http://hl7.org/fhir/StructureDefinition/implementationguide-page"><valueUri value="Encounter-TargetFacilityEncounterExample.html"/></extension><reference><reference value="Encounter/TargetFacilityEncounterExample"/></reference><name value="Target Facility Encounter"/><description value="Represents the current facility at which the patient is receiving health services."/><exampleCanonical value="http://openhie.org/fhir/sri-lanka/StructureDefinition/target-facility-encounter"/><groupingId value="-ex-example"/></resource><resource><extension url="http://hl7.org/fhir/tools/StructureDefinition/resource-sort"><valueInteger value="999999999"/></extension><extension url="http://hl7.org/fhir/StructureDefinition/implementationguide-page"><valueUri value="Observation-RiskBehaviourTobaccoSmokerExample.html"/></extension><reference><reference value="Observation/RiskBehaviourTobaccoSmokerExample"/></reference><name value="Tobacco Smoker Observation"/><description value="Represents the tobacco smoking status of the patient."/><exampleCanonical value="http://openhie.org/fhir/sri-lanka/StructureDefinition/risk-behaviour-tobacco-smoker"/><groupingId value="-ex-example"/></resource><resource><extension url="http://hl7.org/fhir/tools/StructureDefinition/resource-sort"><valueInteger value="999999999"/></extension><extension url="http://hl7.org/fhir/StructureDefinition/implementationguide-page"><valueUri value="Observation-TotalCholesterolExample.html"/></extension><reference><reference value="Observation/TotalCholesterolExample"/></reference><name value="Total Cholesterol"/><description value="Represents the patient's total cholesterol results."/><exampleCanonical value="http://openhie.org/fhir/sri-lanka/StructureDefinition/total-cholesterol"/><groupingId value="-ex-example"/></resource><page><extension url="http://hl7.org/fhir/tools/StructureDefinition/ig-page-name"><valueUrl value="toc.html"/></extension><nameUrl value="toc.html"/><title value="Table of Contents"/><generation value="html"/><page><extension url="http://hl7.org/fhir/tools/StructureDefinition/ig-page-name"><valueUrl value="index.html"/></extension><nameUrl value="index.html"/><title value="Home"/><generation value="html"/></page><page><extension url="http://hl7.org/fhir/tools/StructureDefinition/ig-page-name"><valueUrl value="changes.html"/></extension><nameUrl value="changes.html"/><title value="Changes"/><generation value="html"/></page><page><extension url="http://hl7.org/fhir/tools/StructureDefinition/ig-page-name"><valueUrl value="artifacts.html"/></extension><nameUrl value="artifacts.html"/><title value="Artifacts Summary"/><generation value="html"/><page><extension url="http://hl7.org/fhir/tools/StructureDefinition/ig-page-name"><valueUrl value="StructureDefinition-allergy-intolerance.html"/></extension><nameUrl value="StructureDefinition-allergy-intolerance.html"/><title value="Allergy Intolerance"/><generation value="generated"/></page><page><extension url="http://hl7.org/fhir/tools/StructureDefinition/ig-page-name"><valueUrl value="StructureDefinition-blood-pressure.html"/></extension><nameUrl value="StructureDefinition-blood-pressure.html"/><title value="Blood Pressure Observation"/><generation value="generated"/></page><page><extension url="http://hl7.org/fhir/tools/StructureDefinition/ig-page-name"><valueUrl value="StructureDefinition-cvd-risk-category.html"/></extension><nameUrl value="StructureDefinition-cvd-risk-category.html"/><title value="Cardiovascular Risk Category"/><generation value="generated"/></page><page><extension url="http://hl7.org/fhir/tools/StructureDefinition/ig-page-name"><valueUrl value="StructureDefinition-fasting-blood-sugar.html"/></extension><nameUrl value="StructureDefinition-fasting-blood-sugar.html"/><title value="Fasting Blood Sugar Observation"/><generation value="generated"/></page><page><extension url="http://hl7.org/fhir/tools/StructureDefinition/ig-page-name"><valueUrl value="StructureDefinition-follow-up-at-hlc.html"/></extension><nameUrl value="StructureDefinition-follow-up-at-hlc.html"/><title value="Follow-up at HLC"/><generation value="generated"/></page><page><extension url="http://hl7.org/fhir/tools/StructureDefinition/ig-page-name"><valueUrl value="StructureDefinition-general-referral-request.html"/></extension><nameUrl value="StructureDefinition-general-referral-request.html"/><title value="General Referral Request"/><generation value="generated"/></page><page><extension url="http://hl7.org/fhir/tools/StructureDefinition/ig-page-name"><valueUrl value="StructureDefinition-hhims-patient.html"/></extension><nameUrl value="StructureDefinition-hhims-patient.html"/><title value="HHIMS Patient"/><generation value="generated"/></page><page><extension url="http://hl7.org/fhir/tools/StructureDefinition/ig-page-name"><valueUrl value="StructureDefinition-hims-composition.html"/></extension><nameUrl value="StructureDefinition-hims-composition.html"/><title value="HIMS Composition"/><generation value="generated"/></page><page><extension url="http://hl7.org/fhir/tools/StructureDefinition/ig-page-name"><valueUrl value="StructureDefinition-hims-patient.html"/></extension><nameUrl value="StructureDefinition-hims-patient.html"/><title value="HIMS Patient"/><generation value="generated"/></page><page><extension url="http://hl7.org/fhir/tools/StructureDefinition/ig-page-name"><valueUrl value="StructureDefinition-hypertension.html"/></extension><nameUrl value="StructureDefinition-hypertension.html"/><title value="Hypertension"/><generation value="generated"/></page><page><extension url="http://hl7.org/fhir/tools/StructureDefinition/ig-page-name"><valueUrl value="StructureDefinition-medical-history.html"/></extension><nameUrl value="StructureDefinition-medical-history.html"/><title value="Medical History"/><generation value="generated"/></page><page><extension url="http://hl7.org/fhir/tools/StructureDefinition/ig-page-name"><valueUrl value="StructureDefinition-notifiable-diseases-notified.html"/></extension><nameUrl value="StructureDefinition-notifiable-diseases-notified.html"/><title value="Notifiable Diseases Notified"/><generation value="generated"/></page><page><extension url="http://hl7.org/fhir/tools/StructureDefinition/ig-page-name"><valueUrl value="StructureDefinition-organization.html"/></extension><nameUrl value="StructureDefinition-organization.html"/><title value="Organization"/><generation value="generated"/></page><page><extension url="http://hl7.org/fhir/tools/StructureDefinition/ig-page-name"><valueUrl value="StructureDefinition-bmi.html"/></extension><nameUrl value="StructureDefinition-bmi.html"/><title value="Patient BMI"/><generation value="generated"/></page><page><extension url="http://hl7.org/fhir/tools/StructureDefinition/ig-page-name"><valueUrl value="StructureDefinition-height.html"/></extension><nameUrl value="StructureDefinition-height.html"/><title value="Patient Height"/><generation value="generated"/></page><page><extension url="http://hl7.org/fhir/tools/StructureDefinition/ig-page-name"><valueUrl value="StructureDefinition-weight.html"/></extension><nameUrl value="StructureDefinition-weight.html"/><title value="Patient Weight"/><generation value="generated"/></page><page><extension url="http://hl7.org/fhir/tools/StructureDefinition/ig-page-name"><valueUrl value="StructureDefinition-risk-behaviour-physical-activity.html"/></extension><nameUrl value="StructureDefinition-risk-behaviour-physical-activity.html"/><title value="Physical Activity Status Observation"/><generation value="generated"/></page><page><extension url="http://hl7.org/fhir/tools/StructureDefinition/ig-page-name"><valueUrl value="StructureDefinition-practitioner.html"/></extension><nameUrl value="StructureDefinition-practitioner.html"/><title value="Practitioner"/><generation value="generated"/></page><page><extension url="http://hl7.org/fhir/tools/StructureDefinition/ig-page-name"><valueUrl value="StructureDefinition-providers-location.html"/></extension><nameUrl value="StructureDefinition-providers-location.html"/><title value="Providers Location"/><generation value="generated"/></page><page><extension url="http://hl7.org/fhir/tools/StructureDefinition/ig-page-name"><valueUrl value="StructureDefinition-random-blood-sugar.html"/></extension><nameUrl value="StructureDefinition-random-blood-sugar.html"/><title value="Random Blood Sugar Observation"/><generation value="generated"/></page><page><extension url="http://hl7.org/fhir/tools/StructureDefinition/ig-page-name"><valueUrl value="StructureDefinition-follow-up-plan.html"/></extension><nameUrl value="StructureDefinition-follow-up-plan.html"/><title value="Referral Request For Follow-up Plan"/><generation value="generated"/></page><page><extension url="http://hl7.org/fhir/tools/StructureDefinition/ig-page-name"><valueUrl value="StructureDefinition-referral-task.html"/></extension><nameUrl value="StructureDefinition-referral-task.html"/><title value="Referral Task"/><generation value="generated"/></page><page><extension url="http://hl7.org/fhir/tools/StructureDefinition/ig-page-name"><valueUrl value="StructureDefinition-target-facility-encounter.html"/></extension><nameUrl value="StructureDefinition-target-facility-encounter.html"/><title value="Target Facility Encounter"/><generation value="generated"/></page><page><extension url="http://hl7.org/fhir/tools/StructureDefinition/ig-page-name"><valueUrl value="StructureDefinition-risk-behaviour-tobacco-smoker.html"/></extension><nameUrl value="StructureDefinition-risk-behaviour-tobacco-smoker.html"/><title value="Tobacco Smoker Observation"/><generation value="generated"/></page><page><extension url="http://hl7.org/fhir/tools/StructureDefinition/ig-page-name"><valueUrl value="StructureDefinition-total-cholesterol.html"/></extension><nameUrl value="StructureDefinition-total-cholesterol.html"/><title value="Total Cholesterol"/><generation value="generated"/></page><page><extension url="http://hl7.org/fhir/tools/StructureDefinition/ig-page-name"><valueUrl value="StructureDefinition-multiple-values-for-patient-identifier.html"/></extension><nameUrl value="StructureDefinition-multiple-values-for-patient-identifier.html"/><title value="Extension For Patient Idenitifiers Needing Multiple Values"/><generation value="generated"/></page><page><extension url="http://hl7.org/fhir/tools/StructureDefinition/ig-page-name"><valueUrl value="ValueSet-vs-absent-or-unknown-allergies.html"/></extension><nameUrl value="ValueSet-vs-absent-or-unknown-allergies.html"/><title value="Absent or Unknown Allergies"/><generation value="generated"/></page><page><extension url="http://hl7.org/fhir/tools/StructureDefinition/ig-page-name"><valueUrl value="ValueSet-vs-allergy-intolerance-substance-condition.html"/></extension><nameUrl value="ValueSet-vs-allergy-intolerance-substance-condition.html"/><title value="Allergy Intolerance"/><generation value="generated"/></page><page><extension url="http://hl7.org/fhir/tools/StructureDefinition/ig-page-name"><valueUrl value="ValueSet-vs-allergy-intolerance-snomed-ct-free-set.html"/></extension><nameUrl value="ValueSet-vs-allergy-intolerance-snomed-ct-free-set.html"/><title value="Allergy Intolerance - SNOMED CT Free Set"/><generation value="generated"/></page><page><extension url="http://hl7.org/fhir/tools/StructureDefinition/ig-page-name"><valueUrl value="ValueSet-vs-cvd-risk-category.html"/></extension><nameUrl value="ValueSet-vs-cvd-risk-category.html"/><title value="Cardiovascular Risk Category Probability Percentage Ranges"/><generation value="generated"/></page><page><extension url="http://hl7.org/fhir/tools/StructureDefinition/ig-page-name"><valueUrl value="ValueSet-vs-medical-conditions.html"/></extension><nameUrl value="ValueSet-vs-medical-conditions.html"/><title value="Conditions"/><generation value="generated"/></page><page><extension url="http://hl7.org/fhir/tools/StructureDefinition/ig-page-name"><valueUrl value="ValueSet-vs-follow-up-reasons.html"/></extension><nameUrl value="ValueSet-vs-follow-up-reasons.html"/><title value="Follow up at HLC"/><generation value="generated"/></page><page><extension url="http://hl7.org/fhir/tools/StructureDefinition/ig-page-name"><valueUrl value="ValueSet-vs-follow-up-plan.html"/></extension><nameUrl value="ValueSet-vs-follow-up-plan.html"/><title value="Follow-up plan"/><generation value="generated"/></page><page><extension url="http://hl7.org/fhir/tools/StructureDefinition/ig-page-name"><valueUrl value="ValueSet-vs-reason-for-encounter.html"/></extension><nameUrl value="ValueSet-vs-reason-for-encounter.html"/><title value="Reason For Encounter"/><generation value="generated"/></page><page><extension url="http://hl7.org/fhir/tools/StructureDefinition/ig-page-name"><valueUrl value="ValueSet-vs-risk-behaviour-physical-activity.html"/></extension><nameUrl value="ValueSet-vs-risk-behaviour-physical-activity.html"/><title value="Risk Assessment - Physical Activity"/><generation value="generated"/></page><page><extension url="http://hl7.org/fhir/tools/StructureDefinition/ig-page-name"><valueUrl value="ValueSet-vs-risk-behaviour-tobacco-smoker.html"/></extension><nameUrl value="ValueSet-vs-risk-behaviour-tobacco-smoker.html"/><title value="Risk Assessment - Tobacco Smoker"/><generation value="generated"/></page><page><extension url="http://hl7.org/fhir/tools/StructureDefinition/ig-page-name"><valueUrl value="ValueSet-vs-whoatc.html"/></extension><nameUrl value="ValueSet-vs-whoatc.html"/><title value="WHO ATC"/><generation value="generated"/></page><page><extension url="http://hl7.org/fhir/tools/StructureDefinition/ig-page-name"><valueUrl value="CodeSystem-cs-absent-or-unknown-allergies.html"/></extension><nameUrl value="CodeSystem-cs-absent-or-unknown-allergies.html"/><title value="Absent or Unknown Allergies"/><generation value="generated"/></page><page><extension url="http://hl7.org/fhir/tools/StructureDefinition/ig-page-name"><valueUrl value="CodeSystem-cs-cvd-risk-category.html"/></extension><nameUrl value="CodeSystem-cs-cvd-risk-category.html"/><title value="Cardiovascular Risk Category Probability Percentage Ranges"/><generation value="generated"/></page><page><extension url="http://hl7.org/fhir/tools/StructureDefinition/ig-page-name"><valueUrl value="CodeSystem-cs-medical-conditions.html"/></extension><nameUrl value="CodeSystem-cs-medical-conditions.html"/><title value="Conditions"/><generation value="generated"/></page><page><extension url="http://hl7.org/fhir/tools/StructureDefinition/ig-page-name"><valueUrl value="CodeSystem-cs-follow-up-reasons.html"/></extension><nameUrl value="CodeSystem-cs-follow-up-reasons.html"/><title value="Follow up at HLC"/><generation value="generated"/></page><page><extension url="http://hl7.org/fhir/tools/StructureDefinition/ig-page-name"><valueUrl value="CodeSystem-cs-follow-up-plan.html"/></extension><nameUrl value="CodeSystem-cs-follow-up-plan.html"/><title value="Follow-up plan"/><generation value="generated"/></page><page><extension url="http://hl7.org/fhir/tools/StructureDefinition/ig-page-name"><valueUrl value="CodeSystem-cs-identifier-types.html"/></extension><nameUrl value="CodeSystem-cs-identifier-types.html"/><title value="Patient Business Identifier Types"/><generation value="generated"/></page><page><extension url="http://hl7.org/fhir/tools/StructureDefinition/ig-page-name"><valueUrl value="CodeSystem-cs-reason-for-encounter.html"/></extension><nameUrl value="CodeSystem-cs-reason-for-encounter.html"/><title value="Reason For Encounter"/><generation value="generated"/></page><page><extension url="http://hl7.org/fhir/tools/StructureDefinition/ig-page-name"><valueUrl value="CodeSystem-cs-risk-behaviour-physical-activity.html"/></extension><nameUrl value="CodeSystem-cs-risk-behaviour-physical-activity.html"/><title value="Risk Assessment - Physical Activity"/><generation value="generated"/></page><page><extension url="http://hl7.org/fhir/tools/StructureDefinition/ig-page-name"><valueUrl value="CodeSystem-cs-risk-behaviour-tobacco-smoker.html"/></extension><nameUrl value="CodeSystem-cs-risk-behaviour-tobacco-smoker.html"/><title value="Risk Assessment - Tobacco Smoker"/><generation value="generated"/></page><page><extension url="http://hl7.org/fhir/tools/StructureDefinition/ig-page-name"><valueUrl value="AllergyIntolerance-AllergiesExample.html"/></extension><nameUrl value="AllergyIntolerance-AllergiesExample.html"/><title value="Allergy Intolerance - Using a Coded Allergy"/><generation value="generated"/></page><page><extension url="http://hl7.org/fhir/tools/StructureDefinition/ig-page-name"><valueUrl value="AllergyIntolerance-AllergiesNoCodeExample.html"/></extension><nameUrl value="AllergyIntolerance-AllergiesNoCodeExample.html"/><title value="Allergy Intolerance - Using Only a Text-based Value For an Allergy"/><generation value="generated"/></page><page><extension url="http://hl7.org/fhir/tools/StructureDefinition/ig-page-name"><valueUrl value="Observation-BloodPressureExample.html"/></extension><nameUrl value="Observation-BloodPressureExample.html"/><title value="Blood Pressure Observation"/><generation value="generated"/></page><page><extension url="http://hl7.org/fhir/tools/StructureDefinition/ig-page-name"><valueUrl value="RiskAssessment-CVDRiskCategoryExample.html"/></extension><nameUrl value="RiskAssessment-CVDRiskCategoryExample.html"/><title value="Cardiovascular Risk Category"/><generation value="generated"/></page><page><extension url="http://hl7.org/fhir/tools/StructureDefinition/ig-page-name"><valueUrl value="Observation-FastingBloodSugarExample.html"/></extension><nameUrl value="Observation-FastingBloodSugarExample.html"/><title value="Fasting Blood Sugar Observation"/><generation value="generated"/></page><page><extension url="http://hl7.org/fhir/tools/StructureDefinition/ig-page-name"><valueUrl value="CarePlan-FollowUpAtHLCExample.html"/></extension><nameUrl value="CarePlan-FollowUpAtHLCExample.html"/><title value="Follow-up at HLC"/><generation value="generated"/></page><page><extension url="http://hl7.org/fhir/tools/StructureDefinition/ig-page-name"><valueUrl value="ServiceRequest-GeneralReferralServiceRequestExample.html"/></extension><nameUrl value="ServiceRequest-GeneralReferralServiceRequestExample.html"/><title value="General Referral Request"/><generation value="generated"/></page><page><extension url="http://hl7.org/fhir/tools/StructureDefinition/ig-page-name"><valueUrl value="Patient-HHIMSPatientExample.html"/></extension><nameUrl value="Patient-HHIMSPatientExample.html"/><title value="HHIMS PatientExample"/><generation value="generated"/></page><page><extension url="http://hl7.org/fhir/tools/StructureDefinition/ig-page-name"><valueUrl value="Composition-HIMSCompositionExample.html"/></extension><nameUrl value="Composition-HIMSCompositionExample.html"/><title value="HIMS Composition"/><generation value="generated"/></page><page><extension url="http://hl7.org/fhir/tools/StructureDefinition/ig-page-name"><valueUrl value="Bundle-HIMS-Document-Bundle.html"/></extension><nameUrl value="Bundle-HIMS-Document-Bundle.html"/><title value="HIMS Document Bundle"/><generation value="generated"/></page><page><extension url="http://hl7.org/fhir/tools/StructureDefinition/ig-page-name"><valueUrl value="Bundle-HIMS-Transactional-Bundle.html"/></extension><nameUrl value="Bundle-HIMS-Transactional-Bundle.html"/><title value="HIMS FULL Transactional Bundle"/><generation value="generated"/></page><page><extension url="http://hl7.org/fhir/tools/StructureDefinition/ig-page-name"><valueUrl value="Patient-HIMSPatientExample.html"/></extension><nameUrl value="Patient-HIMSPatientExample.html"/><title value="HIMS Patient"/><generation value="generated"/></page><page><extension url="http://hl7.org/fhir/tools/StructureDefinition/ig-page-name"><valueUrl value="Observation-HypertensionExample.html"/></extension><nameUrl value="Observation-HypertensionExample.html"/><title value="Hypertension"/><generation value="generated"/></page><page><extension url="http://hl7.org/fhir/tools/StructureDefinition/ig-page-name"><valueUrl value="Condition-MedicalHistoryExample.html"/></extension><nameUrl value="Condition-MedicalHistoryExample.html"/><title value="Medical History"/><generation value="generated"/></page><page><extension url="http://hl7.org/fhir/tools/StructureDefinition/ig-page-name"><valueUrl value="Communication-NotifiableDiseasesNotifiedExample.html"/></extension><nameUrl value="Communication-NotifiableDiseasesNotifiedExample.html"/><title value="Notifiable Diseases Notified"/><generation value="generated"/></page><page><extension url="http://hl7.org/fhir/tools/StructureDefinition/ig-page-name"><valueUrl value="Organization-OrganizationExample.html"/></extension><nameUrl value="Organization-OrganizationExample.html"/><title value="Organization"/><generation value="generated"/></page><page><extension url="http://hl7.org/fhir/tools/StructureDefinition/ig-page-name"><valueUrl value="Observation-BMIExample.html"/></extension><nameUrl value="Observation-BMIExample.html"/><title value="Patient BMI"/><generation value="generated"/></page><page><extension url="http://hl7.org/fhir/tools/StructureDefinition/ig-page-name"><valueUrl value="Observation-HeightExample.html"/></extension><nameUrl value="Observation-HeightExample.html"/><title value="Patient Height"/><generation value="generated"/></page><page><extension url="http://hl7.org/fhir/tools/StructureDefinition/ig-page-name"><valueUrl value="Observation-WeightExample.html"/></extension><nameUrl value="Observation-WeightExample.html"/><title value="Patient Weight"/><generation value="generated"/></page><page><extension url="http://hl7.org/fhir/tools/StructureDefinition/ig-page-name"><valueUrl value="Observation-RiskBehaviourPhysicalActivityExample.html"/></extension><nameUrl value="Observation-RiskBehaviourPhysicalActivityExample.html"/><title value="Physical Activity Status Observation"/><generation value="generated"/></page><page><extension url="http://hl7.org/fhir/tools/StructureDefinition/ig-page-name"><valueUrl value="Practitioner-GeneralPractitionerExample.html"/></extension><nameUrl value="Practitioner-GeneralPractitionerExample.html"/><title value="Practitioner"/><generation value="generated"/></page><page><extension url="http://hl7.org/fhir/tools/StructureDefinition/ig-page-name"><valueUrl value="Location-ProvidersLocationExample.html"/></extension><nameUrl value="Location-ProvidersLocationExample.html"/><title value="Providers Location"/><generation value="generated"/></page><page><extension url="http://hl7.org/fhir/tools/StructureDefinition/ig-page-name"><valueUrl value="Observation-RandomBloodSugarExample.html"/></extension><nameUrl value="Observation-RandomBloodSugarExample.html"/><title value="Random Blood Sugar Observation"/><generation value="generated"/></page><page><extension url="http://hl7.org/fhir/tools/StructureDefinition/ig-page-name"><valueUrl value="ServiceRequest-FollowUpPlanServiceRequestExample.html"/></extension><nameUrl value="ServiceRequest-FollowUpPlanServiceRequestExample.html"/><title value="Referral Request For Follow-up Plan"/><generation value="generated"/></page><page><extension url="http://hl7.org/fhir/tools/StructureDefinition/ig-page-name"><valueUrl value="Task-ReferralTaskExample.html"/></extension><nameUrl value="Task-ReferralTaskExample.html"/><title value="Referral Task"/><generation value="generated"/></page><page><extension url="http://hl7.org/fhir/tools/StructureDefinition/ig-page-name"><valueUrl value="Encounter-TargetFacilityEncounterExample.html"/></extension><nameUrl value="Encounter-TargetFacilityEncounterExample.html"/><title value="Target Facility Encounter"/><generation value="generated"/></page><page><extension url="http://hl7.org/fhir/tools/StructureDefinition/ig-page-name"><valueUrl value="Observation-RiskBehaviourTobaccoSmokerExample.html"/></extension><nameUrl value="Observation-RiskBehaviourTobaccoSmokerExample.html"/><title value="Tobacco Smoker Observation"/><generation value="generated"/></page><page><extension url="http://hl7.org/fhir/tools/StructureDefinition/ig-page-name"><valueUrl value="Observation-TotalCholesterolExample.html"/></extension><nameUrl value="Observation-TotalCholesterolExample.html"/><title value="Total Cholesterol"/><generation value="generated"/></page></page></page><parameter><code value="path-resource"/><value value="input/capabilities"/></parameter><parameter><code value="path-resource"/><value value="input/examples"/></parameter><parameter><code value="path-resource"/><value value="input/extensions"/></parameter><parameter><code value="path-resource"/><value value="input/models"/></parameter><parameter><code value="path-resource"/><value value="input/operations"/></parameter><parameter><code value="path-resource"/><value value="input/profiles"/></parameter><parameter><code value="path-resource"/><value value="input/resources"/></parameter><parameter><code value="path-resource"/><value value="input/vocabulary"/></parameter><parameter><code value="path-resource"/><value value="input/maps"/></parameter><parameter><code value="path-resource"/><value value="input/testing"/></parameter><parameter><code value="path-resource"/><value value="input/history"/></parameter><parameter><code value="path-resource"/><value value="fsh-generated/resources"/></parameter><parameter><code value="path-pages"/><value value="template/config"/></parameter><parameter><code value="path-pages"/><value value="input/images"/></parameter><parameter><code value="path-tx-cache"/><value value="input-cache/txcache"/></parameter></definition></ImplementationGuide>