<?xml version="1.0" encoding="UTF-8"?>

<CodeSystem xmlns="http://hl7.org/fhir">
  <id value="cs-procedure"/>
  <text>
    <status value="generated"/><div xmlns="http://www.w3.org/1999/xhtml"><p>This case-sensitive code system <code>http://openhie.org/fhir/sri-lanka/CodeSystem/cs-procedure</code> defines the following codes:</p><table class="codes"><tr><td style="white-space:nowrap"><b>Code</b></td><td><b>Display</b></td><td><b>Definition</b></td></tr><tr><td style="white-space:nowrap">ARV-0.1ml-2-sites<a name="cs-procedure-ARV-0.461ml-2-sites"> </a></td><td>ARV 0.1 ml ID x 2 Sites</td><td>Needs definition</td></tr><tr><td style="white-space:nowrap">ARV-0.1ml-4-sites<a name="cs-procedure-ARV-0.461ml-4-sites"> </a></td><td>ARV 0.1 ml ID x 4 Sites</td><td>Needs definition</td></tr><tr><td style="white-space:nowrap">Benzathine-Penicillin-Injection<a name="cs-procedure-Benzathine-Penicillin-Injection"> </a></td><td>Benzathine Penicillin Injection</td><td>Needs definition</td></tr><tr><td style="white-space:nowrap">Cleaning-and-Dressing<a name="cs-procedure-Cleaning-and-Dressing"> </a></td><td>Cleaning and Dressing</td><td>Needs definition</td></tr><tr><td style="white-space:nowrap">Erythropoietin<a name="cs-procedure-Erythropoietin"> </a></td><td>Erythropoietin</td><td>Needs definition</td></tr><tr><td style="white-space:nowrap">Give-Injection<a name="cs-procedure-Give-Injection"> </a></td><td>Give Injection</td><td>Needs definition</td></tr><tr><td style="white-space:nowrap">Health-Education<a name="cs-procedure-Health-Education"> </a></td><td>Health Education</td><td>Needs definition</td></tr><tr><td style="white-space:nowrap">Nebulization-With-Salbutamol-NS-And-Oxygen<a name="cs-procedure-Nebulization-With-Salbutamol-NS-And-Oxygen"> </a></td><td>Nebulization With Salbutamol + N.S. + Oxygen</td><td>Needs definition</td></tr><tr><td style="white-space:nowrap">Nebulize-With-Ipravent-And-NS-And-Oxygen<a name="cs-procedure-Nebulize-With-Ipravent-And-NS-And-Oxygen"> </a></td><td>Nebulize with Ipravent + N.S. + Oxygen</td><td>Needs definition</td></tr><tr><td style="white-space:nowrap">Nebulize-with-Salbutamol-And-Ipravent-And-NS-And-Oxygen<a name="cs-procedure-Nebulize-with-Salbutamol-And-Ipravent-And-NS-And-Oxygen"> </a></td><td>Nebulize with Salbutamol + Ipravent + N.S. + Oxygen</td><td>Needs definition</td></tr><tr><td style="white-space:nowrap">Tetanus-toxoid-0.5ml-IM-3-doses<a name="cs-procedure-Tetanus-toxoid-0.465ml-IM-3-doses"> </a></td><td>Tetanus toxoid 0.5 ml IM - 3 doses</td><td>Needs definition</td></tr><tr><td style="white-space:nowrap">Tetanus-toxoid-0.5ml-IM-Stat<a name="cs-procedure-Tetanus-toxoid-0.465ml-IM-Stat"> </a></td><td>Tetanus toxoid 0.5ml IM - Stat</td><td>Needs definition</td></tr></table></div>
  </text>
  <url value="http://openhie.org/fhir/sri-lanka/CodeSystem/cs-procedure"/>
  <version value="0.1.0"/>
  <name value="CSProcedures"/>
  <title value="Procedures"/>
  <status value="active"/>
  <experimental value="false"/>
  <date value="2023-10-17T13:27:36+00:00"/>
  <publisher value="Jembi Health Systems"/>
  <contact>
    <name value="Jembi Health Systems"/>
    <telecom>
      <system value="url"/>
      <value value="https://www.jembi.org"/>
    </telecom>
    <telecom>
      <system value="email"/>
      <value value="info@jembi.org"/>
    </telecom>
  </contact>
  <contact>
    <name value="Richard Langford"/>
    <telecom>
      <system value="email"/>
      <value value="richard.langford@jembi.org"/>
      <use value="work"/>
    </telecom>
  </contact>
  <description value="Other Procedures"/>
  <jurisdiction>
    <coding>
      <system value="http://unstats.un.org/unsd/methods/m49/m49.htm"/>
      <code value="001"/>
      <display value="World"/>
    </coding>
  </jurisdiction>
  <caseSensitive value="true"/>
  <content value="complete"/>
  <count value="12"/>
  <concept>
    <code value="ARV-0.1ml-2-sites"/>
    <display value="ARV 0.1 ml ID x 2 Sites"/>
    <definition value="Needs definition"/>
  </concept>
  <concept>
    <code value="ARV-0.1ml-4-sites"/>
    <display value="ARV 0.1 ml ID x 4 Sites"/>
    <definition value="Needs definition"/>
  </concept>
  <concept>
    <code value="Benzathine-Penicillin-Injection"/>
    <display value="Benzathine Penicillin Injection"/>
    <definition value="Needs definition"/>
  </concept>
  <concept>
    <code value="Cleaning-and-Dressing"/>
    <display value="Cleaning and Dressing"/>
    <definition value="Needs definition"/>
  </concept>
  <concept>
    <code value="Erythropoietin"/>
    <display value="Erythropoietin"/>
    <definition value="Needs definition"/>
  </concept>
  <concept>
    <code value="Give-Injection"/>
    <display value="Give Injection"/>
    <definition value="Needs definition"/>
  </concept>
  <concept>
    <code value="Health-Education"/>
    <display value="Health Education"/>
    <definition value="Needs definition"/>
  </concept>
  <concept>
    <code value="Nebulization-With-Salbutamol-NS-And-Oxygen"/>
    <display value="Nebulization With Salbutamol + N.S. + Oxygen"/>
    <definition value="Needs definition"/>
  </concept>
  <concept>
    <code value="Nebulize-With-Ipravent-And-NS-And-Oxygen"/>
    <display value="Nebulize with Ipravent + N.S. + Oxygen"/>
    <definition value="Needs definition"/>
  </concept>
  <concept>
    <code value="Nebulize-with-Salbutamol-And-Ipravent-And-NS-And-Oxygen"/>
    <display value="Nebulize with Salbutamol + Ipravent + N.S. + Oxygen"/>
    <definition value="Needs definition"/>
  </concept>
  <concept>
    <code value="Tetanus-toxoid-0.5ml-IM-3-doses"/>
    <display value="Tetanus toxoid 0.5 ml IM - 3 doses"/>
    <definition value="Needs definition"/>
  </concept>
  <concept>
    <code value="Tetanus-toxoid-0.5ml-IM-Stat"/>
    <display value="Tetanus toxoid 0.5ml IM - Stat"/>
    <definition value="Needs definition"/>
  </concept>
</CodeSystem>