<?xml version="1.0" encoding="UTF-8"?>

<Observation xmlns="http://hl7.org/fhir">
  <id value="HypertensionExample"/>
  <meta>
    <profile value="http://openhie.org/fhir/sri-lanka/StructureDefinition/hypertension"/>
  </meta>
  <text>
    <status value="generated"/><div xmlns="http://www.w3.org/1999/xhtml"><p><b>Generated Narrative: Observation</b><a name="HypertensionExample"> </a></p><div style="display: inline-block; background-color: #d9e0e7; padding: 6px; margin: 4px; border: 1px solid #8da1b4; border-radius: 5px; line-height: 60%"><p style="margin-bottom: 0px">Resource Observation &quot;HypertensionExample&quot; </p><p style="margin-bottom: 0px">Profile: <a href="StructureDefinition-hypertension.html">Hypertension</a></p></div><p><b>status</b>: final</p><p><b>category</b>: Vital Signs <span style="background: LightGoldenRodYellow; margin: 4px; border: 1px solid khaki"> (<a href="http://terminology.hl7.org/5.3.0/CodeSystem-observation-category.html">Observation Category Codes</a>#vital-signs)</span></p><p><b>code</b>: Hypertension <span style="background: LightGoldenRodYellow; margin: 4px; border: 1px solid khaki"> (<a href="https://browser.ihtsdotools.org/">SNOMED CT</a>#38341003)</span></p><p><b>subject</b>: <a href="Patient-HIMSPatientExample.html">Patient/HIMSPatientExample</a> &quot; SMITH&quot;</p><p><b>encounter</b>: <a href="Encounter-TargetFacilityEncounterExample.html">Encounter/TargetFacilityEncounterExample</a></p><p><b>effective</b>: 2022-11-30</p><p><b>performer</b>: </p><ul><li><a href="Organization-OrganizationExample.html">Organization/OrganizationExample</a> &quot;Some Health Facility&quot;</li><li><a href="Practitioner-GeneralPractitionerExample.html">Practitioner/GeneralPractitionerExample</a> &quot; SMITH&quot;</li></ul><p><b>value</b>: 140 mmHg<span style="background: LightGoldenRodYellow"> (Details: UCUM code mm[Hg] = 'mm[Hg]')</span></p><p><b>derivedFrom</b>: <a href="Observation-BloodPressureExample.html">Observation/BloodPressureExample</a></p></div>
  </text>
  <status value="final"/>
  <category>
    <coding>
      <system value="http://terminology.hl7.org/CodeSystem/observation-category"/>
      <code value="vital-signs"/>
    </coding>
  </category>
  <code>
    <coding>
      <system value="http://snomed.info/sct"/>
      <code value="38341003"/>
    </coding>
    <text value="Hypertension"/>
  </code>
  <subject>
    <reference value="Patient/HIMSPatientExample"/>
  </subject>
  <encounter>
    <reference value="Encounter/TargetFacilityEncounterExample"/>
  </encounter>
  <effectiveDateTime value="2022-11-30"/>
  <performer>
    <reference value="Organization/OrganizationExample"/>
  </performer>
  <performer>
    <reference value="Practitioner/GeneralPractitionerExample"/>
  </performer>
  <valueQuantity>
    <value value="140"/>
    <unit value="mmHg"/>
    <system value="http://unitsofmeasure.org"/>
    <code value="mm[Hg]"/>
  </valueQuantity>
  <derivedFrom>
    <reference value="Observation/BloodPressureExample"/>
  </derivedFrom>
</Observation>