<?xml version="1.0" encoding="UTF-8"?>

<Bundle xmlns="http://hl7.org/fhir">
  <id value="HIMS-Weight-Height-Bundle"/>
  <type value="transaction"/>
  <entry>
    <fullUrl value="Observation/WeightExample"/>
    <resource>
      <Observation>
        <id value="WeightExample"/>
        <meta>
          <profile value="http://openhie.org/fhir/sri-lanka/StructureDefinition/weight"/>
        </meta>
        <text>
          <status value="generated"/><div xmlns="http://www.w3.org/1999/xhtml"><p><b>Generated Narrative: Observation</b><a name="WeightExample"> </a></p><div style="display: inline-block; background-color: #d9e0e7; padding: 6px; margin: 4px; border: 1px solid #8da1b4; border-radius: 5px; line-height: 60%"><p style="margin-bottom: 0px">Resource Observation &quot;WeightExample&quot; </p><p style="margin-bottom: 0px">Profile: <a href="StructureDefinition-weight.html">Patient Weight Observation</a></p></div><p><b>status</b>: final</p><p><b>category</b>: Vital Signs <span style="background: LightGoldenRodYellow; margin: 4px; border: 1px solid khaki"> (<a href="http://terminology.hl7.org/5.3.0/CodeSystem-observation-category.html">Observation Category Codes</a>#vital-signs)</span></p><p><b>code</b>: Body Weight <span style="background: LightGoldenRodYellow; margin: 4px; border: 1px solid khaki"> (<a href="https://loinc.org/">LOINC</a>#29463-7)</span></p><p><b>subject</b>: <a href="#Patient_HIMSPatientExample">See above (Patient/HIMSPatientExample)</a></p><p><b>encounter</b>: <a href="#Encounter_TargetFacilityEncounterExample">See above (Encounter/TargetFacilityEncounterExample)</a></p><p><b>effective</b>: 2022-11-30</p><p><b>performer</b>: </p><ul><li><a href="Organization-OrganizationExample.html">Organization/OrganizationExample</a> &quot;Some Health Facility&quot;</li><li><a href="#Practitioner_GeneralPractitionerExample">See above (Practitioner/GeneralPractitionerExample)</a></li></ul><p><b>value</b>: 110 kg<span style="background: LightGoldenRodYellow"> (Details: UCUM code kg = 'kg')</span></p></div>
        </text>
        <status value="final"/>
        <category>
          <coding>
            <system value="http://terminology.hl7.org/CodeSystem/observation-category"/>
            <code value="vital-signs"/>
          </coding>
        </category>
        <code>
          <coding>
            <system value="http://loinc.org"/>
            <code value="29463-7"/>
          </coding>
          <text value="Body Weight"/>
        </code>
        <subject>
          <reference value="Patient/HIMSPatientExample"/>
        </subject>
        <encounter>
          <reference value="Encounter/TargetFacilityEncounterExample"/>
        </encounter>
        <effectiveDateTime value="2022-11-30"/>
        <performer>
          <reference value="Organization/OrganizationExample"/>
        </performer>
        <performer>
          <reference value="Practitioner/GeneralPractitionerExample"/>
        </performer>
        <valueQuantity>
          <value value="110"/>
          <unit value="kg"/>
          <system value="http://unitsofmeasure.org"/>
          <code value="kg"/>
        </valueQuantity>
      </Observation>
    </resource>
    <request>
      <method value="PUT"/>
      <url value="Observation/WeightExample"/>
    </request>
  </entry>
  <entry>
    <fullUrl value="Observation/HeightExample"/>
    <resource>
      <Observation>
        <id value="HeightExample"/>
        <meta>
          <profile value="http://openhie.org/fhir/sri-lanka/StructureDefinition/height"/>
        </meta>
        <text>
          <status value="generated"/><div xmlns="http://www.w3.org/1999/xhtml"><p><b>Generated Narrative: Observation</b><a name="HeightExample"> </a></p><div style="display: inline-block; background-color: #d9e0e7; padding: 6px; margin: 4px; border: 1px solid #8da1b4; border-radius: 5px; line-height: 60%"><p style="margin-bottom: 0px">Resource Observation &quot;HeightExample&quot; </p><p style="margin-bottom: 0px">Profile: <a href="StructureDefinition-height.html">Patient Height Observation</a></p></div><p><b>status</b>: final</p><p><b>category</b>: Vital Signs <span style="background: LightGoldenRodYellow; margin: 4px; border: 1px solid khaki"> (<a href="http://terminology.hl7.org/5.3.0/CodeSystem-observation-category.html">Observation Category Codes</a>#vital-signs)</span></p><p><b>code</b>: Body Height <span style="background: LightGoldenRodYellow; margin: 4px; border: 1px solid khaki"> (<a href="https://loinc.org/">LOINC</a>#8302-2)</span></p><p><b>subject</b>: <a href="#Patient_HIMSPatientExample">See above (Patient/HIMSPatientExample)</a></p><p><b>encounter</b>: <a href="#Encounter_TargetFacilityEncounterExample">See above (Encounter/TargetFacilityEncounterExample)</a></p><p><b>effective</b>: 2022-11-30</p><p><b>performer</b>: </p><ul><li><a href="Organization-OrganizationExample.html">Organization/OrganizationExample</a> &quot;Some Health Facility&quot;</li><li><a href="#Practitioner_GeneralPractitionerExample">See above (Practitioner/GeneralPractitionerExample)</a></li></ul><p><b>value</b>: 185 cm<span style="background: LightGoldenRodYellow"> (Details: UCUM code cm = 'cm')</span></p></div>
        </text>
        <status value="final"/>
        <category>
          <coding>
            <system value="http://terminology.hl7.org/CodeSystem/observation-category"/>
            <code value="vital-signs"/>
          </coding>
        </category>
        <code>
          <coding>
            <system value="http://loinc.org"/>
            <code value="8302-2"/>
          </coding>
          <text value="Body Height"/>
        </code>
        <subject>
          <reference value="Patient/HIMSPatientExample"/>
        </subject>
        <encounter>
          <reference value="Encounter/TargetFacilityEncounterExample"/>
        </encounter>
        <effectiveDateTime value="2022-11-30"/>
        <performer>
          <reference value="Organization/OrganizationExample"/>
        </performer>
        <performer>
          <reference value="Practitioner/GeneralPractitionerExample"/>
        </performer>
        <valueQuantity>
          <value value="185"/>
          <unit value="cm"/>
          <system value="http://unitsofmeasure.org"/>
          <code value="cm"/>
        </valueQuantity>
      </Observation>
    </resource>
    <request>
      <method value="PUT"/>
      <url value="Observation/HeightExample"/>
    </request>
  </entry>
  <entry>
    <fullUrl value="Encounter/TargetFacilityEncounterExample"/>
    <resource>
      <Encounter>
        <id value="TargetFacilityEncounterExample"/>
        <meta>
          <profile value="http://openhie.org/fhir/sri-lanka/StructureDefinition/target-facility-encounter"/>
        </meta>
        <text>
          <status value="generated"/><div xmlns="http://www.w3.org/1999/xhtml"><p><b>Generated Narrative: Encounter</b><a name="TargetFacilityEncounterExample"> </a></p><div style="display: inline-block; background-color: #d9e0e7; padding: 6px; margin: 4px; border: 1px solid #8da1b4; border-radius: 5px; line-height: 60%"><p style="margin-bottom: 0px">Resource Encounter &quot;TargetFacilityEncounterExample&quot; </p><p style="margin-bottom: 0px">Profile: <a href="StructureDefinition-target-facility-encounter.html">Target Facility Encounter</a></p></div><p><b>status</b>: finished</p><p><b>class</b>: ambulatory (Details: http://terminology.hl7.org/CodeSystem/v3-ActCode code AMB = 'ambulatory', stated as 'null')</p><p><b>subject</b>: <a href="#Patient_HIMSPatientExample">See above (Patient/HIMSPatientExample)</a></p><h3>Participants</h3><table class="grid"><tr><td style="display: none">-</td><td><b>Individual</b></td></tr><tr><td style="display: none">*</td><td><a href="#Practitioner_GeneralPractitionerExample">See above (Practitioner/GeneralPractitionerExample)</a></td></tr></table><p><b>period</b>: 2022-12-01 --&gt; 2023-01-20</p><p><b>reasonCode</b>: 140004 <span style="background: LightGoldenRodYellow; margin: 4px; border: 1px solid khaki"> (<a href="https://browser.ihtsdotools.org/">SNOMED CT</a>#140004)</span></p><h3>Locations</h3><table class="grid"><tr><td style="display: none">-</td><td><b>Location</b></td></tr><tr><td style="display: none">*</td><td><a href="Location-ProvidersLocationExample.html">Location/ProvidersLocationExample</a> &quot;Name for the location&quot;</td></tr></table></div>
        </text>
        <status value="finished"/>
        <class>
          <system value="http://terminology.hl7.org/CodeSystem/v3-ActCode"/>
          <code value="AMB"/>
        </class>
        <subject>
          <reference value="Patient/HIMSPatientExample"/>
        </subject>
        <participant>
          <individual>
            <reference value="Practitioner/GeneralPractitionerExample"/>
          </individual>
        </participant>
        <period>
          <start value="2022-12-01"/>
          <end value="2023-01-20"/>
        </period>
        <reasonCode>
          <coding>
            <system value="http://snomed.info/sct"/>
            <code value="140004"/>
          </coding>
        </reasonCode>
        <location>
          <location>
            <reference value="Location/ProvidersLocationExample"/>
          </location>
        </location>
      </Encounter>
    </resource>
    <request>
      <method value="PUT"/>
      <url value="Encounter/TargetFacilityEncounterExample"/>
    </request>
  </entry>
  <entry>
    <fullUrl value="Patient/HIMSPatientExample"/>
    <resource>
      <Patient>
        <id value="HIMSPatientExample"/>
        <meta>
          <profile value="http://openhie.org/fhir/sri-lanka/StructureDefinition/hims-patient"/>
        </meta>
        <text>
          <status value="generated"/><div xmlns="http://www.w3.org/1999/xhtml"><p><b>Generated Narrative: Patient</b><a name="HIMSPatientExample"> </a></p><div style="display: inline-block; background-color: #d9e0e7; padding: 6px; margin: 4px; border: 1px solid #8da1b4; border-radius: 5px; line-height: 60%"><p style="margin-bottom: 0px">Resource Patient &quot;HIMSPatientExample&quot; </p><p style="margin-bottom: 0px">Profile: <a href="StructureDefinition-hims-patient.html">HIMS Patient</a></p></div><p><b>identifier</b>: Personal Health Number: personal health number, Passport number: A patient can have multiple passport IDs., Driver's license number: A patient may have multiple drivers license numbers., National identity number: A patient may have multiple national identity numbers., Senior Citizen Number: A patient may have multiple senior citizen numbers.</p><p><b>name</b>: Mr. Mike John Smith (OFFICIAL)</p><p><b>telecom</b>: <a href="tel:+27829999999">+27829999999</a>, <a href="mailto:someone@something.com">someone@something.com</a>, <a href="mailto:someone2@something.com">someone2@something.com</a></p><p><b>gender</b>: male</p><p><b>birthDate</b>: 1983-05-22</p><p><b>address</b>: 177 Nawala Road Nugegoda Colombo 32350 Sri Lanka </p></div>
        </text>
        <identifier>
          <type>
            <coding>
              <system value="http://openhie.org/fhir/sri-lanka/CodeSystem/cs-identifier-types"/>
              <code value="PHN"/>
            </coding>
            <text value="Personal Health Number"/>
          </type>
          <system value="http://openhie.org/fhir/sri-lanka/identifier/phn"/>
          <value value="personal health number"/>
        </identifier>
        <identifier>
          <extension url="http://openhie.org/fhir/sri-lanka/StructureDefinition/multiple-values-for-patient-identifier">
            <valueString value="Passport-1"/>
          </extension>
          <extension url="http://openhie.org/fhir/sri-lanka/StructureDefinition/multiple-values-for-patient-identifier">
            <valueString value="Passport-2"/>
          </extension>
          <type>
            <coding>
              <system value="http://terminology.hl7.org/CodeSystem/v2-0203"/>
              <code value="PPN"/>
            </coding>
            <text value="Passport number"/>
          </type>
          <system value="http://openhie.org/fhir/sri-lanka/identifier/passport"/>
          <value value="A patient can have multiple passport IDs."/>
        </identifier>
        <identifier>
          <extension url="http://openhie.org/fhir/sri-lanka/StructureDefinition/multiple-values-for-patient-identifier">
            <valueString value="Drivers license-1"/>
          </extension>
          <extension url="http://openhie.org/fhir/sri-lanka/StructureDefinition/multiple-values-for-patient-identifier">
            <valueString value="Drivers license-2"/>
          </extension>
          <type>
            <coding>
              <system value="http://terminology.hl7.org/CodeSystem/v2-0203"/>
              <code value="DL"/>
            </coding>
            <text value="Driver's license number"/>
          </type>
          <system value="http://openhie.org/fhir/sri-lanka/identifier/drivers"/>
          <value value="A patient may have multiple drivers license numbers."/>
        </identifier>
        <identifier>
          <extension url="http://openhie.org/fhir/sri-lanka/StructureDefinition/multiple-values-for-patient-identifier">
            <valueString value="National identity number-1"/>
          </extension>
          <extension url="http://openhie.org/fhir/sri-lanka/StructureDefinition/multiple-values-for-patient-identifier">
            <valueString value="National identity number-2"/>
          </extension>
          <type>
            <coding>
              <system value="http://terminology.hl7.org/CodeSystem/v2-0203"/>
              <code value="NNLKA"/>
            </coding>
            <text value="National identity number"/>
          </type>
          <system value="http://openhie.org/fhir/sri-lanka/identifier/nic"/>
          <value value="A patient may have multiple national identity numbers."/>
        </identifier>
        <identifier>
          <extension url="http://openhie.org/fhir/sri-lanka/StructureDefinition/multiple-values-for-patient-identifier">
            <valueString value="Senior citizen number-1"/>
          </extension>
          <extension url="http://openhie.org/fhir/sri-lanka/StructureDefinition/multiple-values-for-patient-identifier">
            <valueString value="Senior citizen number-2"/>
          </extension>
          <type>
            <coding>
              <system value="http://openhie.org/fhir/sri-lanka/CodeSystem/cs-identifier-types"/>
              <code value="SCN"/>
            </coding>
            <text value="Senior Citizen Number"/>
          </type>
          <system value="http://openhie.org/fhir/sri-lanka/identifier/scn"/>
          <value value="A patient may have multiple senior citizen numbers."/>
        </identifier>
        <name>
          <use value="official"/>
          <family value="Smith"/>
          <given value="Mr."/>
          <given value="Mike"/>
          <given value="John"/>
        </name>
        <telecom>
          <system value="phone"/>
          <value value="+27829999999"/>
        </telecom>
        <telecom>
          <system value="email"/>
          <value value="someone@something.com"/>
        </telecom>
        <telecom>
          <system value="email"/>
          <value value="someone2@something.com"/>
        </telecom>
        <gender value="male"/>
        <birthDate value="1983-05-22"/>
        <address>
          <type value="postal"/>
          <line value="177"/>
          <line value="Nawala Road"/>
          <city value="Nugegoda"/>
          <district value="Ampara"/>
          <state value="Colombo"/>
          <postalCode value="32350"/>
          <country value="Sri Lanka"/>
        </address>
      </Patient>
    </resource>
    <request>
      <method value="PUT"/>
      <url value="Patient/HIMSPatientExample"/>
    </request>
  </entry>
  <entry>
    <fullUrl value="Practitioner/GeneralPractitionerExample"/>
    <resource>
      <Practitioner>
        <id value="GeneralPractitionerExample"/>
        <meta>
          <profile value="http://openhie.org/fhir/sri-lanka/StructureDefinition/practitioner"/>
        </meta>
        <text>
          <status value="generated"/><div xmlns="http://www.w3.org/1999/xhtml"><p><b>Generated Narrative: Practitioner</b><a name="GeneralPractitionerExample"> </a></p><div style="display: inline-block; background-color: #d9e0e7; padding: 6px; margin: 4px; border: 1px solid #8da1b4; border-radius: 5px; line-height: 60%"><p style="margin-bottom: 0px">Resource Practitioner &quot;GeneralPractitionerExample&quot; </p><p style="margin-bottom: 0px">Profile: <a href="StructureDefinition-practitioner.html">Practitioner</a></p></div><p><b>name</b>: Tom Junes Smith </p><p><b>telecom</b>: ph: 27537652509(WORK), <a href="mailto:someone@something.org">someone@something.org</a></p></div>
        </text>
        <name>
          <family value="Smith"/>
          <given value="Tom"/>
          <given value="Junes"/>
          <prefix value="Dr"/>
        </name>
        <telecom>
          <system value="phone"/>
          <value value="27537652509"/>
          <use value="work"/>
        </telecom>
        <telecom>
          <system value="email"/>
          <value value="someone@something.org"/>
          <use value="home"/>
        </telecom>
      </Practitioner>
    </resource>
    <request>
      <method value="PUT"/>
      <url value="Practitioner/GeneralPractitionerExample"/>
    </request>
  </entry>
</Bundle>