<?xml version="1.0" encoding="UTF-8"?>

<Patient xmlns="http://hl7.org/fhir">
  <id value="HHIMSPatientExample"/>
  <meta>
    <profile value="http://openhie.org/fhir/sri-lanka/StructureDefinition/hhims-patient"/>
  </meta>
  <text>
    <status value="generated"/><div xmlns="http://www.w3.org/1999/xhtml"><p style="border: 1px #661aff solid; background-color: #e6e6ff; padding: 10px;"><b>Mr. Mike John Smith (OFFICIAL)</b> male, DoB: 1983-05-22 ( Personal Health Number: personal health number)</p><hr/><table class="grid"><tr><td style="background-color: #f3f5da" title="Other Ids (see the one above)">Other Id:</td><td colspan="3">National identity number: A patient may have multiple national identity numbers.</td></tr><tr><td style="background-color: #f3f5da" title="Ways to contact the Patient">Contact Details:</td><td colspan="3"><ul><li><a href="tel:+27829999999">+27829999999</a></li><li><a href="mailto:someone@something.com">someone@something.com</a></li><li><a href="mailto:someone2@something.com">someone2@something.com</a></li><li>177 Nawala Road Nugegoda Colombo 32350 Sri Lanka </li></ul></td></tr></table></div>
  </text>
  <identifier>
    <type>
      <coding>
        <system value="http://openhie.org/fhir/sri-lanka/CodeSystem/cs-identifier-types"/>
        <code value="PHN"/>
      </coding>
      <text value="Personal Health Number"/>
    </type>
    <system value="http://openhie.org/fhir/sri-lanka/identifier/phn"/>
    <value value="personal health number"/>
  </identifier>
  <identifier>
    <extension url="http://openhie.org/fhir/sri-lanka/StructureDefinition/multiple-values-for-patient-identifier">
      <valueString value="National identity number-1"/>
    </extension>
    <extension url="http://openhie.org/fhir/sri-lanka/StructureDefinition/multiple-values-for-patient-identifier">
      <valueString value="National identity number-2"/>
    </extension>
    <type>
      <coding>
        <system value="http://terminology.hl7.org/CodeSystem/v2-0203"/>
        <code value="NNLKA"/>
      </coding>
      <text value="National identity number"/>
    </type>
    <system value="http://openhie.org/fhir/sri-lanka/identifier/nic"/>
    <value value="A patient may have multiple national identity numbers."/>
  </identifier>
  <name>
    <use value="official"/>
    <family value="Smith"/>
    <given value="Mr."/>
    <given value="Mike"/>
    <given value="John"/>
  </name>
  <telecom>
    <system value="phone"/>
    <value value="+27829999999"/>
  </telecom>
  <telecom>
    <system value="email"/>
    <value value="someone@something.com"/>
  </telecom>
  <telecom>
    <system value="email"/>
    <value value="someone2@something.com"/>
  </telecom>
  <gender value="male"/>
  <birthDate value="1983-05-22"/>
  <address>
    <type value="postal"/>
    <line value="177"/>
    <line value="Nawala Road"/>
    <city value="Nugegoda"/>
    <district value="Ampara"/>
    <state value="Colombo"/>
    <postalCode value="32350"/>
    <country value="Sri Lanka"/>
  </address>
</Patient>