{"resourceType":"ValueSet","id":"vs-risk-behaviour-physical-activity","text":{"status":"generated","div":"<div xmlns=\"http://www.w3.org/1999/xhtml\"><ul><li>Include codes from <a href=\"http://www.snomed.org/\"><code>http://snomed.info/sct</code></a> where concept  descends from  68130003 (null)</li></ul></div>"},"url":"http://openhie.org/fhir/sri-lanka/ValueSet/vs-risk-behaviour-physical-activity","version":"0.1.0","name":"VSRiskBehaviourPhysicalActivity","title":"Risk Assessment - Physical Activity","status":"active","experimental":false,"date":"2023-10-19T07:28:58+00:00","publisher":"Jembi Health Systems","contact":[{"name":"Jembi Health Systems","telecom":[{"system":"url","value":"https://www.jembi.org"},{"system":"email","value":"info@jembi.org"}]},{"name":"Richard Langford","telecom":[{"system":"email","value":"richard.langford@jembi.org","use":"work"}]}],"description":"Risk Assessment - Physical Activity","jurisdiction":[{"coding":[{"system":"http://unstats.un.org/unsd/methods/m49/m49.htm","code":"001","display":"World"}]}],"compose":{"include":[{"system":"http://snomed.info/sct","filter":[{"property":"concept","op":"descendent-of","value":"68130003"}]}]}}