<?xml version="1.0" encoding="UTF-8"?>

<CodeSystem xmlns="http://hl7.org/fhir">
  <id value="cs-procedure-imaging"/>
  <text>
    <status value="generated"/><div xmlns="http://www.w3.org/1999/xhtml"><p>This case-sensitive code system <code>http://openhie.org/fhir/sri-lanka/CodeSystem/cs-procedure-imaging</code> defines the following codes:</p><table class="codes"><tr><td style="white-space:nowrap"><b>Code</b></td><td><b>Display</b></td><td><b>Definition</b></td></tr><tr><td style="white-space:nowrap">X-Ray<a name="cs-procedure-imaging-X-Ray"> </a></td><td>X-Ray</td><td>Needs definition</td></tr><tr><td style="white-space:nowrap">MRI<a name="cs-procedure-imaging-MRI"> </a></td><td>MRI</td><td>Needs definition</td></tr><tr><td style="white-space:nowrap">Ultrasound<a name="cs-procedure-imaging-Ultrasound"> </a></td><td>Ultrasound</td><td>Needs definition</td></tr><tr><td style="white-space:nowrap">CT<a name="cs-procedure-imaging-CT"> </a></td><td>CT</td><td>Needs definition</td></tr><tr><td style="white-space:nowrap">Fluoroscopy<a name="cs-procedure-imaging-Fluoroscopy"> </a></td><td>Fluoroscopy</td><td>Needs definition</td></tr><tr><td style="white-space:nowrap">Angiography<a name="cs-procedure-imaging-Angiography"> </a></td><td>Angiography</td><td>Needs definition</td></tr><tr><td style="white-space:nowrap">Mammography<a name="cs-procedure-imaging-Mammography"> </a></td><td>Mammography</td><td>Needs definition</td></tr><tr><td style="white-space:nowrap">Breast-Tomosynthesis<a name="cs-procedure-imaging-Breast-Tomosynthesis"> </a></td><td>Breast Tomosynthesis</td><td>Needs definition</td></tr><tr><td style="white-space:nowrap">PET<a name="cs-procedure-imaging-PET"> </a></td><td>PET</td><td>Needs definition</td></tr><tr><td style="white-space:nowrap">SPECT<a name="cs-procedure-imaging-SPECT"> </a></td><td>SPECT</td><td>Needs definition</td></tr><tr><td style="white-space:nowrap">Endoscopy<a name="cs-procedure-imaging-Endoscopy"> </a></td><td>Endoscopy</td><td>Needs definition</td></tr><tr><td style="white-space:nowrap">Microscopy<a name="cs-procedure-imaging-Microscopy"> </a></td><td>Microscopy</td><td>Needs definition</td></tr><tr><td style="white-space:nowrap">Whole-Slide-Imaging<a name="cs-procedure-imaging-Whole-Slide-Imaging"> </a></td><td>Whole Slide Imaging</td><td>Needs definition</td></tr><tr><td style="white-space:nowrap">OCT<a name="cs-procedure-imaging-OCT"> </a></td><td>OCT</td><td>Needs definition</td></tr></table></div>
  </text>
  <url value="http://openhie.org/fhir/sri-lanka/CodeSystem/cs-procedure-imaging"/>
  <version value="0.1.0"/>
  <name value="CSImagingProcedures"/>
  <title value="Procedures"/>
  <status value="active"/>
  <experimental value="false"/>
  <date value="2023-10-17T08:56:25+00:00"/>
  <publisher value="Jembi Health Systems"/>
  <contact>
    <name value="Jembi Health Systems"/>
    <telecom>
      <system value="url"/>
      <value value="https://www.jembi.org"/>
    </telecom>
    <telecom>
      <system value="email"/>
      <value value="info@jembi.org"/>
    </telecom>
  </contact>
  <contact>
    <name value="Richard Langford"/>
    <telecom>
      <system value="email"/>
      <value value="richard.langford@jembi.org"/>
      <use value="work"/>
    </telecom>
  </contact>
  <description value="Imaging Procedures"/>
  <jurisdiction>
    <coding>
      <system value="http://unstats.un.org/unsd/methods/m49/m49.htm"/>
      <code value="001"/>
      <display value="World"/>
    </coding>
  </jurisdiction>
  <caseSensitive value="true"/>
  <content value="complete"/>
  <count value="14"/>
  <concept>
    <code value="X-Ray"/>
    <display value="X-Ray"/>
    <definition value="Needs definition"/>
  </concept>
  <concept>
    <code value="MRI"/>
    <display value="MRI"/>
    <definition value="Needs definition"/>
  </concept>
  <concept>
    <code value="Ultrasound"/>
    <display value="Ultrasound"/>
    <definition value="Needs definition"/>
  </concept>
  <concept>
    <code value="CT"/>
    <display value="CT"/>
    <definition value="Needs definition"/>
  </concept>
  <concept>
    <code value="Fluoroscopy"/>
    <display value="Fluoroscopy"/>
    <definition value="Needs definition"/>
  </concept>
  <concept>
    <code value="Angiography"/>
    <display value="Angiography"/>
    <definition value="Needs definition"/>
  </concept>
  <concept>
    <code value="Mammography"/>
    <display value="Mammography"/>
    <definition value="Needs definition"/>
  </concept>
  <concept>
    <code value="Breast-Tomosynthesis"/>
    <display value="Breast Tomosynthesis"/>
    <definition value="Needs definition"/>
  </concept>
  <concept>
    <code value="PET"/>
    <display value="PET"/>
    <definition value="Needs definition"/>
  </concept>
  <concept>
    <code value="SPECT"/>
    <display value="SPECT"/>
    <definition value="Needs definition"/>
  </concept>
  <concept>
    <code value="Endoscopy"/>
    <display value="Endoscopy"/>
    <definition value="Needs definition"/>
  </concept>
  <concept>
    <code value="Microscopy"/>
    <display value="Microscopy"/>
    <definition value="Needs definition"/>
  </concept>
  <concept>
    <code value="Whole-Slide-Imaging"/>
    <display value="Whole Slide Imaging"/>
    <definition value="Needs definition"/>
  </concept>
  <concept>
    <code value="OCT"/>
    <display value="OCT"/>
    <definition value="Needs definition"/>
  </concept>
</CodeSystem>