<?xml version="1.0" encoding="UTF-8"?>

<ValueSet xmlns="http://hl7.org/fhir">
  <id value="vs-procedure"/>
  <text>
    <status value="generated"/><div xmlns="http://www.w3.org/1999/xhtml"><p>This value set includes codes based on the following rules:</p><ul><li>Include all codes defined in <a href="CodeSystem-cs-procedure.html"><code>http://openhie.org/fhir/sri-lanka/CodeSystem/cs-procedure</code></a></li><li>Include all codes defined in <a href="CodeSystem-cs-procedure-imaging.html"><code>http://openhie.org/fhir/sri-lanka/CodeSystem/cs-procedure-imaging</code></a></li></ul></div>
  </text>
  <url value="http://openhie.org/fhir/sri-lanka/ValueSet/vs-procedure"/>
  <version value="0.1.0"/>
  <name value="VSProcedures"/>
  <title value="Procedures"/>
  <status value="active"/>
  <experimental value="false"/>
  <date value="2023-10-31T12:26:25+00:00"/>
  <publisher value="Jembi Health Systems"/>
  <contact>
    <name value="Jembi Health Systems"/>
    <telecom>
      <system value="url"/>
      <value value="https://www.jembi.org"/>
    </telecom>
    <telecom>
      <system value="email"/>
      <value value="info@jembi.org"/>
    </telecom>
  </contact>
  <contact>
    <name value="Richard Langford"/>
    <telecom>
      <system value="email"/>
      <value value="richard.langford@jembi.org"/>
      <use value="work"/>
    </telecom>
  </contact>
  <description value="Other Procedures"/>
  <jurisdiction>
    <coding>
      <system value="http://unstats.un.org/unsd/methods/m49/m49.htm"/>
      <code value="001"/>
      <display value="World"/>
    </coding>
  </jurisdiction>
  <compose>
    <include>
      <system value="http://openhie.org/fhir/sri-lanka/CodeSystem/cs-procedure"/>
    </include>
    <include>
      <system value="http://openhie.org/fhir/sri-lanka/CodeSystem/cs-procedure-imaging"/>
    </include>
  </compose>
</ValueSet>