[
  {
    "id" : "cs-absent-or-unknown-allergies",
    "type" : "CodeSystem",
    "url" : "http://openhie.org/fhir/sri-lanka/CodeSystem/cs-absent-or-unknown-allergies",
    "version" : "0.1.0",
    "name" : "CSAbsentOrUnknownAllergies"
  },
  {
    "id" : "cs-cvd-risk-category",
    "type" : "CodeSystem",
    "url" : "http://openhie.org/fhir/sri-lanka/CodeSystem/cs-cvd-risk-category",
    "version" : "0.1.0",
    "name" : "CSCVDRiskCategory"
  },
  {
    "id" : "cs-follow-up-plan",
    "type" : "CodeSystem",
    "url" : "http://openhie.org/fhir/sri-lanka/CodeSystem/cs-follow-up-plan",
    "version" : "0.1.0",
    "name" : "CSFollowUpPlan"
  },
  {
    "id" : "cs-follow-up-reasons",
    "type" : "CodeSystem",
    "url" : "http://openhie.org/fhir/sri-lanka/CodeSystem/cs-follow-up-reasons",
    "version" : "0.1.0",
    "name" : "CSFollowUpReasons"
  },
  {
    "id" : "cs-identifier-types",
    "type" : "CodeSystem",
    "url" : "http://openhie.org/fhir/sri-lanka/CodeSystem/cs-identifier-types",
    "version" : "0.1.0",
    "name" : "CSIdentifierTypes"
  },
  {
    "id" : "cs-injection",
    "type" : "CodeSystem",
    "url" : "http://openhie.org/fhir/sri-lanka/CodeSystem/cs-injection",
    "version" : "0.1.0",
    "name" : "CSInjections"
  },
  {
    "id" : "cs-investigation",
    "type" : "CodeSystem",
    "url" : "http://openhie.org/fhir/sri-lanka/CodeSystem/cs-investigation",
    "version" : "0.1.0",
    "name" : "CSInvestigations"
  },
  {
    "id" : "cs-medical-conditions",
    "type" : "CodeSystem",
    "url" : "http://openhie.org/fhir/sri-lanka/CodeSystem/cs-medical-conditions",
    "version" : "0.1.0",
    "name" : "CSMedicalConditions"
  },
  {
    "id" : "cs-medication-name",
    "type" : "CodeSystem",
    "url" : "http://openhie.org/fhir/sri-lanka/CodeSystem/cs-medication-name",
    "version" : "0.1.0",
    "name" : "CSMedicationNames"
  },
  {
    "id" : "cs-procedure",
    "type" : "CodeSystem",
    "url" : "http://openhie.org/fhir/sri-lanka/CodeSystem/cs-procedure",
    "version" : "0.1.0",
    "name" : "CSProcedures"
  },
  {
    "id" : "cs-procedure-imaging",
    "type" : "CodeSystem",
    "url" : "http://openhie.org/fhir/sri-lanka/CodeSystem/cs-procedure-imaging",
    "version" : "0.1.0",
    "name" : "CSImagingProcedures"
  },
  {
    "id" : "cs-reason-for-encounter",
    "type" : "CodeSystem",
    "url" : "http://openhie.org/fhir/sri-lanka/CodeSystem/cs-reason-for-encounter",
    "version" : "0.1.0",
    "name" : "CSReasonForEncounter"
  },
  {
    "id" : "cs-risk-behaviour-physical-activity",
    "type" : "CodeSystem",
    "url" : "http://openhie.org/fhir/sri-lanka/CodeSystem/cs-risk-behaviour-physical-activity",
    "version" : "0.1.0",
    "name" : "CSRiskBehaviourPhysicalActivity"
  },
  {
    "id" : "cs-risk-behaviour-tobacco-smoker",
    "type" : "CodeSystem",
    "url" : "http://openhie.org/fhir/sri-lanka/CodeSystem/cs-risk-behaviour-tobacco-smoker",
    "version" : "0.1.0",
    "name" : "CSRiskBehaviourTobaccoSmoker"
  },
  {
    "id" : "openhie.fhir.sri-lanka",
    "type" : "ImplementationGuide",
    "url" : "http://openhie.org/fhir/sri-lanka/ImplementationGuide/openhie.fhir.sri-lanka",
    "version" : "0.1.0",
    "name" : "SriLanka"
  },
  {
    "id" : "allergy-intolerance",
    "type" : "StructureDefinition",
    "url" : "http://openhie.org/fhir/sri-lanka/StructureDefinition/allergy-intolerance",
    "version" : "0.1.0",
    "name" : "Allergies"
  },
  {
    "id" : "blood-pressure",
    "type" : "StructureDefinition",
    "url" : "http://openhie.org/fhir/sri-lanka/StructureDefinition/blood-pressure",
    "version" : "0.1.0",
    "name" : "BloodPressure"
  },
  {
    "id" : "bmi",
    "type" : "StructureDefinition",
    "url" : "http://openhie.org/fhir/sri-lanka/StructureDefinition/bmi",
    "version" : "0.1.0",
    "name" : "BMI"
  },
  {
    "id" : "cvd-risk-category",
    "type" : "StructureDefinition",
    "url" : "http://openhie.org/fhir/sri-lanka/StructureDefinition/cvd-risk-category",
    "version" : "0.1.0",
    "name" : "CVDRiskCategory"
  },
  {
    "id" : "drug-dispensation",
    "type" : "StructureDefinition",
    "url" : "http://openhie.org/fhir/sri-lanka/StructureDefinition/drug-dispensation",
    "version" : "0.1.0",
    "name" : "DrugDispensation"
  },
  {
    "id" : "fasting-blood-sugar",
    "type" : "StructureDefinition",
    "url" : "http://openhie.org/fhir/sri-lanka/StructureDefinition/fasting-blood-sugar",
    "version" : "0.1.0",
    "name" : "FastingBloodSugar"
  },
  {
    "id" : "follow-up-at-hlc",
    "type" : "StructureDefinition",
    "url" : "http://openhie.org/fhir/sri-lanka/StructureDefinition/follow-up-at-hlc",
    "version" : "0.1.0",
    "name" : "FollowUpAtHLC"
  },
  {
    "id" : "follow-up-plan",
    "type" : "StructureDefinition",
    "url" : "http://openhie.org/fhir/sri-lanka/StructureDefinition/follow-up-plan",
    "version" : "0.1.0",
    "name" : "FollowUpPlanServiceRequest"
  },
  {
    "id" : "general-referral-request",
    "type" : "StructureDefinition",
    "url" : "http://openhie.org/fhir/sri-lanka/StructureDefinition/general-referral-request",
    "version" : "0.1.0",
    "name" : "GeneralReferralServiceRequest"
  },
  {
    "id" : "generic-observation",
    "type" : "StructureDefinition",
    "url" : "http://openhie.org/fhir/sri-lanka/StructureDefinition/generic-observation",
    "version" : "0.1.0",
    "name" : "GenericObservation"
  },
  {
    "id" : "generic-service-request",
    "type" : "StructureDefinition",
    "url" : "http://openhie.org/fhir/sri-lanka/StructureDefinition/generic-service-request",
    "version" : "0.1.0",
    "name" : "GenericServiceRequest"
  },
  {
    "id" : "generic-task",
    "type" : "StructureDefinition",
    "url" : "http://openhie.org/fhir/sri-lanka/StructureDefinition/generic-task",
    "version" : "0.1.0",
    "name" : "GenericTask"
  },
  {
    "id" : "height",
    "type" : "StructureDefinition",
    "url" : "http://openhie.org/fhir/sri-lanka/StructureDefinition/height",
    "version" : "0.1.0",
    "name" : "Height"
  },
  {
    "id" : "hhims-patient",
    "type" : "StructureDefinition",
    "url" : "http://openhie.org/fhir/sri-lanka/StructureDefinition/hhims-patient",
    "version" : "0.1.0",
    "name" : "HHIMSPatient"
  },
  {
    "id" : "hims-composition",
    "type" : "StructureDefinition",
    "url" : "http://openhie.org/fhir/sri-lanka/StructureDefinition/hims-composition",
    "version" : "0.1.0",
    "name" : "HIMSComposition"
  },
  {
    "id" : "hims-patient",
    "type" : "StructureDefinition",
    "url" : "http://openhie.org/fhir/sri-lanka/StructureDefinition/hims-patient",
    "version" : "0.1.0",
    "name" : "HIMSPatient"
  },
  {
    "id" : "hypertension",
    "type" : "StructureDefinition",
    "url" : "http://openhie.org/fhir/sri-lanka/StructureDefinition/hypertension",
    "version" : "0.1.0",
    "name" : "Hypertension"
  },
  {
    "id" : "imaging-request",
    "type" : "StructureDefinition",
    "url" : "http://openhie.org/fhir/sri-lanka/StructureDefinition/imaging-request",
    "version" : "0.1.0",
    "name" : "ImagingServiceRequest"
  },
  {
    "id" : "imaging-study",
    "type" : "StructureDefinition",
    "url" : "http://openhie.org/fhir/sri-lanka/StructureDefinition/imaging-study",
    "version" : "0.1.0",
    "name" : "Imaging"
  },
  {
    "id" : "imaging-task",
    "type" : "StructureDefinition",
    "url" : "http://openhie.org/fhir/sri-lanka/StructureDefinition/imaging-task",
    "version" : "0.1.0",
    "name" : "ImagingTask"
  },
  {
    "id" : "injection",
    "type" : "StructureDefinition",
    "url" : "http://openhie.org/fhir/sri-lanka/StructureDefinition/injection",
    "version" : "0.1.0",
    "name" : "Injections"
  },
  {
    "id" : "investigations-request",
    "type" : "StructureDefinition",
    "url" : "http://openhie.org/fhir/sri-lanka/StructureDefinition/investigations-request",
    "version" : "0.1.0",
    "name" : "InvestigationsServiceRequest"
  },
  {
    "id" : "investigations-task",
    "type" : "StructureDefinition",
    "url" : "http://openhie.org/fhir/sri-lanka/StructureDefinition/investigations-task",
    "version" : "0.1.0",
    "name" : "InvestigationsTask"
  },
  {
    "id" : "medical-history",
    "type" : "StructureDefinition",
    "url" : "http://openhie.org/fhir/sri-lanka/StructureDefinition/medical-history",
    "version" : "0.1.0",
    "name" : "MedicalHistory"
  },
  {
    "id" : "medication-request",
    "type" : "StructureDefinition",
    "url" : "http://openhie.org/fhir/sri-lanka/StructureDefinition/medication-request",
    "version" : "0.1.0",
    "name" : "Prescriptions"
  },
  {
    "id" : "multiple-values-for-patient-identifier",
    "type" : "StructureDefinition",
    "url" : "http://openhie.org/fhir/sri-lanka/StructureDefinition/multiple-values-for-patient-identifier",
    "version" : "0.1.0",
    "name" : "MultipleValuesForPatientIdentifier"
  },
  {
    "id" : "notifiable-diseases-notified",
    "type" : "StructureDefinition",
    "url" : "http://openhie.org/fhir/sri-lanka/StructureDefinition/notifiable-diseases-notified",
    "version" : "0.1.0",
    "name" : "NotifiableDiseasesNotified"
  },
  {
    "id" : "organization",
    "type" : "StructureDefinition",
    "url" : "http://openhie.org/fhir/sri-lanka/StructureDefinition/organization",
    "version" : "0.1.0",
    "name" : "ServiceProvider"
  },
  {
    "id" : "practitioner",
    "type" : "StructureDefinition",
    "url" : "http://openhie.org/fhir/sri-lanka/StructureDefinition/practitioner",
    "version" : "0.1.0",
    "name" : "GeneralPractitioner"
  },
  {
    "id" : "procedure",
    "type" : "StructureDefinition",
    "url" : "http://openhie.org/fhir/sri-lanka/StructureDefinition/procedure",
    "version" : "0.1.0",
    "name" : "Procedures"
  },
  {
    "id" : "providers-location",
    "type" : "StructureDefinition",
    "url" : "http://openhie.org/fhir/sri-lanka/StructureDefinition/providers-location",
    "version" : "0.1.0",
    "name" : "ProvidersLocation"
  },
  {
    "id" : "random-blood-sugar",
    "type" : "StructureDefinition",
    "url" : "http://openhie.org/fhir/sri-lanka/StructureDefinition/random-blood-sugar",
    "version" : "0.1.0",
    "name" : "RandomBloodSugar"
  },
  {
    "id" : "referral-task",
    "type" : "StructureDefinition",
    "url" : "http://openhie.org/fhir/sri-lanka/StructureDefinition/referral-task",
    "version" : "0.1.0",
    "name" : "ReferralTask"
  },
  {
    "id" : "risk-behaviour-physical-activity",
    "type" : "StructureDefinition",
    "url" : "http://openhie.org/fhir/sri-lanka/StructureDefinition/risk-behaviour-physical-activity",
    "version" : "0.1.0",
    "name" : "RiskBehaviourPhysicalActivity"
  },
  {
    "id" : "risk-behaviour-tobacco-smoker",
    "type" : "StructureDefinition",
    "url" : "http://openhie.org/fhir/sri-lanka/StructureDefinition/risk-behaviour-tobacco-smoker",
    "version" : "0.1.0",
    "name" : "RiskBehaviourTobaccoSmoker"
  },
  {
    "id" : "target-facility-encounter",
    "type" : "StructureDefinition",
    "url" : "http://openhie.org/fhir/sri-lanka/StructureDefinition/target-facility-encounter",
    "version" : "0.1.0",
    "name" : "TargetFacilityEncounter"
  },
  {
    "id" : "total-cholesterol",
    "type" : "StructureDefinition",
    "url" : "http://openhie.org/fhir/sri-lanka/StructureDefinition/total-cholesterol",
    "version" : "0.1.0",
    "name" : "TotalCholesterol"
  },
  {
    "id" : "weight",
    "type" : "StructureDefinition",
    "url" : "http://openhie.org/fhir/sri-lanka/StructureDefinition/weight",
    "version" : "0.1.0",
    "name" : "Weight"
  },
  {
    "id" : "vs-absent-or-unknown-allergies",
    "type" : "ValueSet",
    "url" : "http://openhie.org/fhir/sri-lanka/ValueSet/vs-absent-or-unknown-allergies",
    "version" : "0.1.0",
    "name" : "VSAbsentOrUnknownAllergies"
  },
  {
    "id" : "vs-allergy-intolerance-snomed-ct-free-set",
    "type" : "ValueSet",
    "url" : "http://openhie.org/fhir/sri-lanka/ValueSet/vs-allergy-intolerance-snomed-ct-free-set",
    "version" : "0.1.0",
    "name" : "VSAllergyIntoleranceSNOMEDCTFreeSet"
  },
  {
    "id" : "vs-allergy-intolerance-substance-condition",
    "type" : "ValueSet",
    "url" : "http://openhie.org/fhir/sri-lanka/ValueSet/vs-allergy-intolerance-substance-condition",
    "version" : "0.1.0",
    "name" : "VSAllergyIntoleranceSubstanceCondition"
  },
  {
    "id" : "vs-cvd-risk-category",
    "type" : "ValueSet",
    "url" : "http://openhie.org/fhir/sri-lanka/ValueSet/vs-cvd-risk-category",
    "version" : "0.1.0",
    "name" : "VSCVDRiskCategory"
  },
  {
    "id" : "vs-follow-up-plan",
    "type" : "ValueSet",
    "url" : "http://openhie.org/fhir/sri-lanka/ValueSet/vs-follow-up-plan",
    "version" : "0.1.0",
    "name" : "VSFollowUpPlan"
  },
  {
    "id" : "vs-follow-up-reasons",
    "type" : "ValueSet",
    "url" : "http://openhie.org/fhir/sri-lanka/ValueSet/vs-follow-up-reasons",
    "version" : "0.1.0",
    "name" : "VSFollowUpReasons"
  },
  {
    "id" : "vs-injection",
    "type" : "ValueSet",
    "url" : "http://openhie.org/fhir/sri-lanka/ValueSet/vs-injection",
    "version" : "0.1.0",
    "name" : "VSInjections"
  },
  {
    "id" : "vs-investigation",
    "type" : "ValueSet",
    "url" : "http://openhie.org/fhir/sri-lanka/ValueSet/vs-investigation",
    "version" : "0.1.0",
    "name" : "VSInvestigations"
  },
  {
    "id" : "vs-medical-conditions",
    "type" : "ValueSet",
    "url" : "http://openhie.org/fhir/sri-lanka/ValueSet/vs-medical-conditions",
    "version" : "0.1.0",
    "name" : "VSMedicalConditions"
  },
  {
    "id" : "vs-medication-name",
    "type" : "ValueSet",
    "url" : "http://openhie.org/fhir/sri-lanka/ValueSet/vs-medication-name",
    "version" : "0.1.0",
    "name" : "VSMedicationNames"
  },
  {
    "id" : "vs-procedure",
    "type" : "ValueSet",
    "url" : "http://openhie.org/fhir/sri-lanka/ValueSet/vs-procedure",
    "version" : "0.1.0",
    "name" : "VSProcedures"
  },
  {
    "id" : "vs-procedure-imaging",
    "type" : "ValueSet",
    "url" : "http://openhie.org/fhir/sri-lanka/ValueSet/vs-procedure-imaging",
    "version" : "0.1.0",
    "name" : "VSImagingProcedures"
  },
  {
    "id" : "vs-reason-for-encounter",
    "type" : "ValueSet",
    "url" : "http://openhie.org/fhir/sri-lanka/ValueSet/vs-reason-for-encounter",
    "version" : "0.1.0",
    "name" : "VSReasonForEncounter"
  },
  {
    "id" : "vs-risk-behaviour-physical-activity",
    "type" : "ValueSet",
    "url" : "http://openhie.org/fhir/sri-lanka/ValueSet/vs-risk-behaviour-physical-activity",
    "version" : "0.1.0",
    "name" : "VSRiskBehaviourPhysicalActivity"
  },
  {
    "id" : "vs-risk-behaviour-tobacco-smoker",
    "type" : "ValueSet",
    "url" : "http://openhie.org/fhir/sri-lanka/ValueSet/vs-risk-behaviour-tobacco-smoker",
    "version" : "0.1.0",
    "name" : "VSRiskBehaviourTobaccoSmoker"
  },
  {
    "id" : "vs-whoatc",
    "type" : "ValueSet",
    "url" : "http://openhie.org/fhir/sri-lanka/ValueSet/vs-whoatc",
    "version" : "0.1.0",
    "name" : "VSWHOATC"
  }
]
