{
  "resourceType" : "Observation",
  "id" : "BloodPressureExample",
  "meta" : {
    "profile" : ["http://openhie.org/fhir/sri-lanka/StructureDefinition/blood-pressure"]
  },
  "text" : {
    "status" : "generated",
    "div" : "<div xmlns=\"http://www.w3.org/1999/xhtml\"><p><b>Generated Narrative: Observation</b><a name=\"BloodPressureExample\"> </a></p><div style=\"display: inline-block; background-color: #d9e0e7; padding: 6px; margin: 4px; border: 1px solid #8da1b4; border-radius: 5px; line-height: 60%\"><p style=\"margin-bottom: 0px\">Resource Observation &quot;BloodPressureExample&quot; </p><p style=\"margin-bottom: 0px\">Profile: <a href=\"StructureDefinition-blood-pressure.html\">Blood Pressure Observation</a></p></div><p><b>status</b>: final</p><p><b>category</b>: Vital Signs <span style=\"background: LightGoldenRodYellow; margin: 4px; border: 1px solid khaki\"> (<a href=\"http://terminology.hl7.org/5.3.0/CodeSystem-observation-category.html\">Observation Category Codes</a>#vital-signs)</span></p><p><b>code</b>: Blood Pressure <span style=\"background: LightGoldenRodYellow; margin: 4px; border: 1px solid khaki\"> (<a href=\"https://loinc.org/\">LOINC</a>#85354-9)</span></p><p><b>subject</b>: <a href=\"Patient-HIMSPatientExample.html\">Patient/HIMSPatientExample</a> &quot; SMITH&quot;</p><p><b>encounter</b>: <a href=\"Encounter-TargetFacilityEncounterExample.html\">Encounter/TargetFacilityEncounterExample</a></p><p><b>effective</b>: 2022-11-30</p><p><b>performer</b>: </p><ul><li><a href=\"Organization-OrganizationExample.html\">Organization/OrganizationExample</a> &quot;Some Health Facility&quot;</li><li><a href=\"Practitioner-GeneralPractitionerExample.html\">Practitioner/GeneralPractitionerExample</a> &quot; SMITH&quot;</li></ul><blockquote><p><b>component</b></p><p><b>code</b>: 8480-6 <span style=\"background: LightGoldenRodYellow; margin: 4px; border: 1px solid khaki\"> (<a href=\"https://loinc.org/\">LOINC</a>#8480-6)</span></p><p><b>value</b>: 106 mmHg<span style=\"background: LightGoldenRodYellow\"> (Details: UCUM code mm[Hg] = 'mm[Hg]')</span></p></blockquote><blockquote><p><b>component</b></p><p><b>code</b>: 8462-4 <span style=\"background: LightGoldenRodYellow; margin: 4px; border: 1px solid khaki\"> (<a href=\"https://loinc.org/\">LOINC</a>#8462-4)</span></p><p><b>value</b>: 60 mmHg<span style=\"background: LightGoldenRodYellow\"> (Details: UCUM code mm[Hg] = 'mm[Hg]')</span></p></blockquote></div>"
  },
  "status" : "final",
  "category" : [{
    "coding" : [{
      "system" : "http://terminology.hl7.org/CodeSystem/observation-category",
      "code" : "vital-signs"
    }]
  }],
  "code" : {
    "coding" : [{
      "system" : "http://loinc.org",
      "code" : "85354-9"
    }],
    "text" : "Blood Pressure"
  },
  "subject" : {
    "reference" : "Patient/HIMSPatientExample"
  },
  "encounter" : {
    "reference" : "Encounter/TargetFacilityEncounterExample"
  },
  "effectiveDateTime" : "2022-11-30",
  "performer" : [{
    "reference" : "Organization/OrganizationExample"
  },
  {
    "reference" : "Practitioner/GeneralPractitionerExample"
  }],
  "component" : [{
    "code" : {
      "coding" : [{
        "system" : "http://loinc.org",
        "code" : "8480-6"
      }]
    },
    "valueQuantity" : {
      "value" : 106,
      "unit" : "mmHg",
      "system" : "http://unitsofmeasure.org",
      "code" : "mm[Hg]"
    }
  },
  {
    "code" : {
      "coding" : [{
        "system" : "http://loinc.org",
        "code" : "8462-4"
      }]
    },
    "valueQuantity" : {
      "value" : 60,
      "unit" : "mmHg",
      "system" : "http://unitsofmeasure.org",
      "code" : "mm[Hg]"
    }
  }]
}