{"resourceType":"CodeSystem","id":"cs-procedure","text":{"status":"generated","div":"<div xmlns=\"http://www.w3.org/1999/xhtml\"><p>This case-sensitive code system <code>http://openhie.org/fhir/sri-lanka/CodeSystem/cs-procedure</code> defines the following codes:</p><table class=\"codes\"><tr><td style=\"white-space:nowrap\"><b>Code</b></td><td><b>Display</b></td><td><b>Definition</b></td></tr><tr><td style=\"white-space:nowrap\">ARV-0.1ml-2-sites<a name=\"cs-procedure-ARV-0.461ml-2-sites\"> </a></td><td>ARV 0.1 ml ID x 2 Sites</td><td>Needs definition</td></tr><tr><td style=\"white-space:nowrap\">ARV-0.1ml-4-sites<a name=\"cs-procedure-ARV-0.461ml-4-sites\"> </a></td><td>ARV 0.1 ml ID x 4 Sites</td><td>Needs definition</td></tr><tr><td style=\"white-space:nowrap\">Benzathine-Penicillin-Injection<a name=\"cs-procedure-Benzathine-Penicillin-Injection\"> </a></td><td>Benzathine Penicillin Injection</td><td>Needs definition</td></tr><tr><td style=\"white-space:nowrap\">Cleaning-and-Dressing<a name=\"cs-procedure-Cleaning-and-Dressing\"> </a></td><td>Cleaning and Dressing</td><td>Needs definition</td></tr><tr><td style=\"white-space:nowrap\">Erythropoietin<a name=\"cs-procedure-Erythropoietin\"> </a></td><td>Erythropoietin</td><td>Needs definition</td></tr><tr><td style=\"white-space:nowrap\">Give-Injection<a name=\"cs-procedure-Give-Injection\"> </a></td><td>Give Injection</td><td>Needs definition</td></tr><tr><td style=\"white-space:nowrap\">Health-Education<a name=\"cs-procedure-Health-Education\"> </a></td><td>Health Education</td><td>Needs definition</td></tr><tr><td style=\"white-space:nowrap\">Nebulization-With-Salbutamol-NS-And-Oxygen<a name=\"cs-procedure-Nebulization-With-Salbutamol-NS-And-Oxygen\"> </a></td><td>Nebulization With Salbutamol + N.S. + Oxygen</td><td>Needs definition</td></tr><tr><td style=\"white-space:nowrap\">Nebulize-With-Ipravent-And-NS-And-Oxygen<a name=\"cs-procedure-Nebulize-With-Ipravent-And-NS-And-Oxygen\"> </a></td><td>Nebulize with Ipravent + N.S. + Oxygen</td><td>Needs definition</td></tr><tr><td style=\"white-space:nowrap\">Nebulize-with-Salbutamol-And-Ipravent-And-NS-And-Oxygen<a name=\"cs-procedure-Nebulize-with-Salbutamol-And-Ipravent-And-NS-And-Oxygen\"> </a></td><td>Nebulize with Salbutamol + Ipravent + N.S. + Oxygen</td><td>Needs definition</td></tr><tr><td style=\"white-space:nowrap\">Tetanus-toxoid-0.5ml-IM-3-doses<a name=\"cs-procedure-Tetanus-toxoid-0.465ml-IM-3-doses\"> </a></td><td>Tetanus toxoid 0.5 ml IM - 3 doses</td><td>Needs definition</td></tr><tr><td style=\"white-space:nowrap\">Tetanus-toxoid-0.5ml-IM-Stat<a name=\"cs-procedure-Tetanus-toxoid-0.465ml-IM-Stat\"> </a></td><td>Tetanus toxoid 0.5ml IM - Stat</td><td>Needs definition</td></tr></table></div>"},"url":"http://openhie.org/fhir/sri-lanka/CodeSystem/cs-procedure","version":"0.1.0","name":"CSProcedures","title":"Procedures","status":"active","experimental":false,"date":"2023-10-16T06:39:53+00:00","publisher":"Jembi Health Systems","contact":[{"name":"Jembi Health Systems","telecom":[{"system":"url","value":"https://www.jembi.org"},{"system":"email","value":"info@jembi.org"}]},{"name":"Richard Langford","telecom":[{"system":"email","value":"richard.langford@jembi.org","use":"work"}]}],"description":"Procedures","jurisdiction":[{"coding":[{"system":"http://unstats.un.org/unsd/methods/m49/m49.htm","code":"001","display":"World"}]}],"caseSensitive":true,"content":"complete","count":12,"concept":[{"code":"ARV-0.1ml-2-sites","display":"ARV 0.1 ml ID x 2 Sites","definition":"Needs definition"},{"code":"ARV-0.1ml-4-sites","display":"ARV 0.1 ml ID x 4 Sites","definition":"Needs definition"},{"code":"Benzathine-Penicillin-Injection","display":"Benzathine Penicillin Injection","definition":"Needs definition"},{"code":"Cleaning-and-Dressing","display":"Cleaning and Dressing","definition":"Needs definition"},{"code":"Erythropoietin","display":"Erythropoietin","definition":"Needs definition"},{"code":"Give-Injection","display":"Give Injection","definition":"Needs definition"},{"code":"Health-Education","display":"Health Education","definition":"Needs definition"},{"code":"Nebulization-With-Salbutamol-NS-And-Oxygen","display":"Nebulization With Salbutamol + N.S. + Oxygen","definition":"Needs definition"},{"code":"Nebulize-With-Ipravent-And-NS-And-Oxygen","display":"Nebulize with Ipravent + N.S. + Oxygen","definition":"Needs definition"},{"code":"Nebulize-with-Salbutamol-And-Ipravent-And-NS-And-Oxygen","display":"Nebulize with Salbutamol + Ipravent + N.S. + Oxygen","definition":"Needs definition"},{"code":"Tetanus-toxoid-0.5ml-IM-3-doses","display":"Tetanus toxoid 0.5 ml IM - 3 doses","definition":"Needs definition"},{"code":"Tetanus-toxoid-0.5ml-IM-Stat","display":"Tetanus toxoid 0.5ml IM - Stat","definition":"Needs definition"}]}