{"resourceType":"ValueSet","id":"vs-follow-up-plan","text":{"status":"generated","div":"<div xmlns=\"http://www.w3.org/1999/xhtml\"><ul><li>Include all codes defined in <a href=\"CodeSystem-cs-follow-up-plan.html\"><code>http://openhie.org/fhir/sri-lanka/CodeSystem/cs-follow-up-plan</code></a></li></ul></div>"},"url":"http://openhie.org/fhir/sri-lanka/ValueSet/vs-follow-up-plan","version":"0.1.0","name":"VSFollowUpPlan","title":"Follow-up plan","status":"active","experimental":false,"date":"2023-10-16T06:39:53+00:00","publisher":"Jembi Health Systems","contact":[{"name":"Jembi Health Systems","telecom":[{"system":"url","value":"https://www.jembi.org"},{"system":"email","value":"info@jembi.org"}]},{"name":"Richard Langford","telecom":[{"system":"email","value":"richard.langford@jembi.org","use":"work"}]}],"description":"Follow-up plan","jurisdiction":[{"coding":[{"system":"http://unstats.un.org/unsd/methods/m49/m49.htm","code":"001","display":"World"}]}],"compose":{"include":[{"system":"http://openhie.org/fhir/sri-lanka/CodeSystem/cs-follow-up-plan"}]}}