<?xml version="1.0" encoding="UTF-8"?><CodeSystem xmlns="http://hl7.org/fhir"><id value="cs-injection"/><text><status value="generated"/><div xmlns="http://www.w3.org/1999/xhtml"><p>This case-sensitive code system <code>http://openhie.org/fhir/sri-lanka/CodeSystem/cs-injection</code> defines the following codes:</p><table class="codes"><tr><td style="white-space:nowrap"><b>Code</b></td><td><b>Display</b></td><td><b>Definition</b></td></tr><tr><td style="white-space:nowrap">dummy-1<a name="cs-injection-dummy-1"> </a></td><td>Dummy 1</td><td>Needs definition</td></tr><tr><td style="white-space:nowrap">dummy-2<a name="cs-injection-dummy-2"> </a></td><td>Dummy 2</td><td>Needs definition</td></tr></table></div></text><url value="http://openhie.org/fhir/sri-lanka/CodeSystem/cs-injection"/><version value="0.1.0"/><name value="CSInjections"/><title value="Injections"/><status value="active"/><experimental value="false"/><date value="2023-10-16T06:39:53+00:00"/><publisher value="Jembi Health Systems"/><contact><name value="Jembi Health Systems"/><telecom><system value="url"/><value value="https://www.jembi.org"/></telecom><telecom><system value="email"/><value value="info@jembi.org"/></telecom></contact><contact><name value="Richard Langford"/><telecom><system value="email"/><value value="richard.langford@jembi.org"/><use value="work"/></telecom></contact><description value="Injections"/><jurisdiction><coding><system value="http://unstats.un.org/unsd/methods/m49/m49.htm"/><code value="001"/><display value="World"/></coding></jurisdiction><caseSensitive value="true"/><content value="complete"/><count value="2"/><concept><code value="dummy-1"/><display value="Dummy 1"/><definition value="Needs definition"/></concept><concept><code value="dummy-2"/><display value="Dummy 2"/><definition value="Needs definition"/></concept></CodeSystem>