<?xml version="1.0" encoding="UTF-8"?>

<MedicationDispense xmlns="http://hl7.org/fhir">
  <id value="DrugDispensationExample"/>
  <meta>
    <profile value="http://openhie.org/fhir/sri-lanka/StructureDefinition/drug-dispensation"/>
  </meta>
  <text>
    <status value="generated"/><div xmlns="http://www.w3.org/1999/xhtml"><p><b>Generated Narrative: MedicationDispense</b><a name="DrugDispensationExample"> </a></p><div style="display: inline-block; background-color: #d9e0e7; padding: 6px; margin: 4px; border: 1px solid #8da1b4; border-radius: 5px; line-height: 60%"><p style="margin-bottom: 0px">Resource MedicationDispense &quot;DrugDispensationExample&quot; </p><p style="margin-bottom: 0px">Profile: <a href="StructureDefinition-drug-dispensation.html">Drug Dispensation</a></p></div><p><b>status</b>: completed</p><p><b>medication</b>: Medication <span style="background: LightGoldenRodYellow; margin: 4px; border: 1px solid khaki"> (<a href="https://browser.ihtsdotools.org/">SNOMED CT</a>#261000)</span></p><p><b>subject</b>: <a href="Patient-HHIMSPatientExample.html">Patient/HHIMSPatientExample</a> &quot; SMITH&quot;</p><p><b>context</b>: <a href="Encounter-TargetFacilityEncounterExample.html">Encounter/TargetFacilityEncounterExample</a></p><h3>Performers</h3><table class="grid"><tr><td style="display: none">-</td><td><b>Actor</b></td></tr><tr><td style="display: none">*</td><td><a href="Practitioner-GeneralPractitionerExample.html">Practitioner/GeneralPractitionerExample</a> &quot; SMITH&quot;</td></tr></table><p><b>location</b>: <a href="Location-ProvidersLocationExample.html">Location/ProvidersLocationExample</a> &quot;Name for the location&quot;</p><p><b>authorizingPrescription</b>: <a href="MedicationRequest-PrescriptionsExample.html">MedicationRequest/PrescriptionsExample</a></p><p><b>whenHandedOver</b>: 2023-10-11 17:21:33-0800</p><p><b>receiver</b>: <a href="Patient-HHIMSPatientExample.html">Patient/HHIMSPatientExample</a> &quot; SMITH&quot;</p></div>
  </text>
  <status value="completed"/>
  <medicationCodeableConcept>
    <coding>
      <system value="http://snomed.info/sct"/>
      <code value="261000"/>
    </coding>
    <text value="Medication"/>
  </medicationCodeableConcept>
  <subject>
    <reference value="Patient/HHIMSPatientExample"/>
  </subject>
  <context>
    <reference value="Encounter/TargetFacilityEncounterExample"/>
  </context>
  <performer>
    <actor>
      <reference value="Practitioner/GeneralPractitionerExample"/>
    </actor>
  </performer>
  <location>
    <reference value="Location/ProvidersLocationExample"/>
  </location>
  <authorizingPrescription>
    <reference value="MedicationRequest/PrescriptionsExample"/>
  </authorizingPrescription>
  <whenHandedOver value="2023-10-11T17:21:33-08:00"/>
  <receiver>
    <reference value="Patient/HHIMSPatientExample"/>
  </receiver>
</MedicationDispense>