{"resourceType":"ValueSet","id":"vs-investigation","text":{"status":"generated","div":"<div xmlns=\"http://www.w3.org/1999/xhtml\"><ul><li>Include all codes defined in <a href=\"CodeSystem-cs-investigation.html\"><code>http://openhie.org/fhir/sri-lanka/CodeSystem/cs-investigation</code></a></li></ul></div>"},"url":"http://openhie.org/fhir/sri-lanka/ValueSet/vs-investigation","version":"0.1.0","name":"VSInvestigations","title":"Investigations","status":"active","experimental":false,"date":"2023-10-18T11:45:28+00:00","publisher":"Jembi Health Systems","contact":[{"name":"Jembi Health Systems","telecom":[{"system":"url","value":"https://www.jembi.org"},{"system":"email","value":"info@jembi.org"}]},{"name":"Richard Langford","telecom":[{"system":"email","value":"richard.langford@jembi.org","use":"work"}]}],"description":"Investigations","jurisdiction":[{"coding":[{"system":"http://unstats.un.org/unsd/methods/m49/m49.htm","code":"001","display":"World"}]}],"compose":{"include":[{"system":"http://openhie.org/fhir/sri-lanka/CodeSystem/cs-investigation"}]}}