<?xml version="1.0" encoding="UTF-8"?><CodeSystem xmlns="http://hl7.org/fhir"><id value="cs-risk-behaviour-codes"/><text><status value="generated"/><div xmlns="http://www.w3.org/1999/xhtml"><p>This case-sensitive code system <code>http://openhie.org/fhir/sri-lanka/CodeSystem/cs-risk-behaviour-codes</code> defines the following codes:</p><table class="codes"><tr><td style="white-space:nowrap"><b>Code</b></td><td><b>Display</b></td><td><b>Definition</b></td></tr><tr><td style="white-space:nowrap">RA1<a name="cs-risk-behaviour-codes-RA1"> </a></td><td>Physical activity</td><td>Physical activity status for the patient.</td></tr><tr><td style="white-space:nowrap">RA2<a name="cs-risk-behaviour-codes-RA2"> </a></td><td>Tobacco smoking</td><td>Tobacco smoking status for the patient.</td></tr></table></div></text><url value="http://openhie.org/fhir/sri-lanka/CodeSystem/cs-risk-behaviour-codes"/><version value="0.1.0"/><name value="CSRiskBehaviourCodes"/><title value="Risk Behaviour"/><status value="active"/><experimental value="false"/><date value="2023-11-10T04:37:53+00:00"/><publisher value="Jembi Health Systems"/><contact><name value="Jembi Health Systems"/><telecom><system value="url"/><value value="https://www.jembi.org"/></telecom><telecom><system value="email"/><value value="info@jembi.org"/></telecom></contact><contact><name value="Richard Langford"/><telecom><system value="email"/><value value="richard.langford@jembi.org"/><use value="work"/></telecom></contact><description value="CodeSystem for Risk Behaviour Data Elements"/><jurisdiction><coding><system value="http://unstats.un.org/unsd/methods/m49/m49.htm"/><code value="001"/><display value="World"/></coding></jurisdiction><caseSensitive value="true"/><content value="complete"/><count value="2"/><concept><code value="RA1"/><display value="Physical activity"/><definition value="Physical activity status for the patient."/></concept><concept><code value="RA2"/><display value="Tobacco smoking"/><definition value="Tobacco smoking status for the patient."/></concept></CodeSystem>