<?xml version="1.0" encoding="UTF-8"?><StructureMap xmlns="http://hl7.org/fhir"><id value="HIMSRiskBehaviourQRToObs-TobaccoSmoking"/><text><status value="generated"/><div xmlns="http://www.w3.org/1999/xhtml"><pre class="fml">
<b>map</b><span style="color: navy"> &quot;</span>http://openhie.org/fhir/sri-lanka/StructureMap/HIMSRiskBehaviourQRToObs-TobaccoSmoking<span style="color: navy">&quot; = &quot;</span>HIMSRiskBehaviourQRToObs-TobaccoSmoking<span style="color: navy">&quot;

</span><span style="color: navy">// </span><span style="color: green">Maps the Risk Behaviour Questionnaire Response to the HIMS Observation resource data elements.</span>

<b>uses</b><span style="color: navy"> &quot;</span><a href="http://hl7.org/fhir/R4/questionnaireresponse.html" title="QuestionnaireResponse">http://hl7.org/fhir/StructureDefinition/QuestionnaireResponse</a><span style="color: navy">&quot; </span><b>alias </b>QResp <b>as </b><b>source</b>
<b>uses</b><span style="color: navy"> &quot;</span><a href="StructureDefinition-HIMSRiskBehaviourDataDictionary.html" title="HIMS Risk Behaviour">http://openhie.org/fhir/sri-lanka/StructureDefinition/HIMSRiskBehaviourDataDictionary</a><span style="color: navy">&quot; </span><b>alias </b>IMMZC <b>as </b><b>source</b>
<b>uses</b><span style="color: navy"> &quot;</span><a href="http://hl7.org/fhir/R4/bundle.html" title="Bundle">http://hl7.org/fhir/StructureDefinition/Bundle</a><span style="color: navy">&quot; </span><b>as </b><b>target</b>
<b>uses</b><span style="color: navy"> &quot;</span><a href="http://hl7.org/fhir/R4/observation.html" title="Observation">http://hl7.org/fhir/StructureDefinition/Observation</a><span style="color: navy">&quot; </span><b>as </b><b>target</b>

<b>imports</b><span style="color: navy"> &quot;</span><a href="StructureMap-HIMSRiskBehaviourQRToLM-TobaccoSmoking.html" title="HIMSRiskBehaviourQRToLM-TobaccoSmoking">http://openhie.org/fhir/sri-lanka/StructureMap/HIMSRiskBehaviourQRToLM-TobaccoSmoking</a><span style="color: navy">&quot;
</span><b>imports</b><span style="color: navy"> &quot;</span><a href="StructureMap-HIMSRiskBehaviourLMToObs-TobaccoSmoking.html" title="HIMSRiskBehaviourLMToObs-TobaccoSmoking">http://openhie.org/fhir/sri-lanka/StructureMap/HIMSRiskBehaviourLMToObs-TobaccoSmoking</a><span style="color: navy">&quot;
</span>
<b>group </b>QRestToIMMZC<span style="color: navy">(</span><b>source</b> <span style="color: maroon">qr</span><span style="color: navy"> : </span>QResp, <b>target</b> <span style="color: maroon">bundle</span><span style="color: navy"> : </span>Bundle<span style="color: navy">)</span><span style="color: navy"> {
</span>  qr<span style="color: navy"><b> -&gt; </b></span>bundle.id = <b>uuid</b><span style="color: navy">(</span><span style="color: navy">)</span> <i>&quot;ruleBundleId&quot;</i><span style="color: navy">;</span>
  qr<span style="color: navy"><b> -&gt; </b></span>bundle.type = <span style="color: blue">'collection'</span> <i>&quot;ruleBundleType&quot;</i><span style="color: navy">;</span>
  qr<span style="color: navy"><b> -&gt; </b></span> bundle.entry<b> as </b><span style="color: maroon">entry</span><span style="color: navy">, </span> entry.resource = <b>create</b><span style="color: navy">(</span><span style="color: blue">'Observation'</span><span style="color: navy">)</span><b> as </b><span style="color: maroon">observation</span><span style="color: navy">, </span> <b>create</b><span style="color: navy">(</span><span style="color: blue">'http://openhie.org/fhir/sri-lanka/StructureDefinition/HIMSRiskBehaviourDataDictionary'</span><span style="color: navy">)</span><b> as </b><span style="color: maroon">model</span><b> then</b><span style="color: navy"> {
</span>    qr<span style="color: navy"><b> -&gt; </b></span><span style="color: maroon">model</span><b> then </b>QRespToIMMZC<span style="color: navy">(</span><span style="color: maroon">qr</span><span style="color: navy">, </span><span style="color: maroon">model</span><span style="color: navy">)</span> <i>&quot;QRtoLM&quot;</i><span style="color: navy">;</span>
    qr<span style="color: navy"><b> -&gt; </b></span><span style="color: maroon">observation</span><b> then </b>DataDictToObservation<span style="color: navy">(</span><span style="color: maroon">model</span><span style="color: navy">, </span><span style="color: maroon">observation</span><span style="color: navy">)</span> <i>&quot;LMtoObservation&quot;</i><span style="color: navy">;</span>
    qr<span style="color: navy"><b> -&gt; </b></span>observation.status = <span style="color: maroon">final</span> <i>&quot;ruleObservationStatus&quot;</i><span style="color: navy">;</span>
    qr<span style="color: navy"><b> -&gt; </b></span> observation.code = <b>create</b><span style="color: navy">(</span><span style="color: blue">'CodeableConcept'</span><span style="color: navy">)</span><b> as </b><span style="color: maroon">coding</span><span style="color: navy">, </span> c.system = <span style="color: blue">'http://snomed.info/sct'</span><span style="color: navy">, </span> c.code = <span style="color: blue">'365981007'</span> <i>&quot;SetObsCode&quot;</i><span style="color: navy">;</span>
  <span style="color: navy">}</span> <i>&quot;QRtoObservation&quot;</i><span style="color: navy">;</span>
<span style="color: navy">}

</span></pre></div></text><url value="http://openhie.org/fhir/sri-lanka/StructureMap/HIMSRiskBehaviourQRToObs-TobaccoSmoking"/><version value="0.1.0"/><name value="HIMSRiskBehaviourQRToObs-TobaccoSmoking"/><status value="draft"/><date value="2023-11-10T04:37:53+00:00"/><publisher value="Jembi Health Systems"/><contact><name value="Jembi Health Systems"/><telecom><system value="url"/><value value="https://www.jembi.org"/></telecom><telecom><system value="email"/><value value="info@jembi.org"/></telecom></contact><contact><name value="Richard Langford"/><telecom><system value="email"/><value value="richard.langford@jembi.org"/><use value="work"/></telecom></contact><description value="Maps the Risk Behaviour Questionnaire Response to the HIMS Observation resource data elements."/><jurisdiction><coding><system value="http://unstats.un.org/unsd/methods/m49/m49.htm"/><code value="001"/><display value="World"/></coding></jurisdiction><structure><url value="http://hl7.org/fhir/StructureDefinition/QuestionnaireResponse"/><mode value="source"/><alias value="QResp"/></structure><structure><url value="http://openhie.org/fhir/sri-lanka/StructureDefinition/HIMSRiskBehaviourDataDictionary"/><mode value="source"/><alias value="IMMZC"/></structure><structure><url value="http://hl7.org/fhir/StructureDefinition/Bundle"/><mode value="target"/></structure><structure><url value="http://hl7.org/fhir/StructureDefinition/Observation"/><mode value="target"/></structure><import value="http://openhie.org/fhir/sri-lanka/StructureMap/HIMSRiskBehaviourQRToLM-TobaccoSmoking"/><import value="http://openhie.org/fhir/sri-lanka/StructureMap/HIMSRiskBehaviourLMToObs-TobaccoSmoking"/><group><name value="QRestToIMMZC"/><typeMode value="none"/><input><name value="qr"/><type value="QResp"/><mode value="source"/></input><input><name value="bundle"/><type value="Bundle"/><mode value="target"/></input><rule><name value="ruleBundleId"/><source><context value="qr"/></source><target><context value="bundle"/><contextType value="variable"/><element value="id"/><transform value="uuid"/></target></rule><rule><name value="ruleBundleType"/><source><context value="qr"/></source><target><context value="bundle"/><contextType value="variable"/><element value="type"/><transform value="copy"/><parameter><valueString value="collection"/></parameter></target></rule><rule><name value="QRtoObservation"/><source><context value="qr"/></source><target><context value="bundle"/><contextType value="variable"/><element value="entry"/><variable value="entry"/></target><target><context value="entry"/><contextType value="variable"/><element value="resource"/><variable value="observation"/><transform value="create"/><parameter><valueString value="Observation"/></parameter></target><target><contextType value="variable"/><variable value="model"/><transform value="create"/><parameter><valueString value="http://openhie.org/fhir/sri-lanka/StructureDefinition/HIMSRiskBehaviourDataDictionary"/></parameter></target><rule><name value="QRtoLM"/><source><context value="qr"/></source><target><contextType value="variable"/><transform value="copy"/><parameter><valueId value="model"/></parameter></target><dependent><name value="QRespToIMMZC"/><variable value="qr"/><variable value="model"/></dependent></rule><rule><name value="LMtoObservation"/><source><context value="qr"/></source><target><contextType value="variable"/><transform value="copy"/><parameter><valueId value="observation"/></parameter></target><dependent><name value="DataDictToObservation"/><variable value="model"/><variable value="observation"/></dependent></rule><rule><name value="ruleObservationStatus"/><source><context value="qr"/></source><target><context value="observation"/><contextType value="variable"/><element value="status"/><transform value="copy"/><parameter><valueId value="final"/></parameter></target></rule><rule><name value="SetObsCode"/><source><context value="qr"/></source><target><context value="observation"/><contextType value="variable"/><element value="code"/><variable value="coding"/><transform value="create"/><parameter><valueString value="CodeableConcept"/></parameter></target><target><context value="c"/><contextType value="variable"/><element value="system"/><transform value="copy"/><parameter><valueString value="http://snomed.info/sct"/></parameter></target><target><context value="c"/><contextType value="variable"/><element value="code"/><transform value="copy"/><parameter><valueString value="365981007"/></parameter></target></rule></rule></group></StructureMap>