{
  "resourceType" : "Observation",
  "id" : "RiskBehaviourTobaccoSmokerExample",
  "meta" : {
    "profile" : ["http://openhie.org/fhir/sri-lanka/StructureDefinition/risk-behaviour-tobacco-smoker"]
  },
  "text" : {
    "status" : "generated",
    "div" : "<div xmlns=\"http://www.w3.org/1999/xhtml\"><p><b>Generated Narrative: Observation</b><a name=\"RiskBehaviourTobaccoSmokerExample\"> </a></p><div style=\"display: inline-block; background-color: #d9e0e7; padding: 6px; margin: 4px; border: 1px solid #8da1b4; border-radius: 5px; line-height: 60%\"><p style=\"margin-bottom: 0px\">Resource Observation &quot;RiskBehaviourTobaccoSmokerExample&quot; </p><p style=\"margin-bottom: 0px\">Profile: <a href=\"StructureDefinition-risk-behaviour-tobacco-smoker.html\">Tobacco Smoker Observation</a></p></div><p><b>status</b>: final</p><p><b>code</b>: Tobacco smoking <span style=\"background: LightGoldenRodYellow; margin: 4px; border: 1px solid khaki\"> (<a href=\"https://loinc.org/\">LOINC</a>#72166-2)</span></p><p><b>subject</b>: <a href=\"Patient-HIMSPatientExample.html\">Patient/HIMSPatientExample</a> &quot; SMITH&quot;</p><p><b>encounter</b>: <a href=\"Encounter-TargetFacilityEncounterExample.html\">Encounter/TargetFacilityEncounterExample</a></p><p><b>effective</b>: 2022-11-30</p><p><b>performer</b>: </p><ul><li><a href=\"Organization-OrganizationExample.html\">Organization/OrganizationExample</a> &quot;Some Health Facility&quot;</li><li><a href=\"Practitioner-GeneralPractitionerExample.html\">Practitioner/GeneralPractitionerExample</a> &quot; SMITH&quot;</li></ul><p><b>value</b>: Moderate cigarette smoker (10-19 cigs/day) <span style=\"background: LightGoldenRodYellow; margin: 4px; border: 1px solid khaki\"> (<a href=\"https://browser.ihtsdotools.org/\">SNOMED CT</a>#160604004)</span></p></div>"
  },
  "status" : "final",
  "code" : {
    "coding" : [{
      "system" : "http://loinc.org",
      "code" : "72166-2"
    }],
    "text" : "Tobacco smoking"
  },
  "subject" : {
    "reference" : "Patient/HIMSPatientExample"
  },
  "encounter" : {
    "reference" : "Encounter/TargetFacilityEncounterExample"
  },
  "effectiveDateTime" : "2022-11-30",
  "performer" : [{
    "reference" : "Organization/OrganizationExample"
  },
  {
    "reference" : "Practitioner/GeneralPractitionerExample"
  }],
  "valueCodeableConcept" : {
    "coding" : [{
      "system" : "http://snomed.info/sct",
      "code" : "160604004"
    }],
    "text" : "Moderate cigarette smoker (10-19 cigs/day)"
  }
}