{
  "resourceType" : "ValueSet",
  "id" : "vs-allergy-intolerance-substance-condition",
  "text" : {
    "status" : "generated",
    "div" : "<div xmlns=\"http://www.w3.org/1999/xhtml\"><p>This value set includes codes based on the following rules:</p><ul><li>Include codes from <a href=\"http://www.snomed.org/\"><code>http://snomed.info/sct</code></a> where concept  descends from  105590001 (null)</li><li>Include codes from <a href=\"http://www.snomed.org/\"><code>http://snomed.info/sct</code></a> where concept  descends from  373873005 (null)</li><li>Include codes from <a href=\"http://www.snomed.org/\"><code>http://snomed.info/sct</code></a> where concept  descends from  418038007 (null)</li><li>Include all codes defined in <a href=\"CodeSystem-cs-absent-or-unknown-allergies.html\"><code>http://openhie.org/fhir/sri-lanka/CodeSystem/cs-absent-or-unknown-allergies</code></a></li></ul></div>"
  },
  "url" : "http://openhie.org/fhir/sri-lanka/ValueSet/vs-allergy-intolerance-substance-condition",
  "version" : "0.1.0",
  "name" : "VSAllergyIntoleranceSubstanceCondition",
  "title" : "Allergy Intolerance",
  "status" : "active",
  "experimental" : false,
  "date" : "2023-10-18T07:56:18+00:00",
  "publisher" : "Jembi Health Systems",
  "contact" : [{
    "name" : "Jembi Health Systems",
    "telecom" : [{
      "system" : "url",
      "value" : "https://www.jembi.org"
    },
    {
      "system" : "email",
      "value" : "info@jembi.org"
    }]
  },
  {
    "name" : "Richard Langford",
    "telecom" : [{
      "system" : "email",
      "value" : "richard.langford@jembi.org",
      "use" : "work"
    }]
  }],
  "description" : "IPS Allergy intolerance codes value set. This value set includes codes from SNOMED Clinical Terms®: all descendants of 373873005 &#124;Pharmaceutical / biologic product (product)&#124;&#59; all descendants of 105590001 &#124;Substance (substance)&#124;&#59; all descendants of 418038007 &#124;Propensity to adverse reactions to substance (finding)&#124; plus codes for absent and unknown allergies.",
  "jurisdiction" : [{
    "coding" : [{
      "system" : "http://unstats.un.org/unsd/methods/m49/m49.htm",
      "code" : "001",
      "display" : "World"
    }]
  }],
  "compose" : {
    "include" : [{
      "system" : "http://snomed.info/sct",
      "version" : "http://snomed.info/sct/900000000000207008",
      "filter" : [{
        "property" : "concept",
        "op" : "descendent-of",
        "value" : "105590001"
      }]
    },
    {
      "system" : "http://snomed.info/sct",
      "version" : "http://snomed.info/sct/900000000000207008",
      "filter" : [{
        "property" : "concept",
        "op" : "descendent-of",
        "value" : "373873005"
      }]
    },
    {
      "system" : "http://snomed.info/sct",
      "version" : "http://snomed.info/sct/900000000000207008",
      "filter" : [{
        "property" : "concept",
        "op" : "descendent-of",
        "value" : "418038007"
      }]
    },
    {
      "system" : "http://openhie.org/fhir/sri-lanka/CodeSystem/cs-absent-or-unknown-allergies"
    }]
  }
}