<?xml version="1.0" encoding="UTF-8"?>

<StructureMap xmlns="http://hl7.org/fhir">
  <id value="HIMSMedicalHistoryLMToCondition"/>
  <text>
    <status value="generated"/><div xmlns="http://www.w3.org/1999/xhtml"><pre class="fml">
<b>map</b><span style="color: navy"> &quot;</span>http://openhie.org/fhir/sri-lanka/StructureMap/HIMSMedicalHistoryLMToCondition<span style="color: navy">&quot; = &quot;</span>HIMSMedicalHistoryLMToCondition<span style="color: navy">&quot;

</span><span style="color: navy">// </span><span style="color: green">Maps the HIMS logical model data elements to the Condition resource data elements.</span>

<b>uses</b><span style="color: navy"> &quot;</span><a href="StructureDefinition-HIMSMedicalHistoryDataDictionary.html" title="HIMS Medical History">http://openhie.org/fhir/sri-lanka/StructureDefinition/HIMSMedicalHistoryDataDictionary</a><span style="color: navy">&quot; </span><b>alias </b>IMMZC <b>as </b><b>source</b>
<b>uses</b><span style="color: navy"> &quot;</span><a href="http://hl7.org/fhir/R4/bundle.html" title="Bundle">http://hl7.org/fhir/StructureDefinition/Bundle</a><span style="color: navy">&quot; </span><b>alias </b>Bundle <b>as </b><b>target</b>
<b>uses</b><span style="color: navy"> &quot;</span><a href="http://hl7.org/fhir/R4/condition.html" title="Condition">http://hl7.org/fhir/StructureDefinition/Condition</a><span style="color: navy">&quot; </span><b>alias </b>Condition <b>as </b><b>target</b>

<b>group </b>DataDictToCondition<span style="color: navy">(</span><b>source</b> <span style="color: maroon">immzc</span><span style="color: navy"> : </span>IMMZC, <b>target</b> <span style="color: maroon">condition</span><span style="color: navy"> : </span>Condition<span style="color: navy">)</span><span style="color: navy"> {
</span>  immzc.medicalHistory<b> as </b><span style="color: maroon">medicalHistory</span><span style="color: navy"><b> -&gt; </b></span><span style="color: maroon">condition</span><b> as </b><span style="color: maroon">cond</span><b> then</b><span style="color: navy"> {
</span>    medicalHistory<span style="color: navy"><b> -&gt; </b></span>cond.code = <span style="color: maroon">medicalHistory</span> <i>&quot;SetMedicalHistoryValue&quot;</i><span style="color: navy">;</span>
  <span style="color: navy">}</span> <i>&quot;SetMedicalHistory&quot;</i><span style="color: navy">;</span>
<span style="color: navy">}

</span></pre></div>
  </text>
  <url value="http://openhie.org/fhir/sri-lanka/StructureMap/HIMSMedicalHistoryLMToCondition"/>
  <version value="0.1.0"/>
  <name value="HIMSMedicalHistoryLMToCondition"/>
  <status value="draft"/>
  <date value="2023-11-10T04:37:53+00:00"/>
  <publisher value="Jembi Health Systems"/>
  <contact>
    <name value="Jembi Health Systems"/>
    <telecom>
      <system value="url"/>
      <value value="https://www.jembi.org"/>
    </telecom>
    <telecom>
      <system value="email"/>
      <value value="info@jembi.org"/>
    </telecom>
  </contact>
  <contact>
    <name value="Richard Langford"/>
    <telecom>
      <system value="email"/>
      <value value="richard.langford@jembi.org"/>
      <use value="work"/>
    </telecom>
  </contact>
  <description value="Maps the HIMS logical model data elements to the Condition resource data elements."/>
  <jurisdiction>
    <coding>
      <system value="http://unstats.un.org/unsd/methods/m49/m49.htm"/>
      <code value="001"/>
      <display value="World"/>
    </coding>
  </jurisdiction>
  <structure>
    <url value="http://openhie.org/fhir/sri-lanka/StructureDefinition/HIMSMedicalHistoryDataDictionary"/>
    <mode value="source"/>
    <alias value="IMMZC"/>
  </structure>
  <structure>
    <url value="http://hl7.org/fhir/StructureDefinition/Bundle"/>
    <mode value="target"/>
    <alias value="Bundle"/>
  </structure>
  <structure>
    <url value="http://hl7.org/fhir/StructureDefinition/Condition"/>
    <mode value="target"/>
    <alias value="Condition"/>
  </structure>
  <group>
    <name value="DataDictToCondition"/>
    <typeMode value="none"/>
    <input>
      <name value="immzc"/>
      <type value="IMMZC"/>
      <mode value="source"/>
    </input>
    <input>
      <name value="condition"/>
      <type value="Condition"/>
      <mode value="target"/>
    </input>
    <rule>
      <name value="SetMedicalHistory"/>
      <source>
        <context value="immzc"/>
        <element value="medicalHistory"/>
        <variable value="medicalHistory"/>
      </source>
      <target>
        <contextType value="variable"/>
        <variable value="cond"/>
        <transform value="copy"/>
        <parameter>
          <valueId value="condition"/>
        </parameter>
      </target>
      <rule>
        <name value="SetMedicalHistoryValue"/>
        <source>
          <context value="medicalHistory"/>
        </source>
        <target>
          <context value="cond"/>
          <contextType value="variable"/>
          <element value="code"/>
          <transform value="copy"/>
          <parameter>
            <valueId value="medicalHistory"/>
          </parameter>
        </target>
      </rule>
    </rule>
  </group>
</StructureMap>