<?xml version="1.0" encoding="UTF-8"?><ValueSet xmlns="http://hl7.org/fhir"><id value="vs-risk-behaviour-physical-activity"/><text><status value="generated"/><div xmlns="http://www.w3.org/1999/xhtml"><ul><li>Include codes from <a href="http://www.snomed.org/"><code>http://snomed.info/sct</code></a> where concept  descends from  68130003 (null)</li></ul></div></text><url value="http://openhie.org/fhir/sri-lanka/ValueSet/vs-risk-behaviour-physical-activity"/><version value="0.1.0"/><name value="VSRiskBehaviourPhysicalActivity"/><title value="Risk Assessment - Physical Activity"/><status value="active"/><experimental value="false"/><date value="2023-10-19T09:31:51+00:00"/><publisher value="Jembi Health Systems"/><contact><name value="Jembi Health Systems"/><telecom><system value="url"/><value value="https://www.jembi.org"/></telecom><telecom><system value="email"/><value value="info@jembi.org"/></telecom></contact><contact><name value="Richard Langford"/><telecom><system value="email"/><value value="richard.langford@jembi.org"/><use value="work"/></telecom></contact><description value="Risk Assessment - Physical Activity"/><jurisdiction><coding><system value="http://unstats.un.org/unsd/methods/m49/m49.htm"/><code value="001"/><display value="World"/></coding></jurisdiction><compose><include><system value="http://snomed.info/sct"/><filter><property value="concept"/><op value="descendent-of"/><value value="68130003"/></filter></include></compose></ValueSet>