{
  "resourceType" : "ServiceRequest",
  "id" : "ImagingServiceRequestExample",
  "meta" : {
    "profile" : ["http://openhie.org/fhir/sri-lanka/StructureDefinition/imaging-request"]
  },
  "text" : {
    "status" : "generated",
    "div" : "<div xmlns=\"http://www.w3.org/1999/xhtml\"><p><b>Generated Narrative: ServiceRequest</b><a name=\"ImagingServiceRequestExample\"> </a></p><div style=\"display: inline-block; background-color: #d9e0e7; padding: 6px; margin: 4px; border: 1px solid #8da1b4; border-radius: 5px; line-height: 60%\"><p style=\"margin-bottom: 0px\">Resource ServiceRequest &quot;ImagingServiceRequestExample&quot; </p><p style=\"margin-bottom: 0px\">Profile: <a href=\"StructureDefinition-imaging-request.html\">Imaging Request</a></p></div><p><b>status</b>: completed</p><p><b>intent</b>: order</p><p><b>code</b>: Imaging requested <span style=\"background: LightGoldenRodYellow; margin: 4px; border: 1px solid khaki\"> (<a href=\"CodeSystem-cs-imaging.html\">Imaging</a>#X-Ray)</span></p><p><b>subject</b>: <a href=\"Patient-HHIMSPatientExample.html\">Patient/HHIMSPatientExample</a> &quot; SMITH&quot;</p><p><b>encounter</b>: <a href=\"Encounter-TargetFacilityEncounterExample.html\">Encounter/TargetFacilityEncounterExample</a></p><p><b>occurrence</b>: 2023-10-06 13:28:17-0500</p><p><b>requester</b>: <a href=\"Practitioner-GeneralPractitionerExample.html\">Practitioner/GeneralPractitionerExample</a> &quot; SMITH&quot;</p><p><b>locationReference</b>: <a href=\"Location-ProvidersLocationExample.html\">Location/ProvidersLocationExample</a> &quot;Name for the location&quot;</p></div>"
  },
  "status" : "completed",
  "intent" : "order",
  "code" : {
    "coding" : [{
      "system" : "http://openhie.org/fhir/sri-lanka/CodeSystem/cs-imaging",
      "code" : "X-Ray"
    }],
    "text" : "Imaging requested"
  },
  "subject" : {
    "reference" : "Patient/HHIMSPatientExample"
  },
  "encounter" : {
    "reference" : "Encounter/TargetFacilityEncounterExample"
  },
  "occurrenceDateTime" : "2023-10-06T13:28:17-05:00",
  "requester" : {
    "reference" : "Practitioner/GeneralPractitionerExample"
  },
  "locationReference" : [{
    "reference" : "Location/ProvidersLocationExample"
  }]
}