{
  "resourceType" : "Task",
  "id" : "InvestigationsTaskExample",
  "meta" : {
    "profile" : ["http://openhie.org/fhir/sri-lanka/StructureDefinition/investigations-task"]
  },
  "text" : {
    "status" : "generated",
    "div" : "<div xmlns=\"http://www.w3.org/1999/xhtml\"><p><b>Generated Narrative: Task</b><a name=\"InvestigationsTaskExample\"> </a></p><div style=\"display: inline-block; background-color: #d9e0e7; padding: 6px; margin: 4px; border: 1px solid #8da1b4; border-radius: 5px; line-height: 60%\"><p style=\"margin-bottom: 0px\">Resource Task &quot;InvestigationsTaskExample&quot; </p><p style=\"margin-bottom: 0px\">Profile: <a href=\"StructureDefinition-investigations-task.html\">Investigations Task</a></p></div><p><b>status</b>: completed</p><p><b>intent</b>: order</p><p><b>priority</b>: routine</p><p><b>description</b>: some information regarding the need for the investigations request, if any.</p><p><b>focus</b>: <a href=\"ServiceRequest-GeneralReferralServiceRequestExample.html\">ServiceRequest/GeneralReferralServiceRequestExample</a></p><p><b>for</b>: <a href=\"Patient-HHIMSPatientExample.html\">Patient/HHIMSPatientExample</a> &quot; SMITH&quot;</p><p><b>encounter</b>: <a href=\"Encounter-TargetFacilityEncounterExample.html\">Encounter/TargetFacilityEncounterExample</a></p><p><b>executionPeriod</b>: 2023-10-06 13:28:17-0500 --&gt; 2023-10-09 16:28:17-0500</p><p><b>authoredOn</b>: 2023-10-06 13:28:17-0500</p><p><b>requester</b>: <a href=\"Practitioner-GeneralPractitionerExample.html\">Practitioner/GeneralPractitionerExample</a> &quot; SMITH&quot;</p><p><b>location</b>: <a href=\"Location-ProvidersLocationExample.html\">Location/ProvidersLocationExample</a> &quot;Name for the location&quot;</p></div>"
  },
  "status" : "completed",
  "intent" : "order",
  "priority" : "routine",
  "description" : "some information regarding the need for the investigations request, if any.",
  "focus" : {
    "reference" : "ServiceRequest/GeneralReferralServiceRequestExample"
  },
  "for" : {
    "reference" : "Patient/HHIMSPatientExample"
  },
  "encounter" : {
    "reference" : "Encounter/TargetFacilityEncounterExample"
  },
  "executionPeriod" : {
    "start" : "2023-10-06T13:28:17-05:00",
    "end" : "2023-10-09T16:28:17-05:00"
  },
  "authoredOn" : "2023-10-06T13:28:17-05:00",
  "requester" : {
    "reference" : "Practitioner/GeneralPractitionerExample"
  },
  "location" : {
    "reference" : "Location/ProvidersLocationExample"
  }
}