{"resourceType":"ImplementationGuide","id":"openhie.fhir.sri-lanka","text":{"status":"extensions","div":"<div xmlns=\"http://www.w3.org/1999/xhtml\"><h2>SriLanka</h2><p>The official URL for this implementation guide is: </p><pre>http://openhie.org/fhir/sri-lanka/ImplementationGuide/openhie.fhir.sri-lanka</pre><div><p>A FHIR Implementation Guide - Sri Lanka</p>\n</div></div>"},"url":"http://openhie.org/fhir/sri-lanka/ImplementationGuide/openhie.fhir.sri-lanka","version":"0.1.0","name":"SriLanka","title":"HL7 FHIR Implementation Guide: Sri Lanka","status":"active","date":"2023-10-05","publisher":"Jembi Health Systems","contact":[{"name":"Jembi Health Systems","telecom":[{"system":"url","value":"https://www.jembi.org"},{"system":"email","value":"info@jembi.org"}]},{"name":"Richard Langford","telecom":[{"system":"email","value":"richard.langford@jembi.org","use":"work"}]}],"description":"A FHIR Implementation Guide - Sri Lanka","jurisdiction":[{"coding":[{"system":"http://unstats.un.org/unsd/methods/m49/m49.htm","code":"001","display":"World"}]}],"packageId":"openhie.fhir.sri-lanka","license":"CC0-1.0","fhirVersion":["4.0.1"],"dependsOn":[{"id":"hl7tx","extension":[{"url":"http://hl7.org/fhir/tools/StructureDefinition/implementationguide-dependency-comment","valueMarkdown":"Automatically added as a dependency - all IGs depend on HL7 Terminology"}],"uri":"http://terminology.hl7.org/ImplementationGuide/hl7.terminology","packageId":"hl7.terminology.r4","version":"5.3.0"},{"id":"hl7ext","extension":[{"url":"http://hl7.org/fhir/tools/StructureDefinition/implementationguide-dependency-comment","valueMarkdown":"Automatically added as a dependency - all IGs depend on the HL7 Extension Pack"}],"uri":"http://hl7.org/fhir/extensions/ImplementationGuide/hl7.fhir.uv.extensions","packageId":"hl7.fhir.uv.extensions.r4","version":"1.0.0"}],"definition":{"extension":[{"extension":[{"url":"code","valueString":"copyrightyear"},{"url":"value","valueString":"2021+"}],"url":"http://hl7.org/fhir/tools/StructureDefinition/ig-parameter"},{"extension":[{"url":"code","valueString":"releaselabel"},{"url":"value","valueString":"STU1"}],"url":"http://hl7.org/fhir/tools/StructureDefinition/ig-parameter"},{"extension":[{"url":"code","valueString":"autoload-resources"},{"url":"value","valueString":"true"}],"url":"http://hl7.org/fhir/tools/StructureDefinition/ig-parameter"},{"extension":[{"url":"code","valueString":"path-liquid"},{"url":"value","valueString":"template/liquid"}],"url":"http://hl7.org/fhir/tools/StructureDefinition/ig-parameter"},{"extension":[{"url":"code","valueString":"path-liquid"},{"url":"value","valueString":"input/liquid"}],"url":"http://hl7.org/fhir/tools/StructureDefinition/ig-parameter"},{"extension":[{"url":"code","valueString":"path-qa"},{"url":"value","valueString":"temp/qa"}],"url":"http://hl7.org/fhir/tools/StructureDefinition/ig-parameter"},{"extension":[{"url":"code","valueString":"path-temp"},{"url":"value","valueString":"temp/pages"}],"url":"http://hl7.org/fhir/tools/StructureDefinition/ig-parameter"},{"extension":[{"url":"code","valueString":"path-output"},{"url":"value","valueString":"output"}],"url":"http://hl7.org/fhir/tools/StructureDefinition/ig-parameter"},{"extension":[{"url":"code","valueString":"path-suppressed-warnings"},{"url":"value","valueString":"input/ignoreWarnings.txt"}],"url":"http://hl7.org/fhir/tools/StructureDefinition/ig-parameter"},{"extension":[{"url":"code","valueString":"path-history"},{"url":"value","valueString":"http://openhie.org/fhir/sri-lanka/history.html"}],"url":"http://hl7.org/fhir/tools/StructureDefinition/ig-parameter"},{"extension":[{"url":"code","valueString":"template-html"},{"url":"value","valueString":"template-page.html"}],"url":"http://hl7.org/fhir/tools/StructureDefinition/ig-parameter"},{"extension":[{"url":"code","valueString":"template-md"},{"url":"value","valueString":"template-page-md.html"}],"url":"http://hl7.org/fhir/tools/StructureDefinition/ig-parameter"},{"extension":[{"url":"code","valueString":"apply-contact"},{"url":"value","valueString":"true"}],"url":"http://hl7.org/fhir/tools/StructureDefinition/ig-parameter"},{"extension":[{"url":"code","valueString":"apply-context"},{"url":"value","valueString":"true"}],"url":"http://hl7.org/fhir/tools/StructureDefinition/ig-parameter"},{"extension":[{"url":"code","valueString":"apply-copyright"},{"url":"value","valueString":"true"}],"url":"http://hl7.org/fhir/tools/StructureDefinition/ig-parameter"},{"extension":[{"url":"code","valueString":"apply-jurisdiction"},{"url":"value","valueString":"true"}],"url":"http://hl7.org/fhir/tools/StructureDefinition/ig-parameter"},{"extension":[{"url":"code","valueString":"apply-license"},{"url":"value","valueString":"true"}],"url":"http://hl7.org/fhir/tools/StructureDefinition/ig-parameter"},{"extension":[{"url":"code","valueString":"apply-publisher"},{"url":"value","valueString":"true"}],"url":"http://hl7.org/fhir/tools/StructureDefinition/ig-parameter"},{"extension":[{"url":"code","valueString":"apply-version"},{"url":"value","valueString":"true"}],"url":"http://hl7.org/fhir/tools/StructureDefinition/ig-parameter"},{"extension":[{"url":"code","valueString":"apply-wg"},{"url":"value","valueString":"true"}],"url":"http://hl7.org/fhir/tools/StructureDefinition/ig-parameter"},{"extension":[{"url":"code","valueString":"active-tables"},{"url":"value","valueString":"true"}],"url":"http://hl7.org/fhir/tools/StructureDefinition/ig-parameter"},{"extension":[{"url":"code","valueString":"fmm-definition"},{"url":"value","valueString":"http://hl7.org/fhir/versions.html#maturity"}],"url":"http://hl7.org/fhir/tools/StructureDefinition/ig-parameter"},{"extension":[{"url":"code","valueString":"propagate-status"},{"url":"value","valueString":"true"}],"url":"http://hl7.org/fhir/tools/StructureDefinition/ig-parameter"},{"extension":[{"url":"code","valueString":"excludelogbinaryformat"},{"url":"value","valueString":"true"}],"url":"http://hl7.org/fhir/tools/StructureDefinition/ig-parameter"},{"extension":[{"url":"code","valueString":"tabbed-snapshots"},{"url":"value","valueString":"true"}],"url":"http://hl7.org/fhir/tools/StructureDefinition/ig-parameter"},{"url":"http://hl7.org/fhir/tools/StructureDefinition/ig-internal-dependency","valueCode":"hl7.fhir.uv.tools#current"},{"extension":[{"url":"code","valueCode":"copyrightyear"},{"url":"value","valueString":"2021+"}],"url":"http://hl7.org/fhir/tools/StructureDefinition/ig-parameter"},{"extension":[{"url":"code","valueCode":"releaselabel"},{"url":"value","valueString":"STU1"}],"url":"http://hl7.org/fhir/tools/StructureDefinition/ig-parameter"},{"extension":[{"url":"code","valueCode":"autoload-resources"},{"url":"value","valueString":"true"}],"url":"http://hl7.org/fhir/tools/StructureDefinition/ig-parameter"},{"extension":[{"url":"code","valueCode":"path-liquid"},{"url":"value","valueString":"template/liquid"}],"url":"http://hl7.org/fhir/tools/StructureDefinition/ig-parameter"},{"extension":[{"url":"code","valueCode":"path-liquid"},{"url":"value","valueString":"input/liquid"}],"url":"http://hl7.org/fhir/tools/StructureDefinition/ig-parameter"},{"extension":[{"url":"code","valueCode":"path-qa"},{"url":"value","valueString":"temp/qa"}],"url":"http://hl7.org/fhir/tools/StructureDefinition/ig-parameter"},{"extension":[{"url":"code","valueCode":"path-temp"},{"url":"value","valueString":"temp/pages"}],"url":"http://hl7.org/fhir/tools/StructureDefinition/ig-parameter"},{"extension":[{"url":"code","valueCode":"path-output"},{"url":"value","valueString":"output"}],"url":"http://hl7.org/fhir/tools/StructureDefinition/ig-parameter"},{"extension":[{"url":"code","valueCode":"path-suppressed-warnings"},{"url":"value","valueString":"input/ignoreWarnings.txt"}],"url":"http://hl7.org/fhir/tools/StructureDefinition/ig-parameter"},{"extension":[{"url":"code","valueCode":"path-history"},{"url":"value","valueString":"http://openhie.org/fhir/sri-lanka/history.html"}],"url":"http://hl7.org/fhir/tools/StructureDefinition/ig-parameter"},{"extension":[{"url":"code","valueCode":"template-html"},{"url":"value","valueString":"template-page.html"}],"url":"http://hl7.org/fhir/tools/StructureDefinition/ig-parameter"},{"extension":[{"url":"code","valueCode":"template-md"},{"url":"value","valueString":"template-page-md.html"}],"url":"http://hl7.org/fhir/tools/StructureDefinition/ig-parameter"},{"extension":[{"url":"code","valueCode":"apply-contact"},{"url":"value","valueString":"true"}],"url":"http://hl7.org/fhir/tools/StructureDefinition/ig-parameter"},{"extension":[{"url":"code","valueCode":"apply-context"},{"url":"value","valueString":"true"}],"url":"http://hl7.org/fhir/tools/StructureDefinition/ig-parameter"},{"extension":[{"url":"code","valueCode":"apply-copyright"},{"url":"value","valueString":"true"}],"url":"http://hl7.org/fhir/tools/StructureDefinition/ig-parameter"},{"extension":[{"url":"code","valueCode":"apply-jurisdiction"},{"url":"value","valueString":"true"}],"url":"http://hl7.org/fhir/tools/StructureDefinition/ig-parameter"},{"extension":[{"url":"code","valueCode":"apply-license"},{"url":"value","valueString":"true"}],"url":"http://hl7.org/fhir/tools/StructureDefinition/ig-parameter"},{"extension":[{"url":"code","valueCode":"apply-publisher"},{"url":"value","valueString":"true"}],"url":"http://hl7.org/fhir/tools/StructureDefinition/ig-parameter"},{"extension":[{"url":"code","valueCode":"apply-version"},{"url":"value","valueString":"true"}],"url":"http://hl7.org/fhir/tools/StructureDefinition/ig-parameter"},{"extension":[{"url":"code","valueCode":"apply-wg"},{"url":"value","valueString":"true"}],"url":"http://hl7.org/fhir/tools/StructureDefinition/ig-parameter"},{"extension":[{"url":"code","valueCode":"active-tables"},{"url":"value","valueString":"true"}],"url":"http://hl7.org/fhir/tools/StructureDefinition/ig-parameter"},{"extension":[{"url":"code","valueCode":"fmm-definition"},{"url":"value","valueString":"http://hl7.org/fhir/versions.html#maturity"}],"url":"http://hl7.org/fhir/tools/StructureDefinition/ig-parameter"},{"extension":[{"url":"code","valueCode":"propagate-status"},{"url":"value","valueString":"true"}],"url":"http://hl7.org/fhir/tools/StructureDefinition/ig-parameter"},{"extension":[{"url":"code","valueCode":"excludelogbinaryformat"},{"url":"value","valueString":"true"}],"url":"http://hl7.org/fhir/tools/StructureDefinition/ig-parameter"},{"extension":[{"url":"code","valueCode":"tabbed-snapshots"},{"url":"value","valueString":"true"}],"url":"http://hl7.org/fhir/tools/StructureDefinition/ig-parameter"},{"extension":[{"url":"code","valueCode":"copyrightyear"},{"url":"value","valueString":"2021+"}],"url":"http://hl7.org/fhir/tools/StructureDefinition/ig-parameter"},{"extension":[{"url":"code","valueCode":"releaselabel"},{"url":"value","valueString":"STU1"}],"url":"http://hl7.org/fhir/tools/StructureDefinition/ig-parameter"},{"extension":[{"url":"code","valueCode":"autoload-resources"},{"url":"value","valueString":"true"}],"url":"http://hl7.org/fhir/tools/StructureDefinition/ig-parameter"},{"extension":[{"url":"code","valueCode":"path-liquid"},{"url":"value","valueString":"template/liquid"}],"url":"http://hl7.org/fhir/tools/StructureDefinition/ig-parameter"},{"extension":[{"url":"code","valueCode":"path-liquid"},{"url":"value","valueString":"input/liquid"}],"url":"http://hl7.org/fhir/tools/StructureDefinition/ig-parameter"},{"extension":[{"url":"code","valueCode":"path-qa"},{"url":"value","valueString":"temp/qa"}],"url":"http://hl7.org/fhir/tools/StructureDefinition/ig-parameter"},{"extension":[{"url":"code","valueCode":"path-temp"},{"url":"value","valueString":"temp/pages"}],"url":"http://hl7.org/fhir/tools/StructureDefinition/ig-parameter"},{"extension":[{"url":"code","valueCode":"path-output"},{"url":"value","valueString":"output"}],"url":"http://hl7.org/fhir/tools/StructureDefinition/ig-parameter"},{"extension":[{"url":"code","valueCode":"path-suppressed-warnings"},{"url":"value","valueString":"input/ignoreWarnings.txt"}],"url":"http://hl7.org/fhir/tools/StructureDefinition/ig-parameter"},{"extension":[{"url":"code","valueCode":"path-history"},{"url":"value","valueString":"http://openhie.org/fhir/sri-lanka/history.html"}],"url":"http://hl7.org/fhir/tools/StructureDefinition/ig-parameter"},{"extension":[{"url":"code","valueCode":"template-html"},{"url":"value","valueString":"template-page.html"}],"url":"http://hl7.org/fhir/tools/StructureDefinition/ig-parameter"},{"extension":[{"url":"code","valueCode":"template-md"},{"url":"value","valueString":"template-page-md.html"}],"url":"http://hl7.org/fhir/tools/StructureDefinition/ig-parameter"},{"extension":[{"url":"code","valueCode":"apply-contact"},{"url":"value","valueString":"true"}],"url":"http://hl7.org/fhir/tools/StructureDefinition/ig-parameter"},{"extension":[{"url":"code","valueCode":"apply-context"},{"url":"value","valueString":"true"}],"url":"http://hl7.org/fhir/tools/StructureDefinition/ig-parameter"},{"extension":[{"url":"code","valueCode":"apply-copyright"},{"url":"value","valueString":"true"}],"url":"http://hl7.org/fhir/tools/StructureDefinition/ig-parameter"},{"extension":[{"url":"code","valueCode":"apply-jurisdiction"},{"url":"value","valueString":"true"}],"url":"http://hl7.org/fhir/tools/StructureDefinition/ig-parameter"},{"extension":[{"url":"code","valueCode":"apply-license"},{"url":"value","valueString":"true"}],"url":"http://hl7.org/fhir/tools/StructureDefinition/ig-parameter"},{"extension":[{"url":"code","valueCode":"apply-publisher"},{"url":"value","valueString":"true"}],"url":"http://hl7.org/fhir/tools/StructureDefinition/ig-parameter"},{"extension":[{"url":"code","valueCode":"apply-version"},{"url":"value","valueString":"true"}],"url":"http://hl7.org/fhir/tools/StructureDefinition/ig-parameter"},{"extension":[{"url":"code","valueCode":"apply-wg"},{"url":"value","valueString":"true"}],"url":"http://hl7.org/fhir/tools/StructureDefinition/ig-parameter"},{"extension":[{"url":"code","valueCode":"active-tables"},{"url":"value","valueString":"true"}],"url":"http://hl7.org/fhir/tools/StructureDefinition/ig-parameter"},{"extension":[{"url":"code","valueCode":"fmm-definition"},{"url":"value","valueString":"http://hl7.org/fhir/versions.html#maturity"}],"url":"http://hl7.org/fhir/tools/StructureDefinition/ig-parameter"},{"extension":[{"url":"code","valueCode":"propagate-status"},{"url":"value","valueString":"true"}],"url":"http://hl7.org/fhir/tools/StructureDefinition/ig-parameter"},{"extension":[{"url":"code","valueCode":"excludelogbinaryformat"},{"url":"value","valueString":"true"}],"url":"http://hl7.org/fhir/tools/StructureDefinition/ig-parameter"},{"extension":[{"url":"code","valueCode":"tabbed-snapshots"},{"url":"value","valueString":"true"}],"url":"http://hl7.org/fhir/tools/StructureDefinition/ig-parameter"}],"grouping":[{"id":"-str-profile","name":"Structures: Resource Profiles","description":"These define constraints on FHIR resources for systems conforming to this implementation guide."},{"id":"-term-valueset","name":"Terminology: Value Sets","description":"These define sets of codes used by systems conforming to this implementation guide."},{"id":"-term-codesystem","name":"Terminology: Code Systems","description":"These define new code systems used by systems conforming to this implementation guide."},{"id":"-ex-example","name":"Example: Example Instances","description":"These are example instances that show what data produced and consumed by systems conforming with this implementation guide might look like."}],"resource":[{"extension":[{"url":"http://hl7.org/fhir/tools/StructureDefinition/resource-sort","valueInteger":999999999},{"url":"http://hl7.org/fhir/StructureDefinition/implementationguide-page","valueUri":"StructureDefinition-allergy-intolerance.html"}],"reference":{"reference":"StructureDefinition/allergy-intolerance"},"name":"Allergy Intolerance","description":"Used to represent the patient's allergies.","exampleBoolean":false,"groupingId":"-str-profile"},{"extension":[{"url":"http://hl7.org/fhir/tools/StructureDefinition/resource-sort","valueInteger":999999999},{"url":"http://hl7.org/fhir/StructureDefinition/implementationguide-page","valueUri":"StructureDefinition-blood-pressure.html"}],"reference":{"reference":"StructureDefinition/blood-pressure"},"name":"Blood Pressure Observation","description":"Represents the patient's blood pressure.","exampleBoolean":false,"groupingId":"-str-profile"},{"extension":[{"url":"http://hl7.org/fhir/tools/StructureDefinition/resource-sort","valueInteger":999999999},{"url":"http://hl7.org/fhir/StructureDefinition/implementationguide-page","valueUri":"StructureDefinition-cvd-risk-category.html"}],"reference":{"reference":"StructureDefinition/cvd-risk-category"},"name":"Cardiovascular Risk Assessment","description":"Represents the patient's CVD risk score.","exampleBoolean":false,"groupingId":"-str-profile"},{"extension":[{"url":"http://hl7.org/fhir/tools/StructureDefinition/resource-sort","valueInteger":999999999},{"url":"http://hl7.org/fhir/StructureDefinition/implementationguide-page","valueUri":"StructureDefinition-drug-dispensation.html"}],"reference":{"reference":"StructureDefinition/drug-dispensation"},"name":"Drug Dispensation","description":"Used to represent dispensed medication for a patient.","exampleBoolean":false,"groupingId":"-str-profile"},{"extension":[{"url":"http://hl7.org/fhir/tools/StructureDefinition/resource-sort","valueInteger":999999999},{"url":"http://hl7.org/fhir/StructureDefinition/implementationguide-page","valueUri":"StructureDefinition-fasting-blood-sugar.html"}],"reference":{"reference":"StructureDefinition/fasting-blood-sugar"},"name":"Fasting Blood Sugar Observation","description":"Represents the patient's FBS results.","exampleBoolean":false,"groupingId":"-str-profile"},{"extension":[{"url":"http://hl7.org/fhir/tools/StructureDefinition/resource-sort","valueInteger":999999999},{"url":"http://hl7.org/fhir/StructureDefinition/implementationguide-page","valueUri":"StructureDefinition-follow-up-at-hlc.html"}],"reference":{"reference":"StructureDefinition/follow-up-at-hlc"},"name":"Follow-up at HLC","description":"Used to record the follow-up event for the patient at HLC.","exampleBoolean":false,"groupingId":"-str-profile"},{"extension":[{"url":"http://hl7.org/fhir/tools/StructureDefinition/resource-sort","valueInteger":999999999},{"url":"http://hl7.org/fhir/StructureDefinition/implementationguide-page","valueUri":"StructureDefinition-general-referral-request.html"}],"reference":{"reference":"StructureDefinition/general-referral-request"},"name":"General Referral Request","description":"Used to initiate a request for a referral.","exampleBoolean":false,"groupingId":"-str-profile"},{"extension":[{"url":"http://hl7.org/fhir/tools/StructureDefinition/resource-sort","valueInteger":999999999},{"url":"http://hl7.org/fhir/StructureDefinition/implementationguide-page","valueUri":"StructureDefinition-generic-observation.html"}],"reference":{"reference":"StructureDefinition/generic-observation"},"name":"Generic Observation","description":"Base Observation elements that are inherited by other Observations resources.","exampleBoolean":false,"groupingId":"-str-profile"},{"extension":[{"url":"http://hl7.org/fhir/tools/StructureDefinition/resource-sort","valueInteger":999999999},{"url":"http://hl7.org/fhir/StructureDefinition/implementationguide-page","valueUri":"StructureDefinition-generic-service-request.html"}],"reference":{"reference":"StructureDefinition/generic-service-request"},"name":"Generic Service Request","description":"Base ServiceRequest elements that are inherited by other ServiceRequest resources.","exampleBoolean":false,"groupingId":"-str-profile"},{"extension":[{"url":"http://hl7.org/fhir/tools/StructureDefinition/resource-sort","valueInteger":999999999},{"url":"http://hl7.org/fhir/StructureDefinition/implementationguide-page","valueUri":"StructureDefinition-generic-task.html"}],"reference":{"reference":"StructureDefinition/generic-task"},"name":"Generic Task","description":"Base Task elements that are inherited by other Task resources.","exampleBoolean":false,"groupingId":"-str-profile"},{"extension":[{"url":"http://hl7.org/fhir/tools/StructureDefinition/resource-sort","valueInteger":999999999},{"url":"http://hl7.org/fhir/StructureDefinition/implementationguide-page","valueUri":"StructureDefinition-hhims-patient.html"}],"reference":{"reference":"StructureDefinition/hhims-patient"},"name":"HHIMS Patient","description":"Is used to document demographics and other administrative information about an HHIMS individual receiving care or other health-related services.","exampleBoolean":false,"groupingId":"-str-profile"},{"extension":[{"url":"http://hl7.org/fhir/tools/StructureDefinition/resource-sort","valueInteger":999999999},{"url":"http://hl7.org/fhir/StructureDefinition/implementationguide-page","valueUri":"StructureDefinition-hims-composition.html"}],"reference":{"reference":"StructureDefinition/hims-composition"},"name":"HIMS Composition","description":"Logically groups all resources into a single document structure.","exampleBoolean":false,"groupingId":"-str-profile"},{"extension":[{"url":"http://hl7.org/fhir/tools/StructureDefinition/resource-sort","valueInteger":999999999},{"url":"http://hl7.org/fhir/StructureDefinition/implementationguide-page","valueUri":"StructureDefinition-hims-patient.html"}],"reference":{"reference":"StructureDefinition/hims-patient"},"name":"HIMS Patient","description":"Is used to document demographics and other administrative information about an individual receiving care or other health-related services. \n    In addition to the profiled data elements, this profile includes all data elements from the HHIMS Patient profile.","exampleBoolean":false,"groupingId":"-str-profile"},{"extension":[{"url":"http://hl7.org/fhir/tools/StructureDefinition/resource-sort","valueInteger":999999999},{"url":"http://hl7.org/fhir/StructureDefinition/implementationguide-page","valueUri":"StructureDefinition-imaging-request.html"}],"reference":{"reference":"StructureDefinition/imaging-request"},"name":"Imaging Request","description":"Used to initiate the request for imaging to be done.","exampleBoolean":false,"groupingId":"-str-profile"},{"extension":[{"url":"http://hl7.org/fhir/tools/StructureDefinition/resource-sort","valueInteger":999999999},{"url":"http://hl7.org/fhir/StructureDefinition/implementationguide-page","valueUri":"StructureDefinition-imaging-study.html"}],"reference":{"reference":"StructureDefinition/imaging-study"},"name":"Imaging Study","description":"Used to represent the content or results of a imaging study.","exampleBoolean":false,"groupingId":"-str-profile"},{"extension":[{"url":"http://hl7.org/fhir/tools/StructureDefinition/resource-sort","valueInteger":999999999},{"url":"http://hl7.org/fhir/StructureDefinition/implementationguide-page","valueUri":"StructureDefinition-imaging-task.html"}],"reference":{"reference":"StructureDefinition/imaging-task"},"name":"Imaging Task","description":"Is primarily used to track the progress of an imaging request.","exampleBoolean":false,"groupingId":"-str-profile"},{"extension":[{"url":"http://hl7.org/fhir/tools/StructureDefinition/resource-sort","valueInteger":999999999},{"url":"http://hl7.org/fhir/StructureDefinition/implementationguide-page","valueUri":"StructureDefinition-injection.html"}],"reference":{"reference":"StructureDefinition/injection"},"name":"Injections","description":"Used to represent medication that is administered intravenously.","exampleBoolean":false,"groupingId":"-str-profile"},{"extension":[{"url":"http://hl7.org/fhir/tools/StructureDefinition/resource-sort","valueInteger":999999999},{"url":"http://hl7.org/fhir/StructureDefinition/implementationguide-page","valueUri":"StructureDefinition-investigations-request.html"}],"reference":{"reference":"StructureDefinition/investigations-request"},"name":"Investigations Request","description":"Used to initiate a request for an investigation.","exampleBoolean":false,"groupingId":"-str-profile"},{"extension":[{"url":"http://hl7.org/fhir/tools/StructureDefinition/resource-sort","valueInteger":999999999},{"url":"http://hl7.org/fhir/StructureDefinition/implementationguide-page","valueUri":"StructureDefinition-investigations-task.html"}],"reference":{"reference":"StructureDefinition/investigations-task"},"name":"Investigations Task","description":"Is primarily used to track the progress of an investigations request.","exampleBoolean":false,"groupingId":"-str-profile"},{"extension":[{"url":"http://hl7.org/fhir/tools/StructureDefinition/resource-sort","valueInteger":999999999},{"url":"http://hl7.org/fhir/StructureDefinition/implementationguide-page","valueUri":"StructureDefinition-medical-history.html"}],"reference":{"reference":"StructureDefinition/medical-history"},"name":"Medical History","description":"Represents previous, pre-existing and new conditions.","exampleBoolean":false,"groupingId":"-str-profile"},{"extension":[{"url":"http://hl7.org/fhir/tools/StructureDefinition/resource-sort","valueInteger":999999999},{"url":"http://hl7.org/fhir/StructureDefinition/implementationguide-page","valueUri":"StructureDefinition-notifiable-diseases-notified.html"}],"reference":{"reference":"StructureDefinition/notifiable-diseases-notified"},"name":"Notifiable Diseases Notified","description":"Represents a message communicated to the practitioner about a patient's encounter.","exampleBoolean":false,"groupingId":"-str-profile"},{"extension":[{"url":"http://hl7.org/fhir/tools/StructureDefinition/resource-sort","valueInteger":999999999},{"url":"http://hl7.org/fhir/StructureDefinition/implementationguide-page","valueUri":"StructureDefinition-organization.html"}],"reference":{"reference":"StructureDefinition/organization"},"name":"Organization","description":"Organization providing health related services.","exampleBoolean":false,"groupingId":"-str-profile"},{"extension":[{"url":"http://hl7.org/fhir/tools/StructureDefinition/resource-sort","valueInteger":999999999},{"url":"http://hl7.org/fhir/StructureDefinition/implementationguide-page","valueUri":"StructureDefinition-bmi.html"}],"reference":{"reference":"StructureDefinition/bmi"},"name":"Patient BMI Observation","description":"Represents the patient's BMI.","exampleBoolean":false,"groupingId":"-str-profile"},{"extension":[{"url":"http://hl7.org/fhir/tools/StructureDefinition/resource-sort","valueInteger":999999999},{"url":"http://hl7.org/fhir/StructureDefinition/implementationguide-page","valueUri":"StructureDefinition-height.html"}],"reference":{"reference":"StructureDefinition/height"},"name":"Patient Height Observation","description":"Represents the patient's height.","exampleBoolean":false,"groupingId":"-str-profile"},{"extension":[{"url":"http://hl7.org/fhir/tools/StructureDefinition/resource-sort","valueInteger":999999999},{"url":"http://hl7.org/fhir/StructureDefinition/implementationguide-page","valueUri":"StructureDefinition-weight.html"}],"reference":{"reference":"StructureDefinition/weight"},"name":"Patient Weight Observation","description":"Represents the patient's weight.","exampleBoolean":false,"groupingId":"-str-profile"},{"extension":[{"url":"http://hl7.org/fhir/tools/StructureDefinition/resource-sort","valueInteger":999999999},{"url":"http://hl7.org/fhir/StructureDefinition/implementationguide-page","valueUri":"StructureDefinition-risk-behaviour-physical-activity.html"}],"reference":{"reference":"StructureDefinition/risk-behaviour-physical-activity"},"name":"Physical Activity Status Observation","description":"Represents the physical status of the patient.","exampleBoolean":false,"groupingId":"-str-profile"},{"extension":[{"url":"http://hl7.org/fhir/tools/StructureDefinition/resource-sort","valueInteger":999999999},{"url":"http://hl7.org/fhir/StructureDefinition/implementationguide-page","valueUri":"StructureDefinition-practitioner.html"}],"reference":{"reference":"StructureDefinition/practitioner"},"name":"Practitioner","description":"Represents the practitioners who participated in the observation.","exampleBoolean":false,"groupingId":"-str-profile"},{"extension":[{"url":"http://hl7.org/fhir/tools/StructureDefinition/resource-sort","valueInteger":999999999},{"url":"http://hl7.org/fhir/StructureDefinition/implementationguide-page","valueUri":"StructureDefinition-medication-request.html"}],"reference":{"reference":"StructureDefinition/medication-request"},"name":"Prescription Request","description":"This is to record a patient's medication prescription request","exampleBoolean":false,"groupingId":"-str-profile"},{"extension":[{"url":"http://hl7.org/fhir/tools/StructureDefinition/resource-sort","valueInteger":999999999},{"url":"http://hl7.org/fhir/StructureDefinition/implementationguide-page","valueUri":"StructureDefinition-procedure.html"}],"reference":{"reference":"StructureDefinition/procedure"},"name":"Procedures","description":"This represents the procedure that was performed on a patient.","exampleBoolean":false,"groupingId":"-str-profile"},{"extension":[{"url":"http://hl7.org/fhir/tools/StructureDefinition/resource-sort","valueInteger":999999999},{"url":"http://hl7.org/fhir/StructureDefinition/implementationguide-page","valueUri":"StructureDefinition-providers-location.html"}],"reference":{"reference":"StructureDefinition/providers-location"},"name":"Providers Location","description":"Represents the physical location of the provider.","exampleBoolean":false,"groupingId":"-str-profile"},{"extension":[{"url":"http://hl7.org/fhir/tools/StructureDefinition/resource-sort","valueInteger":999999999},{"url":"http://hl7.org/fhir/StructureDefinition/implementationguide-page","valueUri":"StructureDefinition-random-blood-sugar.html"}],"reference":{"reference":"StructureDefinition/random-blood-sugar"},"name":"Random Blood Sugar Observation","description":"Represents the patient's RBS results.","exampleBoolean":false,"groupingId":"-str-profile"},{"extension":[{"url":"http://hl7.org/fhir/tools/StructureDefinition/resource-sort","valueInteger":999999999},{"url":"http://hl7.org/fhir/StructureDefinition/implementationguide-page","valueUri":"StructureDefinition-follow-up-plan.html"}],"reference":{"reference":"StructureDefinition/follow-up-plan"},"name":"Referral Request For Follow-up Plan","description":"Used to initiate a referral request for a Follow-up Plan.","exampleBoolean":false,"groupingId":"-str-profile"},{"extension":[{"url":"http://hl7.org/fhir/tools/StructureDefinition/resource-sort","valueInteger":999999999},{"url":"http://hl7.org/fhir/StructureDefinition/implementationguide-page","valueUri":"StructureDefinition-referral-task.html"}],"reference":{"reference":"StructureDefinition/referral-task"},"name":"Referral Task","description":"Is primarily used to track the progress of a patient's referral.","exampleBoolean":false,"groupingId":"-str-profile"},{"extension":[{"url":"http://hl7.org/fhir/tools/StructureDefinition/resource-sort","valueInteger":999999999},{"url":"http://hl7.org/fhir/StructureDefinition/implementationguide-page","valueUri":"StructureDefinition-target-facility-encounter.html"}],"reference":{"reference":"StructureDefinition/target-facility-encounter"},"name":"Target Facility Encounter","description":"Represents the current facility at which the patient is receiving health services.","exampleBoolean":false,"groupingId":"-str-profile"},{"extension":[{"url":"http://hl7.org/fhir/tools/StructureDefinition/resource-sort","valueInteger":999999999},{"url":"http://hl7.org/fhir/StructureDefinition/implementationguide-page","valueUri":"StructureDefinition-risk-behaviour-tobacco-smoker.html"}],"reference":{"reference":"StructureDefinition/risk-behaviour-tobacco-smoker"},"name":"Tobacco Smoker Observation","description":"Represents the tobacco smoking status of the patient.","exampleBoolean":false,"groupingId":"-str-profile"},{"extension":[{"url":"http://hl7.org/fhir/tools/StructureDefinition/resource-sort","valueInteger":999999999},{"url":"http://hl7.org/fhir/StructureDefinition/implementationguide-page","valueUri":"StructureDefinition-total-cholesterol.html"}],"reference":{"reference":"StructureDefinition/total-cholesterol"},"name":"Total Cholesterol Observation","description":"Represents the patient's total cholesterol results.","exampleBoolean":false,"groupingId":"-str-profile"},{"extension":[{"url":"http://hl7.org/fhir/tools/StructureDefinition/resource-sort","valueInteger":999999999},{"url":"http://hl7.org/fhir/StructureDefinition/implementationguide-page","valueUri":"ValueSet-vs-allergies.html"}],"reference":{"reference":"ValueSet/vs-allergies"},"name":"Allergies","description":"Allergies","exampleBoolean":false,"groupingId":"-term-valueset"},{"extension":[{"url":"http://hl7.org/fhir/tools/StructureDefinition/resource-sort","valueInteger":999999999},{"url":"http://hl7.org/fhir/StructureDefinition/implementationguide-page","valueUri":"ValueSet-vs-cvd-risk-category.html"}],"reference":{"reference":"ValueSet/vs-cvd-risk-category"},"name":"Cardiovascular Risk Categories","description":"Cardiovascular risk is expressed as a percentage","exampleBoolean":false,"groupingId":"-term-valueset"},{"extension":[{"url":"http://hl7.org/fhir/tools/StructureDefinition/resource-sort","valueInteger":999999999},{"url":"http://hl7.org/fhir/StructureDefinition/implementationguide-page","valueUri":"ValueSet-vs-medical-conditions.html"}],"reference":{"reference":"ValueSet/vs-medical-conditions"},"name":"Conditions","description":"Represents previous, pre-existing and new conditions.","exampleBoolean":false,"groupingId":"-term-valueset"},{"extension":[{"url":"http://hl7.org/fhir/tools/StructureDefinition/resource-sort","valueInteger":999999999},{"url":"http://hl7.org/fhir/StructureDefinition/implementationguide-page","valueUri":"ValueSet-vs-follow-up-reasons.html"}],"reference":{"reference":"ValueSet/vs-follow-up-reasons"},"name":"Follow up at HLC","description":"Follow up at Healthy Lifestyle Center","exampleBoolean":false,"groupingId":"-term-valueset"},{"extension":[{"url":"http://hl7.org/fhir/tools/StructureDefinition/resource-sort","valueInteger":999999999},{"url":"http://hl7.org/fhir/StructureDefinition/implementationguide-page","valueUri":"ValueSet-vs-follow-up-plan.html"}],"reference":{"reference":"ValueSet/vs-follow-up-plan"},"name":"Follow-up plan","description":"Follow-up plan","exampleBoolean":false,"groupingId":"-term-valueset"},{"extension":[{"url":"http://hl7.org/fhir/tools/StructureDefinition/resource-sort","valueInteger":999999999},{"url":"http://hl7.org/fhir/StructureDefinition/implementationguide-page","valueUri":"ValueSet-vs-investigation.html"}],"reference":{"reference":"ValueSet/vs-investigation"},"name":"Investigations","description":"Investigations","exampleBoolean":false,"groupingId":"-term-valueset"},{"extension":[{"url":"http://hl7.org/fhir/tools/StructureDefinition/resource-sort","valueInteger":999999999},{"url":"http://hl7.org/fhir/StructureDefinition/implementationguide-page","valueUri":"ValueSet-vs-medication-name.html"}],"reference":{"reference":"ValueSet/vs-medication-name"},"name":"Medication Names","description":"Medication Names","exampleBoolean":false,"groupingId":"-term-valueset"},{"extension":[{"url":"http://hl7.org/fhir/tools/StructureDefinition/resource-sort","valueInteger":999999999},{"url":"http://hl7.org/fhir/StructureDefinition/implementationguide-page","valueUri":"ValueSet-vs-risk-behaviour-physical-activity.html"}],"reference":{"reference":"ValueSet/vs-risk-behaviour-physical-activity"},"name":"Physical Activity","description":"Physical Activity Status","exampleBoolean":false,"groupingId":"-term-valueset"},{"extension":[{"url":"http://hl7.org/fhir/tools/StructureDefinition/resource-sort","valueInteger":999999999},{"url":"http://hl7.org/fhir/StructureDefinition/implementationguide-page","valueUri":"ValueSet-vs-procedure.html"}],"reference":{"reference":"ValueSet/vs-procedure"},"name":"Procedures","description":"Other Procedures","exampleBoolean":false,"groupingId":"-term-valueset"},{"extension":[{"url":"http://hl7.org/fhir/tools/StructureDefinition/resource-sort","valueInteger":999999999},{"url":"http://hl7.org/fhir/StructureDefinition/implementationguide-page","valueUri":"ValueSet-vs-procedure-imaging.html"}],"reference":{"reference":"ValueSet/vs-procedure-imaging"},"name":"Procedures","description":"Imaging Procedures","exampleBoolean":false,"groupingId":"-term-valueset"},{"extension":[{"url":"http://hl7.org/fhir/tools/StructureDefinition/resource-sort","valueInteger":999999999},{"url":"http://hl7.org/fhir/StructureDefinition/implementationguide-page","valueUri":"ValueSet-vs-reason-for-encounter.html"}],"reference":{"reference":"ValueSet/vs-reason-for-encounter"},"name":"Reason For Encounter","description":"Encounter reasons.","exampleBoolean":false,"groupingId":"-term-valueset"},{"extension":[{"url":"http://hl7.org/fhir/tools/StructureDefinition/resource-sort","valueInteger":999999999},{"url":"http://hl7.org/fhir/StructureDefinition/implementationguide-page","valueUri":"ValueSet-vs-risk-behaviour-tobacco-smoker.html"}],"reference":{"reference":"ValueSet/vs-risk-behaviour-tobacco-smoker"},"name":"Tobacco Smoker","description":"Tobacco Smoker Status","exampleBoolean":false,"groupingId":"-term-valueset"},{"extension":[{"url":"http://hl7.org/fhir/tools/StructureDefinition/resource-sort","valueInteger":999999999},{"url":"http://hl7.org/fhir/StructureDefinition/implementationguide-page","valueUri":"CodeSystem-cs-cvd-risk-category.html"}],"reference":{"reference":"CodeSystem/cs-cvd-risk-category"},"name":"Cardiovascular Risk Categories","description":"Cardiovascular risk is expressed as a percentage","exampleBoolean":false,"groupingId":"-term-codesystem"},{"extension":[{"url":"http://hl7.org/fhir/tools/StructureDefinition/resource-sort","valueInteger":999999999},{"url":"http://hl7.org/fhir/StructureDefinition/implementationguide-page","valueUri":"CodeSystem-cs-follow-up-reasons.html"}],"reference":{"reference":"CodeSystem/cs-follow-up-reasons"},"name":"Follow up at HLC","description":"Follow up at Healthy Lifestyle Center","exampleBoolean":false,"groupingId":"-term-codesystem"},{"extension":[{"url":"http://hl7.org/fhir/tools/StructureDefinition/resource-sort","valueInteger":999999999},{"url":"http://hl7.org/fhir/StructureDefinition/implementationguide-page","valueUri":"CodeSystem-cs-investigation.html"}],"reference":{"reference":"CodeSystem/cs-investigation"},"name":"Investigations","description":"Investigations","exampleBoolean":false,"groupingId":"-term-codesystem"},{"extension":[{"url":"http://hl7.org/fhir/tools/StructureDefinition/resource-sort","valueInteger":999999999},{"url":"http://hl7.org/fhir/StructureDefinition/implementationguide-page","valueUri":"CodeSystem-cs-medication-name.html"}],"reference":{"reference":"CodeSystem/cs-medication-name"},"name":"Medication Names","description":"Medication Names","exampleBoolean":false,"groupingId":"-term-codesystem"},{"extension":[{"url":"http://hl7.org/fhir/tools/StructureDefinition/resource-sort","valueInteger":999999999},{"url":"http://hl7.org/fhir/StructureDefinition/implementationguide-page","valueUri":"CodeSystem-cs-identifier-types.html"}],"reference":{"reference":"CodeSystem/cs-identifier-types"},"name":"Patient Business Identifier Types","description":"Patient Business Identifier Types","exampleBoolean":false,"groupingId":"-term-codesystem"},{"extension":[{"url":"http://hl7.org/fhir/tools/StructureDefinition/resource-sort","valueInteger":999999999},{"url":"http://hl7.org/fhir/StructureDefinition/implementationguide-page","valueUri":"CodeSystem-cs-procedure.html"}],"reference":{"reference":"CodeSystem/cs-procedure"},"name":"Procedures","description":"Other Procedures","exampleBoolean":false,"groupingId":"-term-codesystem"},{"extension":[{"url":"http://hl7.org/fhir/tools/StructureDefinition/resource-sort","valueInteger":999999999},{"url":"http://hl7.org/fhir/StructureDefinition/implementationguide-page","valueUri":"CodeSystem-cs-procedure-imaging.html"}],"reference":{"reference":"CodeSystem/cs-procedure-imaging"},"name":"Procedures","description":"Imaging Procedures","exampleBoolean":false,"groupingId":"-term-codesystem"},{"extension":[{"url":"http://hl7.org/fhir/tools/StructureDefinition/resource-sort","valueInteger":999999999},{"url":"http://hl7.org/fhir/StructureDefinition/implementationguide-page","valueUri":"CodeSystem-cs-reason-for-encounter.html"}],"reference":{"reference":"CodeSystem/cs-reason-for-encounter"},"name":"Reason For Encounter","description":"Encounter reasons.","exampleBoolean":false,"groupingId":"-term-codesystem"},{"extension":[{"url":"http://hl7.org/fhir/tools/StructureDefinition/resource-sort","valueInteger":999999999},{"url":"http://hl7.org/fhir/StructureDefinition/implementationguide-page","valueUri":"AllergyIntolerance-AllergiesExample.html"}],"reference":{"reference":"AllergyIntolerance/AllergiesExample"},"name":"Allergy Intolerance","description":"Example where a code is used to represent an allergy","exampleCanonical":"http://openhie.org/fhir/sri-lanka/StructureDefinition/allergy-intolerance","groupingId":"-ex-example"},{"extension":[{"url":"http://hl7.org/fhir/tools/StructureDefinition/resource-sort","valueInteger":999999999},{"url":"http://hl7.org/fhir/StructureDefinition/implementationguide-page","valueUri":"AllergyIntolerance-AllergiesNoCodeExample.html"}],"reference":{"reference":"AllergyIntolerance/AllergiesNoCodeExample"},"name":"Allergy Intolerance","description":"Example where only a text value is used to represent an allergy","exampleCanonical":"http://openhie.org/fhir/sri-lanka/StructureDefinition/allergy-intolerance","groupingId":"-ex-example"},{"extension":[{"url":"http://hl7.org/fhir/tools/StructureDefinition/resource-sort","valueInteger":999999999},{"url":"http://hl7.org/fhir/StructureDefinition/implementationguide-page","valueUri":"Observation-BloodPressureExample.html"}],"reference":{"reference":"Observation/BloodPressureExample"},"name":"Blood Pressure Observation","description":"Represents the Systolic and Diastolic blood pressure for the patient.","exampleCanonical":"http://openhie.org/fhir/sri-lanka/StructureDefinition/blood-pressure","groupingId":"-ex-example"},{"extension":[{"url":"http://hl7.org/fhir/tools/StructureDefinition/resource-sort","valueInteger":999999999},{"url":"http://hl7.org/fhir/StructureDefinition/implementationguide-page","valueUri":"RiskAssessment-CVDRiskCategoryExample.html"}],"reference":{"reference":"RiskAssessment/CVDRiskCategoryExample"},"name":"Cardiovascular Risk Assessment","description":"Represents the patient's CVD risk score.","exampleCanonical":"http://openhie.org/fhir/sri-lanka/StructureDefinition/cvd-risk-category","groupingId":"-ex-example"},{"extension":[{"url":"http://hl7.org/fhir/tools/StructureDefinition/resource-sort","valueInteger":999999999},{"url":"http://hl7.org/fhir/StructureDefinition/implementationguide-page","valueUri":"MedicationDispense-DrugDispensationExample.html"}],"reference":{"reference":"MedicationDispense/DrugDispensationExample"},"name":"Drug Dispensation","description":"Used to represent dispensed medication for a patient.","exampleCanonical":"http://openhie.org/fhir/sri-lanka/StructureDefinition/drug-dispensation","groupingId":"-ex-example"},{"extension":[{"url":"http://hl7.org/fhir/tools/StructureDefinition/resource-sort","valueInteger":999999999},{"url":"http://hl7.org/fhir/StructureDefinition/implementationguide-page","valueUri":"Observation-FastingBloodSugarExample.html"}],"reference":{"reference":"Observation/FastingBloodSugarExample"},"name":"Fasting Blood Sugar Observation","description":"Represents the patient's FBS results.","exampleCanonical":"http://openhie.org/fhir/sri-lanka/StructureDefinition/fasting-blood-sugar","groupingId":"-ex-example"},{"extension":[{"url":"http://hl7.org/fhir/tools/StructureDefinition/resource-sort","valueInteger":999999999},{"url":"http://hl7.org/fhir/StructureDefinition/implementationguide-page","valueUri":"CarePlan-FollowUpAtHLCExample.html"}],"reference":{"reference":"CarePlan/FollowUpAtHLCExample"},"name":"Follow-up at HLC","description":"Used to record the follow-up event for the patient at HLC.","exampleCanonical":"http://openhie.org/fhir/sri-lanka/StructureDefinition/follow-up-at-hlc","groupingId":"-ex-example"},{"extension":[{"url":"http://hl7.org/fhir/tools/StructureDefinition/resource-sort","valueInteger":999999999},{"url":"http://hl7.org/fhir/StructureDefinition/implementationguide-page","valueUri":"ServiceRequest-GeneralReferralServiceRequestExample.html"}],"reference":{"reference":"ServiceRequest/GeneralReferralServiceRequestExample"},"name":"General Referral Request","description":"Used to initiate a request for a referral.","exampleCanonical":"http://openhie.org/fhir/sri-lanka/StructureDefinition/general-referral-request","groupingId":"-ex-example"},{"extension":[{"url":"http://hl7.org/fhir/tools/StructureDefinition/resource-sort","valueInteger":999999999},{"url":"http://hl7.org/fhir/StructureDefinition/implementationguide-page","valueUri":"Observation-GenericObservationExample.html"}],"reference":{"reference":"Observation/GenericObservationExample"},"name":"Generic Observation","description":"Base Observation elements that are inherited by other Observations resources.","exampleCanonical":"http://openhie.org/fhir/sri-lanka/StructureDefinition/generic-observation","groupingId":"-ex-example"},{"extension":[{"url":"http://hl7.org/fhir/tools/StructureDefinition/resource-sort","valueInteger":999999999},{"url":"http://hl7.org/fhir/StructureDefinition/implementationguide-page","valueUri":"ServiceRequest-GenericServiceRequestExample.html"}],"reference":{"reference":"ServiceRequest/GenericServiceRequestExample"},"name":"Generic Service Request","description":"Base ServiceRequest elements that are inherited by other ServiceRequest resources.","exampleCanonical":"http://openhie.org/fhir/sri-lanka/StructureDefinition/generic-service-request","groupingId":"-ex-example"},{"extension":[{"url":"http://hl7.org/fhir/tools/StructureDefinition/resource-sort","valueInteger":999999999},{"url":"http://hl7.org/fhir/StructureDefinition/implementationguide-page","valueUri":"Task-GenericTaskExample.html"}],"reference":{"reference":"Task/GenericTaskExample"},"name":"Generic Task","description":"Base Task elements that are inherited by other Task resources.","exampleCanonical":"http://openhie.org/fhir/sri-lanka/StructureDefinition/generic-task","groupingId":"-ex-example"},{"extension":[{"url":"http://hl7.org/fhir/tools/StructureDefinition/resource-sort","valueInteger":999999999},{"url":"http://hl7.org/fhir/StructureDefinition/implementationguide-page","valueUri":"Bundle-HHIMS-Transactional-Bundle.html"}],"reference":{"reference":"Bundle/HHIMS-Transactional-Bundle"},"name":"HHIMS FULL Transactional Bundle","description":"HHIMS FULL Transactional Bundle","exampleBoolean":true,"groupingId":"-ex-example"},{"extension":[{"url":"http://hl7.org/fhir/tools/StructureDefinition/resource-sort","valueInteger":999999999},{"url":"http://hl7.org/fhir/StructureDefinition/implementationguide-page","valueUri":"Patient-HHIMSPatientExample.html"}],"reference":{"reference":"Patient/HHIMSPatientExample"},"name":"HHIMS Patient","description":"Is used to document demographics and other administrative information about an HHIMS individual receiving care or other health-related services.","exampleCanonical":"http://openhie.org/fhir/sri-lanka/StructureDefinition/hhims-patient","groupingId":"-ex-example"},{"extension":[{"url":"http://hl7.org/fhir/tools/StructureDefinition/resource-sort","valueInteger":999999999},{"url":"http://hl7.org/fhir/StructureDefinition/implementationguide-page","valueUri":"Bundle-HIMS-Blood-Pressure-Bundle.html"}],"reference":{"reference":"Bundle/HIMS-Blood-Pressure-Bundle"},"name":"HIMS Blood Pressure Bundle","description":"HIMS Blood Pressure Bundle","exampleBoolean":true,"groupingId":"-ex-example"},{"extension":[{"url":"http://hl7.org/fhir/tools/StructureDefinition/resource-sort","valueInteger":999999999},{"url":"http://hl7.org/fhir/StructureDefinition/implementationguide-page","valueUri":"Bundle-HIMS-CVS-Risk-Factor-Bundle.html"}],"reference":{"reference":"Bundle/HIMS-CVS-Risk-Factor-Bundle"},"name":"HIMS CVS Risk Factor Bundle","description":"HIMS CVS Risk Factor Bundle","exampleBoolean":true,"groupingId":"-ex-example"},{"extension":[{"url":"http://hl7.org/fhir/tools/StructureDefinition/resource-sort","valueInteger":999999999},{"url":"http://hl7.org/fhir/StructureDefinition/implementationguide-page","valueUri":"Composition-HIMSCompositionExample.html"}],"reference":{"reference":"Composition/HIMSCompositionExample"},"name":"HIMS Composition","description":"Logically groups all resources into a single document structure.","exampleCanonical":"http://openhie.org/fhir/sri-lanka/StructureDefinition/hims-composition","groupingId":"-ex-example"},{"extension":[{"url":"http://hl7.org/fhir/tools/StructureDefinition/resource-sort","valueInteger":999999999},{"url":"http://hl7.org/fhir/StructureDefinition/implementationguide-page","valueUri":"Bundle-HIMS-Document-Bundle.html"}],"reference":{"reference":"Bundle/HIMS-Document-Bundle"},"name":"HIMS Document Bundle","description":"HIMS Document Bundle","exampleBoolean":true,"groupingId":"-ex-example"},{"extension":[{"url":"http://hl7.org/fhir/tools/StructureDefinition/resource-sort","valueInteger":999999999},{"url":"http://hl7.org/fhir/StructureDefinition/implementationguide-page","valueUri":"Bundle-HIMS-Transactional-Bundle.html"}],"reference":{"reference":"Bundle/HIMS-Transactional-Bundle"},"name":"HIMS FULL Transactional Bundle","description":"HIMS FULL Transactional Bundle","exampleBoolean":true,"groupingId":"-ex-example"},{"extension":[{"url":"http://hl7.org/fhir/tools/StructureDefinition/resource-sort","valueInteger":999999999},{"url":"http://hl7.org/fhir/StructureDefinition/implementationguide-page","valueUri":"Bundle-HIMS-Follow-Up-Plan-Bundle.html"}],"reference":{"reference":"Bundle/HIMS-Follow-Up-Plan-Bundle"},"name":"HIMS Follow-up Plan Bundle","description":"HIMS Follow-up Plan Bundle","exampleBoolean":true,"groupingId":"-ex-example"},{"extension":[{"url":"http://hl7.org/fhir/tools/StructureDefinition/resource-sort","valueInteger":999999999},{"url":"http://hl7.org/fhir/StructureDefinition/implementationguide-page","valueUri":"Bundle-HIMS-Investigations-Bundle.html"}],"reference":{"reference":"Bundle/HIMS-Investigations-Bundle"},"name":"HIMS Investigations Bundle","description":"HIMS Investigations Bundle (FBS, RBS, Total Cholesterol)","exampleBoolean":true,"groupingId":"-ex-example"},{"extension":[{"url":"http://hl7.org/fhir/tools/StructureDefinition/resource-sort","valueInteger":999999999},{"url":"http://hl7.org/fhir/StructureDefinition/implementationguide-page","valueUri":"Bundle-HIMS-Medical-History-Bundle.html"}],"reference":{"reference":"Bundle/HIMS-Medical-History-Bundle"},"name":"HIMS Medical History","description":"HIMS Medical History","exampleBoolean":true,"groupingId":"-ex-example"},{"extension":[{"url":"http://hl7.org/fhir/tools/StructureDefinition/resource-sort","valueInteger":999999999},{"url":"http://hl7.org/fhir/StructureDefinition/implementationguide-page","valueUri":"Patient-HIMSPatientExample.html"}],"reference":{"reference":"Patient/HIMSPatientExample"},"name":"HIMS Patient","description":"Is used to document demographics and other administrative information about an individual receiving care or other health-related services. In addition to the profiled data elements, this profile includes all data elements from the HHIMS Patient profile.","exampleCanonical":"http://openhie.org/fhir/sri-lanka/StructureDefinition/hims-patient","groupingId":"-ex-example"},{"extension":[{"url":"http://hl7.org/fhir/tools/StructureDefinition/resource-sort","valueInteger":999999999},{"url":"http://hl7.org/fhir/StructureDefinition/implementationguide-page","valueUri":"Bundle-HIMS-Risk-Behaviour-Bundle.html"}],"reference":{"reference":"Bundle/HIMS-Risk-Behaviour-Bundle"},"name":"HIMS Risk Behaviour","description":"HIMS Risk Behaviour (Physical Activity, Tobacco Smoking)","exampleBoolean":true,"groupingId":"-ex-example"},{"extension":[{"url":"http://hl7.org/fhir/tools/StructureDefinition/resource-sort","valueInteger":999999999},{"url":"http://hl7.org/fhir/StructureDefinition/implementationguide-page","valueUri":"Bundle-HIMS-Weight-Height-Bundle.html"}],"reference":{"reference":"Bundle/HIMS-Weight-Height-Bundle"},"name":"HIMS Weight and Height Bundle","description":"HIMS Weight and Height Bundle","exampleBoolean":true,"groupingId":"-ex-example"},{"extension":[{"url":"http://hl7.org/fhir/tools/StructureDefinition/resource-sort","valueInteger":999999999},{"url":"http://hl7.org/fhir/StructureDefinition/implementationguide-page","valueUri":"Bundle-HHIMS-Imaging-Bundle.html"}],"reference":{"reference":"Bundle/HHIMS-Imaging-Bundle"},"name":"Imaging Bundle","description":"Imaging Bundle","exampleBoolean":true,"groupingId":"-ex-example"},{"extension":[{"url":"http://hl7.org/fhir/tools/StructureDefinition/resource-sort","valueInteger":999999999},{"url":"http://hl7.org/fhir/StructureDefinition/implementationguide-page","valueUri":"ServiceRequest-ImagingServiceRequestExample.html"}],"reference":{"reference":"ServiceRequest/ImagingServiceRequestExample"},"name":"Imaging Request","description":"Used to initiate the request for imaging to be done.","exampleCanonical":"http://openhie.org/fhir/sri-lanka/StructureDefinition/imaging-request","groupingId":"-ex-example"},{"extension":[{"url":"http://hl7.org/fhir/tools/StructureDefinition/resource-sort","valueInteger":999999999},{"url":"http://hl7.org/fhir/StructureDefinition/implementationguide-page","valueUri":"ImagingStudy-ImagingExample.html"}],"reference":{"reference":"ImagingStudy/ImagingExample"},"name":"Imaging Study","description":"Used to represent the content or results of a imaging study.","exampleCanonical":"http://openhie.org/fhir/sri-lanka/StructureDefinition/imaging-study","groupingId":"-ex-example"},{"extension":[{"url":"http://hl7.org/fhir/tools/StructureDefinition/resource-sort","valueInteger":999999999},{"url":"http://hl7.org/fhir/StructureDefinition/implementationguide-page","valueUri":"Task-ImagingTaskExample.html"}],"reference":{"reference":"Task/ImagingTaskExample"},"name":"Imaging Task","description":"Is primarily used to track the progress of an imaging request.","exampleCanonical":"http://openhie.org/fhir/sri-lanka/StructureDefinition/imaging-task","groupingId":"-ex-example"},{"extension":[{"url":"http://hl7.org/fhir/tools/StructureDefinition/resource-sort","valueInteger":999999999},{"url":"http://hl7.org/fhir/StructureDefinition/implementationguide-page","valueUri":"MedicationAdministration-InjectionsExample.html"}],"reference":{"reference":"MedicationAdministration/InjectionsExample"},"name":"Injections","description":"Used to represent medication that is administered intravenously.","exampleCanonical":"http://openhie.org/fhir/sri-lanka/StructureDefinition/injection","groupingId":"-ex-example"},{"extension":[{"url":"http://hl7.org/fhir/tools/StructureDefinition/resource-sort","valueInteger":999999999},{"url":"http://hl7.org/fhir/StructureDefinition/implementationguide-page","valueUri":"MedicationAdministration-InjectionsNoCodeExample.html"}],"reference":{"reference":"MedicationAdministration/InjectionsNoCodeExample"},"name":"Injections","description":"Example where only a text value is used to represent the route of drug admninistration","exampleCanonical":"http://openhie.org/fhir/sri-lanka/StructureDefinition/injection","groupingId":"-ex-example"},{"extension":[{"url":"http://hl7.org/fhir/tools/StructureDefinition/resource-sort","valueInteger":999999999},{"url":"http://hl7.org/fhir/StructureDefinition/implementationguide-page","valueUri":"Bundle-HHIMS-Investigation-Requests-Bundle.html"}],"reference":{"reference":"Bundle/HHIMS-Investigation-Requests-Bundle"},"name":"Investigation Requests Bundle","description":"Investigation Requests Bundle","exampleBoolean":true,"groupingId":"-ex-example"},{"extension":[{"url":"http://hl7.org/fhir/tools/StructureDefinition/resource-sort","valueInteger":999999999},{"url":"http://hl7.org/fhir/StructureDefinition/implementationguide-page","valueUri":"ServiceRequest-InvestigationsServiceRequestExample.html"}],"reference":{"reference":"ServiceRequest/InvestigationsServiceRequestExample"},"name":"Investigations Request","description":"Used to initiate a request for an investigation.","exampleCanonical":"http://openhie.org/fhir/sri-lanka/StructureDefinition/investigations-request","groupingId":"-ex-example"},{"extension":[{"url":"http://hl7.org/fhir/tools/StructureDefinition/resource-sort","valueInteger":999999999},{"url":"http://hl7.org/fhir/StructureDefinition/implementationguide-page","valueUri":"Task-InvestigationsTaskExample.html"}],"reference":{"reference":"Task/InvestigationsTaskExample"},"name":"Investigations Task","description":"Is primarily used to track the progress of an investigations request.","exampleCanonical":"http://openhie.org/fhir/sri-lanka/StructureDefinition/investigations-task","groupingId":"-ex-example"},{"extension":[{"url":"http://hl7.org/fhir/tools/StructureDefinition/resource-sort","valueInteger":999999999},{"url":"http://hl7.org/fhir/StructureDefinition/implementationguide-page","valueUri":"Condition-MedicalHistoryExample.html"}],"reference":{"reference":"Condition/MedicalHistoryExample"},"name":"Medical History","description":"Represents previous, pre-existing and new conditions.","exampleCanonical":"http://openhie.org/fhir/sri-lanka/StructureDefinition/medical-history","groupingId":"-ex-example"},{"extension":[{"url":"http://hl7.org/fhir/tools/StructureDefinition/resource-sort","valueInteger":999999999},{"url":"http://hl7.org/fhir/StructureDefinition/implementationguide-page","valueUri":"Communication-NotifiableDiseasesNotifiedExample.html"}],"reference":{"reference":"Communication/NotifiableDiseasesNotifiedExample"},"name":"Notifiable Diseases Notified","description":"Represents a message communicated to the practitioner about a patient's encounter.","exampleCanonical":"http://openhie.org/fhir/sri-lanka/StructureDefinition/notifiable-diseases-notified","groupingId":"-ex-example"},{"extension":[{"url":"http://hl7.org/fhir/tools/StructureDefinition/resource-sort","valueInteger":999999999},{"url":"http://hl7.org/fhir/StructureDefinition/implementationguide-page","valueUri":"Bundle-HHIMS-OPD-Encounter-1-Bundle.html"}],"reference":{"reference":"Bundle/HHIMS-OPD-Encounter-1-Bundle"},"name":"OPD Encounter Bundle","description":"OPD Encounter Bundle (Encounter Reason, Location, Doctor)","exampleBoolean":true,"groupingId":"-ex-example"},{"extension":[{"url":"http://hl7.org/fhir/tools/StructureDefinition/resource-sort","valueInteger":999999999},{"url":"http://hl7.org/fhir/StructureDefinition/implementationguide-page","valueUri":"Bundle-HHIMS-OPD-Encounter-2-Bundle.html"}],"reference":{"reference":"Bundle/HHIMS-OPD-Encounter-2-Bundle"},"name":"OPD Encounter Bundle","description":"OPD Encounter Bundle (Encounter Reason, Location, Doctor, Disease Notified, Patient Referred)","exampleBoolean":true,"groupingId":"-ex-example"},{"extension":[{"url":"http://hl7.org/fhir/tools/StructureDefinition/resource-sort","valueInteger":999999999},{"url":"http://hl7.org/fhir/StructureDefinition/implementationguide-page","valueUri":"Bundle-HHIMS-OPD-Prescription-Bundle.html"}],"reference":{"reference":"Bundle/HHIMS-OPD-Prescription-Bundle"},"name":"OPD Prescription Bundle","description":"OPD Encounter Bundle (Medication name, Dosage, Frequency, Duration)","exampleBoolean":true,"groupingId":"-ex-example"},{"extension":[{"url":"http://hl7.org/fhir/tools/StructureDefinition/resource-sort","valueInteger":999999999},{"url":"http://hl7.org/fhir/StructureDefinition/implementationguide-page","valueUri":"Bundle-HHIMS-OPD-Prescription-Dispenses-Bundle.html"}],"reference":{"reference":"Bundle/HHIMS-OPD-Prescription-Dispenses-Bundle"},"name":"OPD Prescription Dispensed Bundle","description":"OPD Prescription Dispensed Bundle (Medication name, Dosage, Frequency, Duration, Dispensation)","exampleBoolean":true,"groupingId":"-ex-example"},{"extension":[{"url":"http://hl7.org/fhir/tools/StructureDefinition/resource-sort","valueInteger":999999999},{"url":"http://hl7.org/fhir/StructureDefinition/implementationguide-page","valueUri":"Organization-OrganizationExample.html"}],"reference":{"reference":"Organization/OrganizationExample"},"name":"Organization","description":"Organization providing health related services.","exampleCanonical":"http://openhie.org/fhir/sri-lanka/StructureDefinition/organization","groupingId":"-ex-example"},{"extension":[{"url":"http://hl7.org/fhir/tools/StructureDefinition/resource-sort","valueInteger":999999999},{"url":"http://hl7.org/fhir/StructureDefinition/implementationguide-page","valueUri":"Observation-BMIExample.html"}],"reference":{"reference":"Observation/BMIExample"},"name":"Patient BMI Observation","description":"Represents the patient's BMI.","exampleCanonical":"http://openhie.org/fhir/sri-lanka/StructureDefinition/bmi","groupingId":"-ex-example"},{"extension":[{"url":"http://hl7.org/fhir/tools/StructureDefinition/resource-sort","valueInteger":999999999},{"url":"http://hl7.org/fhir/StructureDefinition/implementationguide-page","valueUri":"Observation-HeightExample.html"}],"reference":{"reference":"Observation/HeightExample"},"name":"Patient Height Observation","description":"Represents the patient's height.","exampleCanonical":"http://openhie.org/fhir/sri-lanka/StructureDefinition/height","groupingId":"-ex-example"},{"extension":[{"url":"http://hl7.org/fhir/tools/StructureDefinition/resource-sort","valueInteger":999999999},{"url":"http://hl7.org/fhir/StructureDefinition/implementationguide-page","valueUri":"Observation-WeightExample.html"}],"reference":{"reference":"Observation/WeightExample"},"name":"Patient Weight Observation","description":"Represents the patient's weight.","exampleCanonical":"http://openhie.org/fhir/sri-lanka/StructureDefinition/weight","groupingId":"-ex-example"},{"extension":[{"url":"http://hl7.org/fhir/tools/StructureDefinition/resource-sort","valueInteger":999999999},{"url":"http://hl7.org/fhir/StructureDefinition/implementationguide-page","valueUri":"Observation-RiskBehaviourPhysicalActivityExample.html"}],"reference":{"reference":"Observation/RiskBehaviourPhysicalActivityExample"},"name":"Physical Activity Status Observation","description":"Represents the physical status of the patient.","exampleCanonical":"http://openhie.org/fhir/sri-lanka/StructureDefinition/risk-behaviour-physical-activity","groupingId":"-ex-example"},{"extension":[{"url":"http://hl7.org/fhir/tools/StructureDefinition/resource-sort","valueInteger":999999999},{"url":"http://hl7.org/fhir/StructureDefinition/implementationguide-page","valueUri":"Practitioner-GeneralPractitionerExample.html"}],"reference":{"reference":"Practitioner/GeneralPractitionerExample"},"name":"Practitioner","description":"Represents the practitioners who participated in the observation.","exampleCanonical":"http://openhie.org/fhir/sri-lanka/StructureDefinition/practitioner","groupingId":"-ex-example"},{"extension":[{"url":"http://hl7.org/fhir/tools/StructureDefinition/resource-sort","valueInteger":999999999},{"url":"http://hl7.org/fhir/StructureDefinition/implementationguide-page","valueUri":"MedicationRequest-PrescriptionsExample.html"}],"reference":{"reference":"MedicationRequest/PrescriptionsExample"},"name":"Prescription Request","description":"This is to record a patient's medication prescription request","exampleCanonical":"http://openhie.org/fhir/sri-lanka/StructureDefinition/medication-request","groupingId":"-ex-example"},{"extension":[{"url":"http://hl7.org/fhir/tools/StructureDefinition/resource-sort","valueInteger":999999999},{"url":"http://hl7.org/fhir/StructureDefinition/implementationguide-page","valueUri":"Bundle-HHIMS-Procedure-Bundle.html"}],"reference":{"reference":"Bundle/HHIMS-Procedure-Bundle"},"name":"Procedure Bundle","description":"Procedure Bundle","exampleBoolean":true,"groupingId":"-ex-example"},{"extension":[{"url":"http://hl7.org/fhir/tools/StructureDefinition/resource-sort","valueInteger":999999999},{"url":"http://hl7.org/fhir/StructureDefinition/implementationguide-page","valueUri":"Procedure-ProceduresExample.html"}],"reference":{"reference":"Procedure/ProceduresExample"},"name":"Procedures","description":"This represents the procedure that was performed on a patient.","exampleCanonical":"http://openhie.org/fhir/sri-lanka/StructureDefinition/procedure","groupingId":"-ex-example"},{"extension":[{"url":"http://hl7.org/fhir/tools/StructureDefinition/resource-sort","valueInteger":999999999},{"url":"http://hl7.org/fhir/StructureDefinition/implementationguide-page","valueUri":"Location-ProvidersLocationExample.html"}],"reference":{"reference":"Location/ProvidersLocationExample"},"name":"Providers Location","description":"Represents the physical location of the provider.","exampleCanonical":"http://openhie.org/fhir/sri-lanka/StructureDefinition/providers-location","groupingId":"-ex-example"},{"extension":[{"url":"http://hl7.org/fhir/tools/StructureDefinition/resource-sort","valueInteger":999999999},{"url":"http://hl7.org/fhir/StructureDefinition/implementationguide-page","valueUri":"Observation-RandomBloodSugarExample.html"}],"reference":{"reference":"Observation/RandomBloodSugarExample"},"name":"Random Blood Sugar Observation","description":"Represents the patient's RBS results.","exampleCanonical":"http://openhie.org/fhir/sri-lanka/StructureDefinition/random-blood-sugar","groupingId":"-ex-example"},{"extension":[{"url":"http://hl7.org/fhir/tools/StructureDefinition/resource-sort","valueInteger":999999999},{"url":"http://hl7.org/fhir/StructureDefinition/implementationguide-page","valueUri":"ServiceRequest-FollowUpPlanServiceRequestExample.html"}],"reference":{"reference":"ServiceRequest/FollowUpPlanServiceRequestExample"},"name":"Referral Request For Follow-up Plan","description":"Used to initiate a referral request for a Follow-up Plan.","exampleCanonical":"http://openhie.org/fhir/sri-lanka/StructureDefinition/follow-up-plan","groupingId":"-ex-example"},{"extension":[{"url":"http://hl7.org/fhir/tools/StructureDefinition/resource-sort","valueInteger":999999999},{"url":"http://hl7.org/fhir/StructureDefinition/implementationguide-page","valueUri":"Task-HHIMSReferralTaskExample.html"}],"reference":{"reference":"Task/HHIMSReferralTaskExample"},"name":"Referral Task","description":"Is primarily used to track the progress of a patient's referral.","exampleCanonical":"http://openhie.org/fhir/sri-lanka/StructureDefinition/referral-task","groupingId":"-ex-example"},{"extension":[{"url":"http://hl7.org/fhir/tools/StructureDefinition/resource-sort","valueInteger":999999999},{"url":"http://hl7.org/fhir/StructureDefinition/implementationguide-page","valueUri":"Encounter-TargetFacilityEncounterExample.html"}],"reference":{"reference":"Encounter/TargetFacilityEncounterExample"},"name":"Target Facility Encounter","description":"Represents the current facility at which the patient is receiving health services.","exampleCanonical":"http://openhie.org/fhir/sri-lanka/StructureDefinition/target-facility-encounter","groupingId":"-ex-example"},{"extension":[{"url":"http://hl7.org/fhir/tools/StructureDefinition/resource-sort","valueInteger":999999999},{"url":"http://hl7.org/fhir/StructureDefinition/implementationguide-page","valueUri":"Observation-RiskBehaviourTobaccoSmokerExample.html"}],"reference":{"reference":"Observation/RiskBehaviourTobaccoSmokerExample"},"name":"Tobacco Smoker Observation","description":"Represents the tobacco smoking status of the patient.","exampleCanonical":"http://openhie.org/fhir/sri-lanka/StructureDefinition/risk-behaviour-tobacco-smoker","groupingId":"-ex-example"},{"extension":[{"url":"http://hl7.org/fhir/tools/StructureDefinition/resource-sort","valueInteger":999999999},{"url":"http://hl7.org/fhir/StructureDefinition/implementationguide-page","valueUri":"Observation-TotalCholesterolExample.html"}],"reference":{"reference":"Observation/TotalCholesterolExample"},"name":"Total Cholesterol Observation","description":"Represents the patient's total cholesterol results.","exampleCanonical":"http://openhie.org/fhir/sri-lanka/StructureDefinition/total-cholesterol","groupingId":"-ex-example"}],"page":{"extension":[{"url":"http://hl7.org/fhir/tools/StructureDefinition/ig-page-name","valueUrl":"toc.html"}],"nameUrl":"toc.html","title":"Table of Contents","generation":"html","page":[{"extension":[{"url":"http://hl7.org/fhir/tools/StructureDefinition/ig-page-name","valueUrl":"index.html"}],"nameUrl":"index.html","title":"Home","generation":"html"},{"extension":[{"url":"http://hl7.org/fhir/tools/StructureDefinition/ig-page-name","valueUrl":"changes.html"}],"nameUrl":"changes.html","title":"Changes","generation":"html"},{"extension":[{"url":"http://hl7.org/fhir/tools/StructureDefinition/ig-page-name","valueUrl":"artifacts.html"}],"nameUrl":"artifacts.html","title":"Artifacts Summary","generation":"html","page":[{"extension":[{"url":"http://hl7.org/fhir/tools/StructureDefinition/ig-page-name","valueUrl":"StructureDefinition-allergy-intolerance.html"}],"nameUrl":"StructureDefinition-allergy-intolerance.html","title":"Allergy Intolerance","generation":"generated"},{"extension":[{"url":"http://hl7.org/fhir/tools/StructureDefinition/ig-page-name","valueUrl":"StructureDefinition-blood-pressure.html"}],"nameUrl":"StructureDefinition-blood-pressure.html","title":"Blood Pressure Observation","generation":"generated"},{"extension":[{"url":"http://hl7.org/fhir/tools/StructureDefinition/ig-page-name","valueUrl":"StructureDefinition-cvd-risk-category.html"}],"nameUrl":"StructureDefinition-cvd-risk-category.html","title":"Cardiovascular Risk Assessment","generation":"generated"},{"extension":[{"url":"http://hl7.org/fhir/tools/StructureDefinition/ig-page-name","valueUrl":"StructureDefinition-drug-dispensation.html"}],"nameUrl":"StructureDefinition-drug-dispensation.html","title":"Drug Dispensation","generation":"generated"},{"extension":[{"url":"http://hl7.org/fhir/tools/StructureDefinition/ig-page-name","valueUrl":"StructureDefinition-fasting-blood-sugar.html"}],"nameUrl":"StructureDefinition-fasting-blood-sugar.html","title":"Fasting Blood Sugar Observation","generation":"generated"},{"extension":[{"url":"http://hl7.org/fhir/tools/StructureDefinition/ig-page-name","valueUrl":"StructureDefinition-follow-up-at-hlc.html"}],"nameUrl":"StructureDefinition-follow-up-at-hlc.html","title":"Follow-up at HLC","generation":"generated"},{"extension":[{"url":"http://hl7.org/fhir/tools/StructureDefinition/ig-page-name","valueUrl":"StructureDefinition-general-referral-request.html"}],"nameUrl":"StructureDefinition-general-referral-request.html","title":"General Referral Request","generation":"generated"},{"extension":[{"url":"http://hl7.org/fhir/tools/StructureDefinition/ig-page-name","valueUrl":"StructureDefinition-generic-observation.html"}],"nameUrl":"StructureDefinition-generic-observation.html","title":"Generic Observation","generation":"generated"},{"extension":[{"url":"http://hl7.org/fhir/tools/StructureDefinition/ig-page-name","valueUrl":"StructureDefinition-generic-service-request.html"}],"nameUrl":"StructureDefinition-generic-service-request.html","title":"Generic Service Request","generation":"generated"},{"extension":[{"url":"http://hl7.org/fhir/tools/StructureDefinition/ig-page-name","valueUrl":"StructureDefinition-generic-task.html"}],"nameUrl":"StructureDefinition-generic-task.html","title":"Generic Task","generation":"generated"},{"extension":[{"url":"http://hl7.org/fhir/tools/StructureDefinition/ig-page-name","valueUrl":"StructureDefinition-hhims-patient.html"}],"nameUrl":"StructureDefinition-hhims-patient.html","title":"HHIMS Patient","generation":"generated"},{"extension":[{"url":"http://hl7.org/fhir/tools/StructureDefinition/ig-page-name","valueUrl":"StructureDefinition-hims-composition.html"}],"nameUrl":"StructureDefinition-hims-composition.html","title":"HIMS Composition","generation":"generated"},{"extension":[{"url":"http://hl7.org/fhir/tools/StructureDefinition/ig-page-name","valueUrl":"StructureDefinition-hims-patient.html"}],"nameUrl":"StructureDefinition-hims-patient.html","title":"HIMS Patient","generation":"generated"},{"extension":[{"url":"http://hl7.org/fhir/tools/StructureDefinition/ig-page-name","valueUrl":"StructureDefinition-imaging-request.html"}],"nameUrl":"StructureDefinition-imaging-request.html","title":"Imaging Request","generation":"generated"},{"extension":[{"url":"http://hl7.org/fhir/tools/StructureDefinition/ig-page-name","valueUrl":"StructureDefinition-imaging-study.html"}],"nameUrl":"StructureDefinition-imaging-study.html","title":"Imaging Study","generation":"generated"},{"extension":[{"url":"http://hl7.org/fhir/tools/StructureDefinition/ig-page-name","valueUrl":"StructureDefinition-imaging-task.html"}],"nameUrl":"StructureDefinition-imaging-task.html","title":"Imaging Task","generation":"generated"},{"extension":[{"url":"http://hl7.org/fhir/tools/StructureDefinition/ig-page-name","valueUrl":"StructureDefinition-injection.html"}],"nameUrl":"StructureDefinition-injection.html","title":"Injections","generation":"generated"},{"extension":[{"url":"http://hl7.org/fhir/tools/StructureDefinition/ig-page-name","valueUrl":"StructureDefinition-investigations-request.html"}],"nameUrl":"StructureDefinition-investigations-request.html","title":"Investigations Request","generation":"generated"},{"extension":[{"url":"http://hl7.org/fhir/tools/StructureDefinition/ig-page-name","valueUrl":"StructureDefinition-investigations-task.html"}],"nameUrl":"StructureDefinition-investigations-task.html","title":"Investigations Task","generation":"generated"},{"extension":[{"url":"http://hl7.org/fhir/tools/StructureDefinition/ig-page-name","valueUrl":"StructureDefinition-medical-history.html"}],"nameUrl":"StructureDefinition-medical-history.html","title":"Medical History","generation":"generated"},{"extension":[{"url":"http://hl7.org/fhir/tools/StructureDefinition/ig-page-name","valueUrl":"StructureDefinition-notifiable-diseases-notified.html"}],"nameUrl":"StructureDefinition-notifiable-diseases-notified.html","title":"Notifiable Diseases Notified","generation":"generated"},{"extension":[{"url":"http://hl7.org/fhir/tools/StructureDefinition/ig-page-name","valueUrl":"StructureDefinition-organization.html"}],"nameUrl":"StructureDefinition-organization.html","title":"Organization","generation":"generated"},{"extension":[{"url":"http://hl7.org/fhir/tools/StructureDefinition/ig-page-name","valueUrl":"StructureDefinition-bmi.html"}],"nameUrl":"StructureDefinition-bmi.html","title":"Patient BMI Observation","generation":"generated"},{"extension":[{"url":"http://hl7.org/fhir/tools/StructureDefinition/ig-page-name","valueUrl":"StructureDefinition-height.html"}],"nameUrl":"StructureDefinition-height.html","title":"Patient Height Observation","generation":"generated"},{"extension":[{"url":"http://hl7.org/fhir/tools/StructureDefinition/ig-page-name","valueUrl":"StructureDefinition-weight.html"}],"nameUrl":"StructureDefinition-weight.html","title":"Patient Weight Observation","generation":"generated"},{"extension":[{"url":"http://hl7.org/fhir/tools/StructureDefinition/ig-page-name","valueUrl":"StructureDefinition-risk-behaviour-physical-activity.html"}],"nameUrl":"StructureDefinition-risk-behaviour-physical-activity.html","title":"Physical Activity Status Observation","generation":"generated"},{"extension":[{"url":"http://hl7.org/fhir/tools/StructureDefinition/ig-page-name","valueUrl":"StructureDefinition-practitioner.html"}],"nameUrl":"StructureDefinition-practitioner.html","title":"Practitioner","generation":"generated"},{"extension":[{"url":"http://hl7.org/fhir/tools/StructureDefinition/ig-page-name","valueUrl":"StructureDefinition-medication-request.html"}],"nameUrl":"StructureDefinition-medication-request.html","title":"Prescription Request","generation":"generated"},{"extension":[{"url":"http://hl7.org/fhir/tools/StructureDefinition/ig-page-name","valueUrl":"StructureDefinition-procedure.html"}],"nameUrl":"StructureDefinition-procedure.html","title":"Procedures","generation":"generated"},{"extension":[{"url":"http://hl7.org/fhir/tools/StructureDefinition/ig-page-name","valueUrl":"StructureDefinition-providers-location.html"}],"nameUrl":"StructureDefinition-providers-location.html","title":"Providers Location","generation":"generated"},{"extension":[{"url":"http://hl7.org/fhir/tools/StructureDefinition/ig-page-name","valueUrl":"StructureDefinition-random-blood-sugar.html"}],"nameUrl":"StructureDefinition-random-blood-sugar.html","title":"Random Blood Sugar Observation","generation":"generated"},{"extension":[{"url":"http://hl7.org/fhir/tools/StructureDefinition/ig-page-name","valueUrl":"StructureDefinition-follow-up-plan.html"}],"nameUrl":"StructureDefinition-follow-up-plan.html","title":"Referral Request For Follow-up Plan","generation":"generated"},{"extension":[{"url":"http://hl7.org/fhir/tools/StructureDefinition/ig-page-name","valueUrl":"StructureDefinition-referral-task.html"}],"nameUrl":"StructureDefinition-referral-task.html","title":"Referral Task","generation":"generated"},{"extension":[{"url":"http://hl7.org/fhir/tools/StructureDefinition/ig-page-name","valueUrl":"StructureDefinition-target-facility-encounter.html"}],"nameUrl":"StructureDefinition-target-facility-encounter.html","title":"Target Facility Encounter","generation":"generated"},{"extension":[{"url":"http://hl7.org/fhir/tools/StructureDefinition/ig-page-name","valueUrl":"StructureDefinition-risk-behaviour-tobacco-smoker.html"}],"nameUrl":"StructureDefinition-risk-behaviour-tobacco-smoker.html","title":"Tobacco Smoker Observation","generation":"generated"},{"extension":[{"url":"http://hl7.org/fhir/tools/StructureDefinition/ig-page-name","valueUrl":"StructureDefinition-total-cholesterol.html"}],"nameUrl":"StructureDefinition-total-cholesterol.html","title":"Total Cholesterol Observation","generation":"generated"},{"extension":[{"url":"http://hl7.org/fhir/tools/StructureDefinition/ig-page-name","valueUrl":"ValueSet-vs-allergies.html"}],"nameUrl":"ValueSet-vs-allergies.html","title":"Allergies","generation":"generated"},{"extension":[{"url":"http://hl7.org/fhir/tools/StructureDefinition/ig-page-name","valueUrl":"ValueSet-vs-cvd-risk-category.html"}],"nameUrl":"ValueSet-vs-cvd-risk-category.html","title":"Cardiovascular Risk Categories","generation":"generated"},{"extension":[{"url":"http://hl7.org/fhir/tools/StructureDefinition/ig-page-name","valueUrl":"ValueSet-vs-medical-conditions.html"}],"nameUrl":"ValueSet-vs-medical-conditions.html","title":"Conditions","generation":"generated"},{"extension":[{"url":"http://hl7.org/fhir/tools/StructureDefinition/ig-page-name","valueUrl":"ValueSet-vs-follow-up-reasons.html"}],"nameUrl":"ValueSet-vs-follow-up-reasons.html","title":"Follow up at HLC","generation":"generated"},{"extension":[{"url":"http://hl7.org/fhir/tools/StructureDefinition/ig-page-name","valueUrl":"ValueSet-vs-follow-up-plan.html"}],"nameUrl":"ValueSet-vs-follow-up-plan.html","title":"Follow-up plan","generation":"generated"},{"extension":[{"url":"http://hl7.org/fhir/tools/StructureDefinition/ig-page-name","valueUrl":"ValueSet-vs-investigation.html"}],"nameUrl":"ValueSet-vs-investigation.html","title":"Investigations","generation":"generated"},{"extension":[{"url":"http://hl7.org/fhir/tools/StructureDefinition/ig-page-name","valueUrl":"ValueSet-vs-medication-name.html"}],"nameUrl":"ValueSet-vs-medication-name.html","title":"Medication Names","generation":"generated"},{"extension":[{"url":"http://hl7.org/fhir/tools/StructureDefinition/ig-page-name","valueUrl":"ValueSet-vs-risk-behaviour-physical-activity.html"}],"nameUrl":"ValueSet-vs-risk-behaviour-physical-activity.html","title":"Physical Activity","generation":"generated"},{"extension":[{"url":"http://hl7.org/fhir/tools/StructureDefinition/ig-page-name","valueUrl":"ValueSet-vs-procedure.html"}],"nameUrl":"ValueSet-vs-procedure.html","title":"Procedures","generation":"generated"},{"extension":[{"url":"http://hl7.org/fhir/tools/StructureDefinition/ig-page-name","valueUrl":"ValueSet-vs-procedure-imaging.html"}],"nameUrl":"ValueSet-vs-procedure-imaging.html","title":"Procedures","generation":"generated"},{"extension":[{"url":"http://hl7.org/fhir/tools/StructureDefinition/ig-page-name","valueUrl":"ValueSet-vs-reason-for-encounter.html"}],"nameUrl":"ValueSet-vs-reason-for-encounter.html","title":"Reason For Encounter","generation":"generated"},{"extension":[{"url":"http://hl7.org/fhir/tools/StructureDefinition/ig-page-name","valueUrl":"ValueSet-vs-risk-behaviour-tobacco-smoker.html"}],"nameUrl":"ValueSet-vs-risk-behaviour-tobacco-smoker.html","title":"Tobacco Smoker","generation":"generated"},{"extension":[{"url":"http://hl7.org/fhir/tools/StructureDefinition/ig-page-name","valueUrl":"CodeSystem-cs-cvd-risk-category.html"}],"nameUrl":"CodeSystem-cs-cvd-risk-category.html","title":"Cardiovascular Risk Categories","generation":"generated"},{"extension":[{"url":"http://hl7.org/fhir/tools/StructureDefinition/ig-page-name","valueUrl":"CodeSystem-cs-follow-up-reasons.html"}],"nameUrl":"CodeSystem-cs-follow-up-reasons.html","title":"Follow up at HLC","generation":"generated"},{"extension":[{"url":"http://hl7.org/fhir/tools/StructureDefinition/ig-page-name","valueUrl":"CodeSystem-cs-investigation.html"}],"nameUrl":"CodeSystem-cs-investigation.html","title":"Investigations","generation":"generated"},{"extension":[{"url":"http://hl7.org/fhir/tools/StructureDefinition/ig-page-name","valueUrl":"CodeSystem-cs-medication-name.html"}],"nameUrl":"CodeSystem-cs-medication-name.html","title":"Medication Names","generation":"generated"},{"extension":[{"url":"http://hl7.org/fhir/tools/StructureDefinition/ig-page-name","valueUrl":"CodeSystem-cs-identifier-types.html"}],"nameUrl":"CodeSystem-cs-identifier-types.html","title":"Patient Business Identifier Types","generation":"generated"},{"extension":[{"url":"http://hl7.org/fhir/tools/StructureDefinition/ig-page-name","valueUrl":"CodeSystem-cs-procedure.html"}],"nameUrl":"CodeSystem-cs-procedure.html","title":"Procedures","generation":"generated"},{"extension":[{"url":"http://hl7.org/fhir/tools/StructureDefinition/ig-page-name","valueUrl":"CodeSystem-cs-procedure-imaging.html"}],"nameUrl":"CodeSystem-cs-procedure-imaging.html","title":"Procedures","generation":"generated"},{"extension":[{"url":"http://hl7.org/fhir/tools/StructureDefinition/ig-page-name","valueUrl":"CodeSystem-cs-reason-for-encounter.html"}],"nameUrl":"CodeSystem-cs-reason-for-encounter.html","title":"Reason For Encounter","generation":"generated"},{"extension":[{"url":"http://hl7.org/fhir/tools/StructureDefinition/ig-page-name","valueUrl":"AllergyIntolerance-AllergiesExample.html"}],"nameUrl":"AllergyIntolerance-AllergiesExample.html","title":"Allergy Intolerance","generation":"generated"},{"extension":[{"url":"http://hl7.org/fhir/tools/StructureDefinition/ig-page-name","valueUrl":"AllergyIntolerance-AllergiesNoCodeExample.html"}],"nameUrl":"AllergyIntolerance-AllergiesNoCodeExample.html","title":"Allergy Intolerance","generation":"generated"},{"extension":[{"url":"http://hl7.org/fhir/tools/StructureDefinition/ig-page-name","valueUrl":"Observation-BloodPressureExample.html"}],"nameUrl":"Observation-BloodPressureExample.html","title":"Blood Pressure Observation","generation":"generated"},{"extension":[{"url":"http://hl7.org/fhir/tools/StructureDefinition/ig-page-name","valueUrl":"RiskAssessment-CVDRiskCategoryExample.html"}],"nameUrl":"RiskAssessment-CVDRiskCategoryExample.html","title":"Cardiovascular Risk Assessment","generation":"generated"},{"extension":[{"url":"http://hl7.org/fhir/tools/StructureDefinition/ig-page-name","valueUrl":"MedicationDispense-DrugDispensationExample.html"}],"nameUrl":"MedicationDispense-DrugDispensationExample.html","title":"Drug Dispensation","generation":"generated"},{"extension":[{"url":"http://hl7.org/fhir/tools/StructureDefinition/ig-page-name","valueUrl":"Observation-FastingBloodSugarExample.html"}],"nameUrl":"Observation-FastingBloodSugarExample.html","title":"Fasting Blood Sugar Observation","generation":"generated"},{"extension":[{"url":"http://hl7.org/fhir/tools/StructureDefinition/ig-page-name","valueUrl":"CarePlan-FollowUpAtHLCExample.html"}],"nameUrl":"CarePlan-FollowUpAtHLCExample.html","title":"Follow-up at HLC","generation":"generated"},{"extension":[{"url":"http://hl7.org/fhir/tools/StructureDefinition/ig-page-name","valueUrl":"ServiceRequest-GeneralReferralServiceRequestExample.html"}],"nameUrl":"ServiceRequest-GeneralReferralServiceRequestExample.html","title":"General Referral Request","generation":"generated"},{"extension":[{"url":"http://hl7.org/fhir/tools/StructureDefinition/ig-page-name","valueUrl":"Observation-GenericObservationExample.html"}],"nameUrl":"Observation-GenericObservationExample.html","title":"Generic Observation","generation":"generated"},{"extension":[{"url":"http://hl7.org/fhir/tools/StructureDefinition/ig-page-name","valueUrl":"ServiceRequest-GenericServiceRequestExample.html"}],"nameUrl":"ServiceRequest-GenericServiceRequestExample.html","title":"Generic Service Request","generation":"generated"},{"extension":[{"url":"http://hl7.org/fhir/tools/StructureDefinition/ig-page-name","valueUrl":"Task-GenericTaskExample.html"}],"nameUrl":"Task-GenericTaskExample.html","title":"Generic Task","generation":"generated"},{"extension":[{"url":"http://hl7.org/fhir/tools/StructureDefinition/ig-page-name","valueUrl":"Bundle-HHIMS-Transactional-Bundle.html"}],"nameUrl":"Bundle-HHIMS-Transactional-Bundle.html","title":"HHIMS FULL Transactional Bundle","generation":"generated"},{"extension":[{"url":"http://hl7.org/fhir/tools/StructureDefinition/ig-page-name","valueUrl":"Patient-HHIMSPatientExample.html"}],"nameUrl":"Patient-HHIMSPatientExample.html","title":"HHIMS Patient","generation":"generated"},{"extension":[{"url":"http://hl7.org/fhir/tools/StructureDefinition/ig-page-name","valueUrl":"Bundle-HIMS-Blood-Pressure-Bundle.html"}],"nameUrl":"Bundle-HIMS-Blood-Pressure-Bundle.html","title":"HIMS Blood Pressure Bundle","generation":"generated"},{"extension":[{"url":"http://hl7.org/fhir/tools/StructureDefinition/ig-page-name","valueUrl":"Composition-HIMSCompositionExample.html"}],"nameUrl":"Composition-HIMSCompositionExample.html","title":"HIMS Composition","generation":"generated"},{"extension":[{"url":"http://hl7.org/fhir/tools/StructureDefinition/ig-page-name","valueUrl":"Bundle-HIMS-CVS-Risk-Factor-Bundle.html"}],"nameUrl":"Bundle-HIMS-CVS-Risk-Factor-Bundle.html","title":"HIMS CVS Risk Factor Bundle","generation":"generated"},{"extension":[{"url":"http://hl7.org/fhir/tools/StructureDefinition/ig-page-name","valueUrl":"Bundle-HIMS-Document-Bundle.html"}],"nameUrl":"Bundle-HIMS-Document-Bundle.html","title":"HIMS Document Bundle","generation":"generated"},{"extension":[{"url":"http://hl7.org/fhir/tools/StructureDefinition/ig-page-name","valueUrl":"Bundle-HIMS-Follow-Up-Plan-Bundle.html"}],"nameUrl":"Bundle-HIMS-Follow-Up-Plan-Bundle.html","title":"HIMS Follow-up Plan Bundle","generation":"generated"},{"extension":[{"url":"http://hl7.org/fhir/tools/StructureDefinition/ig-page-name","valueUrl":"Bundle-HIMS-Transactional-Bundle.html"}],"nameUrl":"Bundle-HIMS-Transactional-Bundle.html","title":"HIMS FULL Transactional Bundle","generation":"generated"},{"extension":[{"url":"http://hl7.org/fhir/tools/StructureDefinition/ig-page-name","valueUrl":"Bundle-HIMS-Investigations-Bundle.html"}],"nameUrl":"Bundle-HIMS-Investigations-Bundle.html","title":"HIMS Investigations Bundle","generation":"generated"},{"extension":[{"url":"http://hl7.org/fhir/tools/StructureDefinition/ig-page-name","valueUrl":"Bundle-HIMS-Medical-History-Bundle.html"}],"nameUrl":"Bundle-HIMS-Medical-History-Bundle.html","title":"HIMS Medical History","generation":"generated"},{"extension":[{"url":"http://hl7.org/fhir/tools/StructureDefinition/ig-page-name","valueUrl":"Patient-HIMSPatientExample.html"}],"nameUrl":"Patient-HIMSPatientExample.html","title":"HIMS Patient","generation":"generated"},{"extension":[{"url":"http://hl7.org/fhir/tools/StructureDefinition/ig-page-name","valueUrl":"Bundle-HIMS-Risk-Behaviour-Bundle.html"}],"nameUrl":"Bundle-HIMS-Risk-Behaviour-Bundle.html","title":"HIMS Risk Behaviour","generation":"generated"},{"extension":[{"url":"http://hl7.org/fhir/tools/StructureDefinition/ig-page-name","valueUrl":"Bundle-HIMS-Weight-Height-Bundle.html"}],"nameUrl":"Bundle-HIMS-Weight-Height-Bundle.html","title":"HIMS Weight and Height Bundle","generation":"generated"},{"extension":[{"url":"http://hl7.org/fhir/tools/StructureDefinition/ig-page-name","valueUrl":"Bundle-HHIMS-Imaging-Bundle.html"}],"nameUrl":"Bundle-HHIMS-Imaging-Bundle.html","title":"Imaging Bundle","generation":"generated"},{"extension":[{"url":"http://hl7.org/fhir/tools/StructureDefinition/ig-page-name","valueUrl":"ServiceRequest-ImagingServiceRequestExample.html"}],"nameUrl":"ServiceRequest-ImagingServiceRequestExample.html","title":"Imaging Request","generation":"generated"},{"extension":[{"url":"http://hl7.org/fhir/tools/StructureDefinition/ig-page-name","valueUrl":"ImagingStudy-ImagingExample.html"}],"nameUrl":"ImagingStudy-ImagingExample.html","title":"Imaging Study","generation":"generated"},{"extension":[{"url":"http://hl7.org/fhir/tools/StructureDefinition/ig-page-name","valueUrl":"Task-ImagingTaskExample.html"}],"nameUrl":"Task-ImagingTaskExample.html","title":"Imaging Task","generation":"generated"},{"extension":[{"url":"http://hl7.org/fhir/tools/StructureDefinition/ig-page-name","valueUrl":"MedicationAdministration-InjectionsExample.html"}],"nameUrl":"MedicationAdministration-InjectionsExample.html","title":"Injections","generation":"generated"},{"extension":[{"url":"http://hl7.org/fhir/tools/StructureDefinition/ig-page-name","valueUrl":"MedicationAdministration-InjectionsNoCodeExample.html"}],"nameUrl":"MedicationAdministration-InjectionsNoCodeExample.html","title":"Injections","generation":"generated"},{"extension":[{"url":"http://hl7.org/fhir/tools/StructureDefinition/ig-page-name","valueUrl":"Bundle-HHIMS-Investigation-Requests-Bundle.html"}],"nameUrl":"Bundle-HHIMS-Investigation-Requests-Bundle.html","title":"Investigation Requests Bundle","generation":"generated"},{"extension":[{"url":"http://hl7.org/fhir/tools/StructureDefinition/ig-page-name","valueUrl":"ServiceRequest-InvestigationsServiceRequestExample.html"}],"nameUrl":"ServiceRequest-InvestigationsServiceRequestExample.html","title":"Investigations Request","generation":"generated"},{"extension":[{"url":"http://hl7.org/fhir/tools/StructureDefinition/ig-page-name","valueUrl":"Task-InvestigationsTaskExample.html"}],"nameUrl":"Task-InvestigationsTaskExample.html","title":"Investigations Task","generation":"generated"},{"extension":[{"url":"http://hl7.org/fhir/tools/StructureDefinition/ig-page-name","valueUrl":"Condition-MedicalHistoryExample.html"}],"nameUrl":"Condition-MedicalHistoryExample.html","title":"Medical History","generation":"generated"},{"extension":[{"url":"http://hl7.org/fhir/tools/StructureDefinition/ig-page-name","valueUrl":"Communication-NotifiableDiseasesNotifiedExample.html"}],"nameUrl":"Communication-NotifiableDiseasesNotifiedExample.html","title":"Notifiable Diseases Notified","generation":"generated"},{"extension":[{"url":"http://hl7.org/fhir/tools/StructureDefinition/ig-page-name","valueUrl":"Bundle-HHIMS-OPD-Encounter-1-Bundle.html"}],"nameUrl":"Bundle-HHIMS-OPD-Encounter-1-Bundle.html","title":"OPD Encounter Bundle","generation":"generated"},{"extension":[{"url":"http://hl7.org/fhir/tools/StructureDefinition/ig-page-name","valueUrl":"Bundle-HHIMS-OPD-Encounter-2-Bundle.html"}],"nameUrl":"Bundle-HHIMS-OPD-Encounter-2-Bundle.html","title":"OPD Encounter Bundle","generation":"generated"},{"extension":[{"url":"http://hl7.org/fhir/tools/StructureDefinition/ig-page-name","valueUrl":"Bundle-HHIMS-OPD-Prescription-Bundle.html"}],"nameUrl":"Bundle-HHIMS-OPD-Prescription-Bundle.html","title":"OPD Prescription Bundle","generation":"generated"},{"extension":[{"url":"http://hl7.org/fhir/tools/StructureDefinition/ig-page-name","valueUrl":"Bundle-HHIMS-OPD-Prescription-Dispenses-Bundle.html"}],"nameUrl":"Bundle-HHIMS-OPD-Prescription-Dispenses-Bundle.html","title":"OPD Prescription Dispensed Bundle","generation":"generated"},{"extension":[{"url":"http://hl7.org/fhir/tools/StructureDefinition/ig-page-name","valueUrl":"Organization-OrganizationExample.html"}],"nameUrl":"Organization-OrganizationExample.html","title":"Organization","generation":"generated"},{"extension":[{"url":"http://hl7.org/fhir/tools/StructureDefinition/ig-page-name","valueUrl":"Observation-BMIExample.html"}],"nameUrl":"Observation-BMIExample.html","title":"Patient BMI Observation","generation":"generated"},{"extension":[{"url":"http://hl7.org/fhir/tools/StructureDefinition/ig-page-name","valueUrl":"Observation-HeightExample.html"}],"nameUrl":"Observation-HeightExample.html","title":"Patient Height Observation","generation":"generated"},{"extension":[{"url":"http://hl7.org/fhir/tools/StructureDefinition/ig-page-name","valueUrl":"Observation-WeightExample.html"}],"nameUrl":"Observation-WeightExample.html","title":"Patient Weight Observation","generation":"generated"},{"extension":[{"url":"http://hl7.org/fhir/tools/StructureDefinition/ig-page-name","valueUrl":"Observation-RiskBehaviourPhysicalActivityExample.html"}],"nameUrl":"Observation-RiskBehaviourPhysicalActivityExample.html","title":"Physical Activity Status Observation","generation":"generated"},{"extension":[{"url":"http://hl7.org/fhir/tools/StructureDefinition/ig-page-name","valueUrl":"Practitioner-GeneralPractitionerExample.html"}],"nameUrl":"Practitioner-GeneralPractitionerExample.html","title":"Practitioner","generation":"generated"},{"extension":[{"url":"http://hl7.org/fhir/tools/StructureDefinition/ig-page-name","valueUrl":"MedicationRequest-PrescriptionsExample.html"}],"nameUrl":"MedicationRequest-PrescriptionsExample.html","title":"Prescription Request","generation":"generated"},{"extension":[{"url":"http://hl7.org/fhir/tools/StructureDefinition/ig-page-name","valueUrl":"Bundle-HHIMS-Procedure-Bundle.html"}],"nameUrl":"Bundle-HHIMS-Procedure-Bundle.html","title":"Procedure Bundle","generation":"generated"},{"extension":[{"url":"http://hl7.org/fhir/tools/StructureDefinition/ig-page-name","valueUrl":"Procedure-ProceduresExample.html"}],"nameUrl":"Procedure-ProceduresExample.html","title":"Procedures","generation":"generated"},{"extension":[{"url":"http://hl7.org/fhir/tools/StructureDefinition/ig-page-name","valueUrl":"Location-ProvidersLocationExample.html"}],"nameUrl":"Location-ProvidersLocationExample.html","title":"Providers Location","generation":"generated"},{"extension":[{"url":"http://hl7.org/fhir/tools/StructureDefinition/ig-page-name","valueUrl":"Observation-RandomBloodSugarExample.html"}],"nameUrl":"Observation-RandomBloodSugarExample.html","title":"Random Blood Sugar Observation","generation":"generated"},{"extension":[{"url":"http://hl7.org/fhir/tools/StructureDefinition/ig-page-name","valueUrl":"ServiceRequest-FollowUpPlanServiceRequestExample.html"}],"nameUrl":"ServiceRequest-FollowUpPlanServiceRequestExample.html","title":"Referral Request For Follow-up Plan","generation":"generated"},{"extension":[{"url":"http://hl7.org/fhir/tools/StructureDefinition/ig-page-name","valueUrl":"Task-HHIMSReferralTaskExample.html"}],"nameUrl":"Task-HHIMSReferralTaskExample.html","title":"Referral Task","generation":"generated"},{"extension":[{"url":"http://hl7.org/fhir/tools/StructureDefinition/ig-page-name","valueUrl":"Encounter-TargetFacilityEncounterExample.html"}],"nameUrl":"Encounter-TargetFacilityEncounterExample.html","title":"Target Facility Encounter","generation":"generated"},{"extension":[{"url":"http://hl7.org/fhir/tools/StructureDefinition/ig-page-name","valueUrl":"Observation-RiskBehaviourTobaccoSmokerExample.html"}],"nameUrl":"Observation-RiskBehaviourTobaccoSmokerExample.html","title":"Tobacco Smoker Observation","generation":"generated"},{"extension":[{"url":"http://hl7.org/fhir/tools/StructureDefinition/ig-page-name","valueUrl":"Observation-TotalCholesterolExample.html"}],"nameUrl":"Observation-TotalCholesterolExample.html","title":"Total Cholesterol Observation","generation":"generated"}]}]},"parameter":[{"code":"path-resource","value":"input/capabilities"},{"code":"path-resource","value":"input/examples"},{"code":"path-resource","value":"input/extensions"},{"code":"path-resource","value":"input/models"},{"code":"path-resource","value":"input/operations"},{"code":"path-resource","value":"input/profiles"},{"code":"path-resource","value":"input/resources"},{"code":"path-resource","value":"input/vocabulary"},{"code":"path-resource","value":"input/maps"},{"code":"path-resource","value":"input/testing"},{"code":"path-resource","value":"input/history"},{"code":"path-resource","value":"fsh-generated/resources"},{"code":"path-pages","value":"template/config"},{"code":"path-pages","value":"input/images"},{"code":"path-tx-cache","value":"input-cache/txcache"}]}}