{
  "resourceType" : "Bundle",
  "id" : "5a867274-ec2e-4409-887e-1ba7f0398b14",
  "meta" : {
    "lastUpdated" : "2023-10-10T17:27:27.686+00:00"
  },
  "type" : "collection",
  "entry" : [{
    "fullUrl" : "http://openhie.org/fhir/sri-lanka/ValueSet/vs-cvd-risk-category",
    "resource" : {
      "resourceType" : "ValueSet",
      "text" : {
        "status" : "generated",
        "div" : "<div xmlns=\"http://www.w3.org/1999/xhtml\"><p>This value set contains 5 concepts</p><p style=\"border: black 1px dotted; background-color: #EEEEEE; padding: 8px; margin-bottom: 8px\">Expansion based on <a href=\"CodeSystem-cs-cvd-risk-category.html\">codesystem Cardiovascular Risk Category Probability Percentage Ranges v0.1.0 (CodeSystem)</a></p><table class=\"codes\"><tr><td style=\"white-space:nowrap\"><b>Code</b></td><td><b>System</b></td><td><b>Display</b></td><td><b>Definition</b></td></tr><tr><td style=\"white-space:nowrap\"><a name=\"http---openhie.org-fhir-sri-lanka-CodeSystem-cs-cvd-risk-category-less-than-5\"> </a>\u00a0\u00a0<a href=\"CodeSystem-cs-cvd-risk-category.html#cs-cvd-risk-category-less-than-5\">less-than-5</a></td><td>http://openhie.org/fhir/sri-lanka/CodeSystem/cs-cvd-risk-category</td><td>Less than 5%</td><td><div><p>Sri Lanka team to provide defitinion for this coded value</p>\n</div></td></tr><tr><td style=\"white-space:nowrap\"><a name=\"http---openhie.org-fhir-sri-lanka-CodeSystem-cs-cvd-risk-category-5-to-less-than-10\"> </a>\u00a0\u00a0<a href=\"CodeSystem-cs-cvd-risk-category.html#cs-cvd-risk-category-5-to-less-than-10\">5-to-less-than-10</a></td><td>http://openhie.org/fhir/sri-lanka/CodeSystem/cs-cvd-risk-category</td><td>5% to less than 10%</td><td><div><p>Sri Lanka team to provide defitinion for this coded value</p>\n</div></td></tr><tr><td style=\"white-space:nowrap\"><a name=\"http---openhie.org-fhir-sri-lanka-CodeSystem-cs-cvd-risk-category-10-to-less-than-20\"> </a>\u00a0\u00a0<a href=\"CodeSystem-cs-cvd-risk-category.html#cs-cvd-risk-category-10-to-less-than-20\">10-to-less-than-20</a></td><td>http://openhie.org/fhir/sri-lanka/CodeSystem/cs-cvd-risk-category</td><td>10% to less than 20%</td><td><div><p>Sri Lanka team to provide defitinion for this coded value</p>\n</div></td></tr><tr><td style=\"white-space:nowrap\"><a name=\"http---openhie.org-fhir-sri-lanka-CodeSystem-cs-cvd-risk-category-20-to-less-than-30\"> </a>\u00a0\u00a0<a href=\"CodeSystem-cs-cvd-risk-category.html#cs-cvd-risk-category-20-to-less-than-30\">20-to-less-than-30</a></td><td>http://openhie.org/fhir/sri-lanka/CodeSystem/cs-cvd-risk-category</td><td>20% to less than 30%</td><td><div><p>Sri Lanka team to provide defitinion for this coded value</p>\n</div></td></tr><tr><td style=\"white-space:nowrap\"><a name=\"http---openhie.org-fhir-sri-lanka-CodeSystem-cs-cvd-risk-category-greater-than-or-equal-to-30\"> </a>\u00a0\u00a0<a href=\"CodeSystem-cs-cvd-risk-category.html#cs-cvd-risk-category-greater-than-or-equal-to-30\">greater-than-or-equal-to-30</a></td><td>http://openhie.org/fhir/sri-lanka/CodeSystem/cs-cvd-risk-category</td><td>Equal or more than 30%</td><td><div><p>Sri Lanka team to provide defitinion for this coded value</p>\n</div></td></tr></table></div>"
      },
      "url" : "http://openhie.org/fhir/sri-lanka/ValueSet/vs-cvd-risk-category",
      "version" : "0.1.0",
      "name" : "VSCVDRiskCategory",
      "title" : "Cardiovascular Risk Category Probability Percentage Ranges",
      "status" : "active",
      "experimental" : false,
      "date" : "2023-10-10T17:27:27+00:00",
      "jurisdiction" : [{
        "coding" : [{
          "system" : "http://unstats.un.org/unsd/methods/m49/m49.htm",
          "code" : "001",
          "display" : "World"
        }]
      }],
      "expansion" : {
        "identifier" : "urn:uuid:e1e0ac10-5de9-4f29-8042-9459367bc17f",
        "timestamp" : "2023-10-10T17:28:24+00:00",
        "total" : 5,
        "parameter" : [{
          "name" : "excludeNested",
          "valueBoolean" : false
        },
        {
          "name" : "used-codesystem",
          "valueUri" : "http://openhie.org/fhir/sri-lanka/CodeSystem/cs-cvd-risk-category|0.1.0"
        }],
        "contains" : [{
          "system" : "http://openhie.org/fhir/sri-lanka/CodeSystem/cs-cvd-risk-category",
          "code" : "less-than-5",
          "display" : "Less than 5%"
        },
        {
          "system" : "http://openhie.org/fhir/sri-lanka/CodeSystem/cs-cvd-risk-category",
          "code" : "5-to-less-than-10",
          "display" : "5% to less than 10%"
        },
        {
          "system" : "http://openhie.org/fhir/sri-lanka/CodeSystem/cs-cvd-risk-category",
          "code" : "10-to-less-than-20",
          "display" : "10% to less than 20%"
        },
        {
          "system" : "http://openhie.org/fhir/sri-lanka/CodeSystem/cs-cvd-risk-category",
          "code" : "20-to-less-than-30",
          "display" : "20% to less than 30%"
        },
        {
          "system" : "http://openhie.org/fhir/sri-lanka/CodeSystem/cs-cvd-risk-category",
          "code" : "greater-than-or-equal-to-30",
          "display" : "Equal or more than 30%"
        }]
      }
    }
  },
  {
    "fullUrl" : "http://openhie.org/fhir/sri-lanka/ValueSet/vs-follow-up-plan",
    "resource" : {
      "resourceType" : "ValueSet",
      "text" : {
        "status" : "generated",
        "div" : "<div xmlns=\"http://www.w3.org/1999/xhtml\"><p>This value set contains 5 concepts</p><p style=\"border: black 1px dotted; background-color: #EEEEEE; padding: 8px; margin-bottom: 8px\">Expansion based on <a href=\"CodeSystem-cs-follow-up-plan.html\">codesystem Follow-up plan v0.1.0 (CodeSystem)</a></p><table class=\"codes\"><tr><td style=\"white-space:nowrap\"><b>Code</b></td><td><b>System</b></td><td><b>Display</b></td><td><b>Definition</b></td></tr><tr><td style=\"white-space:nowrap\"><a name=\"http---openhie.org-fhir-sri-lanka-CodeSystem-cs-follow-up-plan-Reffered-to-medical-clinic-of-same-institute\"> </a>\u00a0\u00a0<a href=\"CodeSystem-cs-follow-up-plan.html#cs-follow-up-plan-Reffered-to-medical-clinic-of-same-institute\">Reffered-to-medical-clinic-of-same-institute</a></td><td>http://openhie.org/fhir/sri-lanka/CodeSystem/cs-follow-up-plan</td><td>Reffered to medical clinic of same institute</td><td><div><p>Sri Lanka team to provide defitinion for this coded value</p>\n</div></td></tr><tr><td style=\"white-space:nowrap\"><a name=\"http---openhie.org-fhir-sri-lanka-CodeSystem-cs-follow-up-plan-Referred-to-specialised-clinic\"> </a>\u00a0\u00a0<a href=\"CodeSystem-cs-follow-up-plan.html#cs-follow-up-plan-Referred-to-specialised-clinic\">Referred-to-specialised-clinic</a></td><td>http://openhie.org/fhir/sri-lanka/CodeSystem/cs-follow-up-plan</td><td>Referred to specialised clinic</td><td><div><p>Sri Lanka team to provide defitinion for this coded value</p>\n</div></td></tr><tr><td style=\"white-space:nowrap\"><a name=\"http---openhie.org-fhir-sri-lanka-CodeSystem-cs-follow-up-plan-Follow-up-at-hlc\"> </a>\u00a0\u00a0<a href=\"CodeSystem-cs-follow-up-plan.html#cs-follow-up-plan-Follow-up-at-hlc\">Follow-up-at-hlc</a></td><td>http://openhie.org/fhir/sri-lanka/CodeSystem/cs-follow-up-plan</td><td>Follow up at HLC</td><td><div><p>Sri Lanka team to provide defitinion for this coded value</p>\n</div></td></tr><tr><td style=\"white-space:nowrap\"><a name=\"http---openhie.org-fhir-sri-lanka-CodeSystem-cs-follow-up-plan-Referred-to-dental-clinic\"> </a>\u00a0\u00a0<a href=\"CodeSystem-cs-follow-up-plan.html#cs-follow-up-plan-Referred-to-dental-clinic\">Referred-to-dental-clinic</a></td><td>http://openhie.org/fhir/sri-lanka/CodeSystem/cs-follow-up-plan</td><td>Referred to Dental Clinic</td><td><div><p>Sri Lanka team to provide defitinion for this coded value</p>\n</div></td></tr><tr><td style=\"white-space:nowrap\"><a name=\"http---openhie.org-fhir-sri-lanka-CodeSystem-cs-follow-up-plan-Referred-to-wwc\"> </a>\u00a0\u00a0<a href=\"CodeSystem-cs-follow-up-plan.html#cs-follow-up-plan-Referred-to-wwc\">Referred-to-wwc</a></td><td>http://openhie.org/fhir/sri-lanka/CodeSystem/cs-follow-up-plan</td><td>Referred to WWC</td><td><div><p>Sri Lanka team to provide defitinion for this coded value</p>\n</div></td></tr></table></div>"
      },
      "url" : "http://openhie.org/fhir/sri-lanka/ValueSet/vs-follow-up-plan",
      "version" : "0.1.0",
      "name" : "VSFollowUpPlan",
      "title" : "Follow-up plan",
      "status" : "active",
      "experimental" : false,
      "date" : "2023-10-10T17:27:27+00:00",
      "jurisdiction" : [{
        "coding" : [{
          "system" : "http://unstats.un.org/unsd/methods/m49/m49.htm",
          "code" : "001",
          "display" : "World"
        }]
      }],
      "expansion" : {
        "identifier" : "urn:uuid:b0103caf-07cb-4e3e-9a70-5a7703eb41cd",
        "timestamp" : "2023-10-10T17:28:24+00:00",
        "total" : 5,
        "parameter" : [{
          "name" : "excludeNested",
          "valueBoolean" : false
        },
        {
          "name" : "used-codesystem",
          "valueUri" : "http://openhie.org/fhir/sri-lanka/CodeSystem/cs-follow-up-plan|0.1.0"
        }],
        "contains" : [{
          "system" : "http://openhie.org/fhir/sri-lanka/CodeSystem/cs-follow-up-plan",
          "code" : "Reffered-to-medical-clinic-of-same-institute",
          "display" : "Reffered to medical clinic of same institute"
        },
        {
          "system" : "http://openhie.org/fhir/sri-lanka/CodeSystem/cs-follow-up-plan",
          "code" : "Referred-to-specialised-clinic",
          "display" : "Referred to specialised clinic"
        },
        {
          "system" : "http://openhie.org/fhir/sri-lanka/CodeSystem/cs-follow-up-plan",
          "code" : "Follow-up-at-hlc",
          "display" : "Follow up at HLC"
        },
        {
          "system" : "http://openhie.org/fhir/sri-lanka/CodeSystem/cs-follow-up-plan",
          "code" : "Referred-to-dental-clinic",
          "display" : "Referred to Dental Clinic"
        },
        {
          "system" : "http://openhie.org/fhir/sri-lanka/CodeSystem/cs-follow-up-plan",
          "code" : "Referred-to-wwc",
          "display" : "Referred to WWC"
        }]
      }
    }
  },
  {
    "fullUrl" : "http://openhie.org/fhir/sri-lanka/ValueSet/vs-follow-up-reasons",
    "resource" : {
      "resourceType" : "ValueSet",
      "text" : {
        "status" : "generated",
        "div" : "<div xmlns=\"http://www.w3.org/1999/xhtml\"><p>This value set contains 4 concepts</p><p style=\"border: black 1px dotted; background-color: #EEEEEE; padding: 8px; margin-bottom: 8px\">Expansion based on <a href=\"CodeSystem-cs-follow-up-reasons.html\">codesystem Follow up at HLC v0.1.0 (CodeSystem)</a></p><table class=\"codes\"><tr><td style=\"white-space:nowrap\"><b>Code</b></td><td><b>System</b></td><td><b>Display</b></td><td><b>Definition</b></td></tr><tr><td style=\"white-space:nowrap\"><a name=\"http---openhie.org-fhir-sri-lanka-CodeSystem-cs-follow-up-reasons-Followed-in-3-months-at-hlc\"> </a>\u00a0\u00a0<a href=\"CodeSystem-cs-follow-up-reasons.html#cs-follow-up-reasons-Followed-in-3-months-at-hlc\">Followed-in-3-months-at-hlc</a></td><td>http://openhie.org/fhir/sri-lanka/CodeSystem/cs-follow-up-reasons</td><td>Followed in 3 months at HLC</td><td><div><p>Sri Lanka team to provide defitinion for this coded value</p>\n</div></td></tr><tr><td style=\"white-space:nowrap\"><a name=\"http---openhie.org-fhir-sri-lanka-CodeSystem-cs-follow-up-reasons-Followed-in-6-months-at-hlc\"> </a>\u00a0\u00a0<a href=\"CodeSystem-cs-follow-up-reasons.html#cs-follow-up-reasons-Followed-in-6-months-at-hlc\">Followed-in-6-months-at-hlc</a></td><td>http://openhie.org/fhir/sri-lanka/CodeSystem/cs-follow-up-reasons</td><td>Followed in 6 months at HLC</td><td><div><p>Sri Lanka team to provide defitinion for this coded value</p>\n</div></td></tr><tr><td style=\"white-space:nowrap\"><a name=\"http---openhie.org-fhir-sri-lanka-CodeSystem-cs-follow-up-reasons-Followed-in-1-year-at-hlc\"> </a>\u00a0\u00a0<a href=\"CodeSystem-cs-follow-up-reasons.html#cs-follow-up-reasons-Followed-in-1-year-at-hlc\">Followed-in-1-year-at-hlc</a></td><td>http://openhie.org/fhir/sri-lanka/CodeSystem/cs-follow-up-reasons</td><td>Followed in 1 year at HLC</td><td><div><p>Sri Lanka team to provide defitinion for this coded value</p>\n</div></td></tr><tr><td style=\"white-space:nowrap\"><a name=\"http---openhie.org-fhir-sri-lanka-CodeSystem-cs-follow-up-reasons-Followed-in-3-years-at-hlc\"> </a>\u00a0\u00a0<a href=\"CodeSystem-cs-follow-up-reasons.html#cs-follow-up-reasons-Followed-in-3-years-at-hlc\">Followed-in-3-years-at-hlc</a></td><td>http://openhie.org/fhir/sri-lanka/CodeSystem/cs-follow-up-reasons</td><td>Followed in 3 years at HLC</td><td><div><p>Sri Lanka team to provide defitinion for this coded value</p>\n</div></td></tr></table></div>"
      },
      "url" : "http://openhie.org/fhir/sri-lanka/ValueSet/vs-follow-up-reasons",
      "version" : "0.1.0",
      "name" : "VSFollowUpReasons",
      "title" : "Follow up at HLC",
      "status" : "active",
      "experimental" : false,
      "date" : "2023-10-10T17:27:27+00:00",
      "jurisdiction" : [{
        "coding" : [{
          "system" : "http://unstats.un.org/unsd/methods/m49/m49.htm",
          "code" : "001",
          "display" : "World"
        }]
      }],
      "expansion" : {
        "identifier" : "urn:uuid:41209f61-8a29-49bb-9b43-0942fae49879",
        "timestamp" : "2023-10-10T17:28:24+00:00",
        "total" : 4,
        "parameter" : [{
          "name" : "excludeNested",
          "valueBoolean" : false
        },
        {
          "name" : "used-codesystem",
          "valueUri" : "http://openhie.org/fhir/sri-lanka/CodeSystem/cs-follow-up-reasons|0.1.0"
        }],
        "contains" : [{
          "system" : "http://openhie.org/fhir/sri-lanka/CodeSystem/cs-follow-up-reasons",
          "code" : "Followed-in-3-months-at-hlc",
          "display" : "Followed in 3 months at HLC"
        },
        {
          "system" : "http://openhie.org/fhir/sri-lanka/CodeSystem/cs-follow-up-reasons",
          "code" : "Followed-in-6-months-at-hlc",
          "display" : "Followed in 6 months at HLC"
        },
        {
          "system" : "http://openhie.org/fhir/sri-lanka/CodeSystem/cs-follow-up-reasons",
          "code" : "Followed-in-1-year-at-hlc",
          "display" : "Followed in 1 year at HLC"
        },
        {
          "system" : "http://openhie.org/fhir/sri-lanka/CodeSystem/cs-follow-up-reasons",
          "code" : "Followed-in-3-years-at-hlc",
          "display" : "Followed in 3 years at HLC"
        }]
      }
    }
  },
  {
    "fullUrl" : "http://openhie.org/fhir/sri-lanka/ValueSet/vs-medical-conditions",
    "resource" : {
      "resourceType" : "ValueSet",
      "text" : {
        "status" : "generated",
        "div" : "<div xmlns=\"http://www.w3.org/1999/xhtml\"><p>This value set contains 3 concepts</p><p style=\"border: black 1px dotted; background-color: #EEEEEE; padding: 8px; margin-bottom: 8px\">Expansion based on <a href=\"CodeSystem-cs-medical-conditions.html\">codesystem Conditions v0.1.0 (CodeSystem)</a></p><table class=\"codes\"><tr><td style=\"white-space:nowrap\"><b>Code</b></td><td><b>System</b></td><td><b>Display</b></td><td><b>Definition</b></td></tr><tr><td style=\"white-space:nowrap\"><a name=\"http---openhie.org-fhir-sri-lanka-CodeSystem-cs-medical-conditions-Bronchial-asthma\"> </a>\u00a0\u00a0<a href=\"CodeSystem-cs-medical-conditions.html#cs-medical-conditions-Bronchial-asthma\">Bronchial-asthma</a></td><td>http://openhie.org/fhir/sri-lanka/CodeSystem/cs-medical-conditions</td><td>Bronchial Asthma</td><td><div><p>Sri Lanka team to provide defitinion for this coded value</p>\n</div></td></tr><tr><td style=\"white-space:nowrap\"><a name=\"http---openhie.org-fhir-sri-lanka-CodeSystem-cs-medical-conditions-Diabetes\"> </a>\u00a0\u00a0<a href=\"CodeSystem-cs-medical-conditions.html#cs-medical-conditions-Diabetes\">Diabetes</a></td><td>http://openhie.org/fhir/sri-lanka/CodeSystem/cs-medical-conditions</td><td>Diabetes</td><td><div><p>Sri Lanka team to provide defitinion for this coded value</p>\n</div></td></tr><tr><td style=\"white-space:nowrap\"><a name=\"http---openhie.org-fhir-sri-lanka-CodeSystem-cs-medical-conditions-Cerebrovascular-Accident\"> </a>\u00a0\u00a0<a href=\"CodeSystem-cs-medical-conditions.html#cs-medical-conditions-Cerebrovascular-Accident\">Cerebrovascular-Accident</a></td><td>http://openhie.org/fhir/sri-lanka/CodeSystem/cs-medical-conditions</td><td>Cerebrovascular Accident</td><td><div><p>Sri Lanka team to provide defitinion for this coded value</p>\n</div></td></tr></table></div>"
      },
      "url" : "http://openhie.org/fhir/sri-lanka/ValueSet/vs-medical-conditions",
      "version" : "0.1.0",
      "name" : "VSMedicalConditions",
      "title" : "Conditions",
      "status" : "active",
      "experimental" : false,
      "date" : "2023-10-10T17:27:27+00:00",
      "jurisdiction" : [{
        "coding" : [{
          "system" : "http://unstats.un.org/unsd/methods/m49/m49.htm",
          "code" : "001",
          "display" : "World"
        }]
      }],
      "expansion" : {
        "identifier" : "urn:uuid:b32c82ec-3834-4a76-b999-ca762d50cca6",
        "timestamp" : "2023-10-10T17:28:24+00:00",
        "total" : 3,
        "parameter" : [{
          "name" : "excludeNested",
          "valueBoolean" : false
        },
        {
          "name" : "used-codesystem",
          "valueUri" : "http://openhie.org/fhir/sri-lanka/CodeSystem/cs-medical-conditions|0.1.0"
        }],
        "contains" : [{
          "system" : "http://openhie.org/fhir/sri-lanka/CodeSystem/cs-medical-conditions",
          "code" : "Bronchial-asthma",
          "display" : "Bronchial Asthma"
        },
        {
          "system" : "http://openhie.org/fhir/sri-lanka/CodeSystem/cs-medical-conditions",
          "code" : "Diabetes",
          "display" : "Diabetes"
        },
        {
          "system" : "http://openhie.org/fhir/sri-lanka/CodeSystem/cs-medical-conditions",
          "code" : "Cerebrovascular-Accident",
          "display" : "Cerebrovascular Accident"
        }]
      }
    }
  },
  {
    "fullUrl" : "http://openhie.org/fhir/sri-lanka/ValueSet/vs-risk-behaviour-physical-activity",
    "resource" : {
      "resourceType" : "ValueSet",
      "text" : {
        "status" : "generated",
        "div" : "<div xmlns=\"http://www.w3.org/1999/xhtml\"><p>This value set contains 2 concepts</p><p style=\"border: black 1px dotted; background-color: #EEEEEE; padding: 8px; margin-bottom: 8px\">Expansion based on <a href=\"CodeSystem-cs-risk-behaviour-physical-activity.html\">codesystem Risk Assessment - Physical Activity v0.1.0 (CodeSystem)</a></p><table class=\"codes\"><tr><td style=\"white-space:nowrap\"><b>Code</b></td><td><b>System</b></td><td><b>Display</b></td><td><b>Definition</b></td></tr><tr><td style=\"white-space:nowrap\"><a name=\"http---openhie.org-fhir-sri-lanka-CodeSystem-cs-risk-behaviour-physical-activity-Physically-active\"> </a>\u00a0\u00a0<a href=\"CodeSystem-cs-risk-behaviour-physical-activity.html#cs-risk-behaviour-physical-activity-Physically-active\">Physically-active</a></td><td>http://openhie.org/fhir/sri-lanka/CodeSystem/cs-risk-behaviour-physical-activity</td><td>Physically active</td><td><div><p>Sri Lanka team to provide defitinion for this coded value</p>\n</div></td></tr><tr><td style=\"white-space:nowrap\"><a name=\"http---openhie.org-fhir-sri-lanka-CodeSystem-cs-risk-behaviour-physical-activity-Physically-not-active\"> </a>\u00a0\u00a0<a href=\"CodeSystem-cs-risk-behaviour-physical-activity.html#cs-risk-behaviour-physical-activity-Physically-not-active\">Physically-not-active</a></td><td>http://openhie.org/fhir/sri-lanka/CodeSystem/cs-risk-behaviour-physical-activity</td><td>Physically not active</td><td><div><p>Sri Lanka team to provide defitinion for this coded value</p>\n</div></td></tr></table></div>"
      },
      "url" : "http://openhie.org/fhir/sri-lanka/ValueSet/vs-risk-behaviour-physical-activity",
      "version" : "0.1.0",
      "name" : "VSRiskBehaviourPhysicalActivity",
      "title" : "Risk Assessment - Physical Activity",
      "status" : "active",
      "experimental" : false,
      "date" : "2023-10-10T17:27:27+00:00",
      "jurisdiction" : [{
        "coding" : [{
          "system" : "http://unstats.un.org/unsd/methods/m49/m49.htm",
          "code" : "001",
          "display" : "World"
        }]
      }],
      "expansion" : {
        "identifier" : "urn:uuid:ded249b5-f415-432c-80c1-19baf63262ec",
        "timestamp" : "2023-10-10T17:28:24+00:00",
        "total" : 2,
        "parameter" : [{
          "name" : "excludeNested",
          "valueBoolean" : false
        },
        {
          "name" : "used-codesystem",
          "valueUri" : "http://openhie.org/fhir/sri-lanka/CodeSystem/cs-risk-behaviour-physical-activity|0.1.0"
        }],
        "contains" : [{
          "system" : "http://openhie.org/fhir/sri-lanka/CodeSystem/cs-risk-behaviour-physical-activity",
          "code" : "Physically-active",
          "display" : "Physically active"
        },
        {
          "system" : "http://openhie.org/fhir/sri-lanka/CodeSystem/cs-risk-behaviour-physical-activity",
          "code" : "Physically-not-active",
          "display" : "Physically not active"
        }]
      }
    }
  },
  {
    "fullUrl" : "http://openhie.org/fhir/sri-lanka/ValueSet/vs-risk-behaviour-tobacco-smoker",
    "resource" : {
      "resourceType" : "ValueSet",
      "text" : {
        "status" : "generated",
        "div" : "<div xmlns=\"http://www.w3.org/1999/xhtml\"><p>This value set contains 2 concepts</p><p style=\"border: black 1px dotted; background-color: #EEEEEE; padding: 8px; margin-bottom: 8px\">Expansion based on <a href=\"CodeSystem-cs-risk-behaviour-tobacco-smoker.html\">codesystem Risk Assessment - Tobacco Smoker v0.1.0 (CodeSystem)</a></p><table class=\"codes\"><tr><td style=\"white-space:nowrap\"><b>Code</b></td><td><b>System</b></td><td><b>Display</b></td><td><b>Definition</b></td></tr><tr><td style=\"white-space:nowrap\"><a name=\"http---openhie.org-fhir-sri-lanka-CodeSystem-cs-risk-behaviour-tobacco-smoker-Non-User\"> </a>\u00a0\u00a0<a href=\"CodeSystem-cs-risk-behaviour-tobacco-smoker.html#cs-risk-behaviour-tobacco-smoker-Non-User\">Non-User</a></td><td>http://openhie.org/fhir/sri-lanka/CodeSystem/cs-risk-behaviour-tobacco-smoker</td><td>Non-User</td><td><div><p>Sri Lanka team to provide defitinion for this coded value</p>\n</div></td></tr><tr><td style=\"white-space:nowrap\"><a name=\"http---openhie.org-fhir-sri-lanka-CodeSystem-cs-risk-behaviour-tobacco-smoker-User\"> </a>\u00a0\u00a0<a href=\"CodeSystem-cs-risk-behaviour-tobacco-smoker.html#cs-risk-behaviour-tobacco-smoker-User\">User</a></td><td>http://openhie.org/fhir/sri-lanka/CodeSystem/cs-risk-behaviour-tobacco-smoker</td><td>User</td><td><div><p>Sri Lanka team to provide defitinion for this coded value</p>\n</div></td></tr></table></div>"
      },
      "url" : "http://openhie.org/fhir/sri-lanka/ValueSet/vs-risk-behaviour-tobacco-smoker",
      "version" : "0.1.0",
      "name" : "VSRiskBehaviourTobaccoSmoker",
      "title" : "Risk Assessment - Tobacco Smoker",
      "status" : "active",
      "experimental" : false,
      "date" : "2023-10-10T17:27:27+00:00",
      "jurisdiction" : [{
        "coding" : [{
          "system" : "http://unstats.un.org/unsd/methods/m49/m49.htm",
          "code" : "001",
          "display" : "World"
        }]
      }],
      "expansion" : {
        "identifier" : "urn:uuid:a1f3582e-63d6-40dd-b67c-7893ccdfebff",
        "timestamp" : "2023-10-10T17:28:24+00:00",
        "total" : 2,
        "parameter" : [{
          "name" : "excludeNested",
          "valueBoolean" : false
        },
        {
          "name" : "used-codesystem",
          "valueUri" : "http://openhie.org/fhir/sri-lanka/CodeSystem/cs-risk-behaviour-tobacco-smoker|0.1.0"
        }],
        "contains" : [{
          "system" : "http://openhie.org/fhir/sri-lanka/CodeSystem/cs-risk-behaviour-tobacco-smoker",
          "code" : "Non-User",
          "display" : "Non-User"
        },
        {
          "system" : "http://openhie.org/fhir/sri-lanka/CodeSystem/cs-risk-behaviour-tobacco-smoker",
          "code" : "User",
          "display" : "User"
        }]
      }
    }
  }]
}