{
  "codeSystems" : [
    {
      "url" : "http://hl7.org/fhir/ValueSet/administrative-gender",
      "version" : "4.0.1",
      "status" : "active",
      "name" : "AdministrativeGender",
      "title" : "AdministrativeGender",
      "description" : "The gender of a person used for administrative purposes.",
      "systems" : ["http://hl7.org/fhir/administrative-gender"],
      "oids" : ["2.16.840.1.113883.4.642.3.1"],
      "sources" : ["2.16.840.1.113883.4.642.3.1"],
      "uses" : {
      },
      "StructureDefinition-HIMSPatientRegistrationDataDictionary.html" : "HIMS Patient Registration",
      "Questionnaire-HIMSRegisterPatientQuestionnaire.html" : "HIMS Patient Registration Questionnaire"
    },
    {
      "url" : "http://hl7.org/fhir/ValueSet/encounter-reason",
      "version" : "4.0.1",
      "status" : "draft",
      "name" : "EncounterReasonCodes",
      "title" : "Encounter Reason Codes",
      "description" : "This examples value set defines the set of codes that can be used to indicate reasons for an encounter.",
      "systems" : ["http://snomed.info/sct"],
      "oids" : ["2.16.840.1.113883.4.642.3.261"],
      "sources" : ["2.16.840.1.113883.4.642.3.261"],
      "uses" : {
      },
      "StructureDefinition-target-facility-encounter.html" : "Target Facility Encounter"
    },
    {
      "url" : "http://hl7.org/fhir/ValueSet/medication-codes",
      "version" : "4.0.1",
      "status" : "draft",
      "name" : "SNOMEDCTMedicationCodes",
      "title" : "SNOMED CT Medication Codes",
      "description" : "This value set includes all drug or medicament substance codes and all pharmaceutical/biologic products from SNOMED CT - provided as an exemplar value set.",
      "systems" : ["http://snomed.info/sct"],
      "oids" : ["2.16.840.1.113883.4.642.3.375"],
      "sources" : ["2.16.840.1.113883.4.642.3.375"],
      "uses" : {
      },
      "StructureDefinition-injection.html" : "Injections"
    },
    {
      "url" : "http://hl7.org/fhir/ValueSet/procedure-code",
      "version" : "4.0.1",
      "status" : "draft",
      "name" : "ProcedureCodes(SNOMEDCT)",
      "title" : "Procedure Codes (SNOMED CT)",
      "description" : "Procedure Code: All SNOMED CT procedure codes.",
      "systems" : ["http://snomed.info/sct"],
      "oids" : ["2.16.840.1.113883.4.642.3.427"],
      "sources" : ["2.16.840.1.113883.4.642.3.427"],
      "uses" : {
      },
      "StructureDefinition-general-referral-request.html" : "General Referral Request",
      "StructureDefinition-generic-service-request.html" : "Generic Service Request"
    },
    {
      "url" : "http://hl7.org/fhir/ValueSet/route-codes",
      "version" : "4.0.1",
      "status" : "draft",
      "name" : "SNOMEDCTRouteCodes",
      "title" : "SNOMED CT Route Codes",
      "description" : "This value set includes all Route codes from SNOMED CT - provided as an exemplar.",
      "systems" : ["http://snomed.info/sct"],
      "oids" : ["2.16.840.1.113883.4.642.3.98"],
      "sources" : ["2.16.840.1.113883.4.642.3.98"],
      "uses" : {
      },
      "StructureDefinition-injection.html" : "Injections"
    },
    {
      "url" : "http://openhie.org/fhir/sri-lanka/ValueSet/vs-allergies",
      "version" : "0.1.0",
      "status" : "active",
      "name" : "VSAllergies",
      "title" : "Allergies",
      "description" : "Allergies",
      "systems" : ["http://snomed.info/sct"],
      "uses" : {
      },
      "StructureDefinition-allergy-intolerance.html" : "Allergy Intolerance"
    },
    {
      "url" : "http://openhie.org/fhir/sri-lanka/ValueSet/vs-cvd-risk-category",
      "version" : "0.1.0",
      "status" : "active",
      "name" : "VSCVDRiskCategory",
      "title" : "Cardiovascular Risk Categories",
      "description" : "Cardiovascular risk is expressed as a percentage",
      "systems" : [
        "http://openhie.org/fhir/sri-lanka/CodeSystem/cs-cvd-risk-category"
      ],
      "uses" : {
      },
      "StructureDefinition-cvd-risk-category.html" : "Cardiovascular Risk Assessment"
    },
    {
      "url" : "http://openhie.org/fhir/sri-lanka/ValueSet/vs-follow-up-plan",
      "version" : "0.1.0",
      "status" : "active",
      "name" : "VSFollowUpPlan",
      "title" : "Follow-up plan",
      "description" : "Follow-up plan",
      "systems" : ["http://snomed.info/sct"],
      "uses" : {
      },
      "StructureDefinition-follow-up-plan.html" : "Referral Request For Follow-up Plan"
    },
    {
      "url" : "http://openhie.org/fhir/sri-lanka/ValueSet/vs-follow-up-reasons",
      "version" : "0.1.0",
      "status" : "active",
      "name" : "VSFollowUpReasons",
      "title" : "Follow up at HLC",
      "description" : "Follow up at Healthy Lifestyle Center",
      "systems" : [
        "http://snomed.info/sct",
        "http://openhie.org/fhir/sri-lanka/CodeSystem/cs-follow-up-reasons"
      ],
      "uses" : {
      },
      "StructureDefinition-follow-up-plan.html" : "Referral Request For Follow-up Plan"
    },
    {
      "url" : "http://openhie.org/fhir/sri-lanka/ValueSet/vs-investigation",
      "version" : "0.1.0",
      "status" : "active",
      "name" : "VSInvestigations",
      "title" : "Investigations",
      "description" : "Investigations",
      "systems" : [
        "http://openhie.org/fhir/sri-lanka/CodeSystem/cs-investigation"
      ],
      "uses" : {
      },
      "StructureDefinition-investigations-request.html" : "Investigations Request"
    },
    {
      "url" : "http://openhie.org/fhir/sri-lanka/ValueSet/vs-medical-conditions",
      "version" : "0.1.0",
      "status" : "active",
      "name" : "VSMedicalConditions",
      "title" : "Conditions",
      "description" : "Represents previous, pre-existing and new conditions.",
      "systems" : ["http://snomed.info/sct"],
      "uses" : {
      },
      "StructureDefinition-medical-history.html" : "Medical History",
      "StructureDefinition-HIMSMedicalHistoryDataDictionary.html" : "HIMS Medical History",
      "Questionnaire-HIMSMedicalHistoryQuestionnaire.html" : "HIMS Medical History Questionnaire"
    },
    {
      "url" : "http://openhie.org/fhir/sri-lanka/ValueSet/vs-medication-name",
      "version" : "0.1.0",
      "status" : "active",
      "name" : "VSMedicationNames",
      "title" : "Medication Names",
      "description" : "Medication Names",
      "systems" : [
        "http://openhie.org/fhir/sri-lanka/CodeSystem/cs-medication-name"
      ],
      "uses" : {
      },
      "StructureDefinition-medication-request.html" : "Prescription Request",
      "StructureDefinition-drug-dispensation.html" : "Drug Dispensation"
    },
    {
      "url" : "http://openhie.org/fhir/sri-lanka/ValueSet/vs-procedure",
      "version" : "0.1.0",
      "status" : "active",
      "name" : "VSProcedures",
      "title" : "Procedures",
      "description" : "Other Procedures",
      "systems" : [
        "http://openhie.org/fhir/sri-lanka/CodeSystem/cs-procedure-imaging",
        "http://openhie.org/fhir/sri-lanka/CodeSystem/cs-procedure"
      ],
      "uses" : {
      },
      "StructureDefinition-procedure.html" : "Procedures"
    },
    {
      "url" : "http://openhie.org/fhir/sri-lanka/ValueSet/vs-procedure-imaging",
      "version" : "0.1.0",
      "status" : "active",
      "name" : "VSImagingProcedures",
      "title" : "Procedures",
      "description" : "Imaging Procedures",
      "systems" : [
        "http://openhie.org/fhir/sri-lanka/CodeSystem/cs-procedure-imaging"
      ],
      "uses" : {
      },
      "StructureDefinition-imaging-request.html" : "Imaging Request"
    },
    {
      "url" : "http://openhie.org/fhir/sri-lanka/ValueSet/vs-reason-for-encounter",
      "version" : "0.1.0",
      "status" : "active",
      "name" : "VSReasonForEncounter",
      "title" : "Reason For Encounter",
      "description" : "Encounter reasons.",
      "systems" : [
        "http://openhie.org/fhir/sri-lanka/CodeSystem/cs-reason-for-encounter"
      ]
    },
    {
      "url" : "http://openhie.org/fhir/sri-lanka/ValueSet/vs-risk-behaviour-physical-activity",
      "version" : "0.1.0",
      "status" : "active",
      "name" : "VSRiskBehaviourPhysicalActivity",
      "title" : "Physical Activity",
      "description" : "Physical Activity Status",
      "systems" : ["http://snomed.info/sct"],
      "uses" : {
      },
      "StructureDefinition-HIMSRiskBehaviourDataDictionary.html" : "HIMS Risk Behaviour",
      "Questionnaire-HIMSRiskBehaviourQuestionnaire-PhysicalActivity.html" : "HIMS Risk Behaviour Questionnaire",
      "StructureDefinition-risk-behaviour-physical-activity.html" : "Physical Activity Status Observation"
    },
    {
      "url" : "http://openhie.org/fhir/sri-lanka/ValueSet/vs-risk-behaviour-tobacco-smoker",
      "version" : "0.1.0",
      "status" : "active",
      "name" : "VSRiskBehaviourTobaccoSmoker",
      "title" : "Tobacco Smoker",
      "description" : "Tobacco Smoker Status",
      "systems" : ["http://snomed.info/sct"],
      "uses" : {
      },
      "Questionnaire-HIMSRiskBehaviourQuestionnaire-TobaccoSmoking.html" : "HIMS Risk Behaviour Questionnaire",
      "StructureDefinition-HIMSRiskBehaviourDataDictionary.html" : "HIMS Risk Behaviour",
      "StructureDefinition-risk-behaviour-tobacco-smoker.html" : "Tobacco Smoker Observation"
    }
  ]
}
