<?xml version="1.0" encoding="UTF-8"?>

<ServiceRequest xmlns="http://hl7.org/fhir">
  <id value="FollowUpPlanServiceRequestExample"/>
  <meta>
    <profile value="http://openhie.org/fhir/sri-lanka/StructureDefinition/follow-up-plan"/>
  </meta>
  <text>
    <status value="generated"/><div xmlns="http://www.w3.org/1999/xhtml"><p><b>Generated Narrative: ServiceRequest</b><a name="FollowUpPlanServiceRequestExample"> </a></p><div style="display: inline-block; background-color: #d9e0e7; padding: 6px; margin: 4px; border: 1px solid #8da1b4; border-radius: 5px; line-height: 60%"><p style="margin-bottom: 0px">Resource ServiceRequest &quot;FollowUpPlanServiceRequestExample&quot; </p><p style="margin-bottom: 0px">Profile: <a href="StructureDefinition-follow-up-plan.html">Referral Request For Follow-up Plan</a></p></div><p><b>status</b>: completed</p><p><b>intent</b>: order</p><p><b>code</b>: Follow up at HLC <span style="background: LightGoldenRodYellow; margin: 4px; border: 1px solid khaki"> (<a href="CodeSystem-cs-follow-up-plan.html">Follow-up plan</a>#Follow-up-at-hlc)</span></p><p><b>subject</b>: <a href="Patient-HIMSPatientExample.html">Patient/HIMSPatientExample</a> &quot; SMITH&quot;</p><p><b>encounter</b>: <a href="Encounter-TargetFacilityEncounterExample.html">Encounter/TargetFacilityEncounterExample</a></p><p><b>occurrence</b>: Count 1 times, Duration 3?ngen-7?, Once</p><p><b>requester</b>: <a href="Practitioner-GeneralPractitionerExample.html">Practitioner/GeneralPractitionerExample</a> &quot; SMITH&quot;</p><p><b>locationReference</b>: <a href="Location-ProvidersLocationExample.html">Location/ProvidersLocationExample</a> &quot;Name for the location&quot;</p><p><b>reasonCode</b>: Followed in 6 months at HLC <span style="background: LightGoldenRodYellow; margin: 4px; border: 1px solid khaki"> (<a href="CodeSystem-cs-follow-up-reasons.html">Follow up at HLC</a>#Followed-in-6-months-at-hlc)</span></p></div>
  </text>
  <status value="completed"/>
  <intent value="order"/>
  <code>
    <coding>
      <system value="http://openhie.org/fhir/sri-lanka/CodeSystem/cs-follow-up-plan"/>
      <code value="Follow-up-at-hlc"/>
    </coding>
    <text value="Follow up at HLC"/>
  </code>
  <subject>
    <reference value="Patient/HIMSPatientExample"/>
  </subject>
  <encounter>
    <reference value="Encounter/TargetFacilityEncounterExample"/>
  </encounter>
  <occurrenceTiming>
    <repeat>
      <count value="1"/>
      <duration value="3"/>
      <durationUnit value="mo"/>
    </repeat>
  </occurrenceTiming>
  <requester>
    <reference value="Practitioner/GeneralPractitionerExample"/>
  </requester>
  <locationReference>
    <reference value="Location/ProvidersLocationExample"/>
  </locationReference>
  <reasonCode>
    <coding>
      <system value="http://openhie.org/fhir/sri-lanka/CodeSystem/cs-follow-up-reasons"/>
      <code value="Followed-in-6-months-at-hlc"/>
    </coding>
    <text value="Followed in 6 months at HLC"/>
  </reasonCode>
</ServiceRequest>