{
  "resourceType" : "CodeSystem",
  "id" : "cs-injection",
  "text" : {
    "status" : "generated",
    "div" : "<div xmlns=\"http://www.w3.org/1999/xhtml\"><p>This case-sensitive code system <code>http://openhie.org/fhir/sri-lanka/CodeSystem/cs-injection</code> defines the following codes:</p><table class=\"codes\"><tr><td style=\"white-space:nowrap\"><b>Code</b></td><td><b>Display</b></td><td><b>Definition</b></td></tr><tr><td style=\"white-space:nowrap\">dummy-1<a name=\"cs-injection-dummy-1\"> </a></td><td>Dummy 1</td><td>Needs definition</td></tr><tr><td style=\"white-space:nowrap\">dummy-2<a name=\"cs-injection-dummy-2\"> </a></td><td>Dummy 2</td><td>Needs definition</td></tr></table></div>"
  },
  "url" : "http://openhie.org/fhir/sri-lanka/CodeSystem/cs-injection",
  "version" : "0.1.0",
  "name" : "CSInjections",
  "title" : "Injections",
  "status" : "active",
  "experimental" : false,
  "date" : "2023-10-16T06:39:53+00:00",
  "publisher" : "Jembi Health Systems",
  "contact" : [{
    "name" : "Jembi Health Systems",
    "telecom" : [{
      "system" : "url",
      "value" : "https://www.jembi.org"
    },
    {
      "system" : "email",
      "value" : "info@jembi.org"
    }]
  },
  {
    "name" : "Richard Langford",
    "telecom" : [{
      "system" : "email",
      "value" : "richard.langford@jembi.org",
      "use" : "work"
    }]
  }],
  "description" : "Injections",
  "jurisdiction" : [{
    "coding" : [{
      "system" : "http://unstats.un.org/unsd/methods/m49/m49.htm",
      "code" : "001",
      "display" : "World"
    }]
  }],
  "caseSensitive" : true,
  "content" : "complete",
  "count" : 2,
  "concept" : [{
    "code" : "dummy-1",
    "display" : "Dummy 1",
    "definition" : "Needs definition"
  },
  {
    "code" : "dummy-2",
    "display" : "Dummy 2",
    "definition" : "Needs definition"
  }]
}