URL,Version,Status,OIDs,Name,Title,Descriptino,Used
http://openhie.org/fhir/sri-lanka/CodeSystem/cs-cvd-risk-category,0.1.0,active,,CSCVDRiskCategory,Cardiovascular Risk Categories,"Cardiovascular risk is expressed as a percentage",
http://openhie.org/fhir/sri-lanka/CodeSystem/cs-follow-up-reasons,0.1.0,active,,CSFollowUpReasons,Follow up at HLC,"Follow up at Healthy Lifestyle Center",
http://openhie.org/fhir/sri-lanka/CodeSystem/cs-identifier-types,0.1.0,active,,CSIdentifierTypes,Patient Business Identifier Types,"Patient Business Identifier Types",
http://openhie.org/fhir/sri-lanka/CodeSystem/cs-investigation,0.1.0,active,,CSInvestigations,Investigations,"Investigations",
http://openhie.org/fhir/sri-lanka/CodeSystem/cs-medication-name,0.1.0,active,,CSMedicationNames,Medication Names,"Medication Names",
http://openhie.org/fhir/sri-lanka/CodeSystem/cs-procedure,0.1.0,active,,CSProcedures,Procedures,"Other Procedures",
http://openhie.org/fhir/sri-lanka/CodeSystem/cs-procedure-imaging,0.1.0,active,,CSImagingProcedures,Procedures,"Imaging Procedures",
http://openhie.org/fhir/sri-lanka/CodeSystem/cs-reason-for-encounter,0.1.0,active,,CSReasonForEncounter,Reason For Encounter,"Encounter reasons.",
