<?xml version="1.0" encoding="UTF-8"?>

<Location xmlns="http://hl7.org/fhir">
  <id value="ProvidersLocationExample"/>
  <meta>
    <profile value="http://openhie.org/fhir/sri-lanka/StructureDefinition/providers-location"/>
  </meta>
  <text>
    <status value="generated"/><div xmlns="http://www.w3.org/1999/xhtml"><p><b>Generated Narrative: Location</b><a name="ProvidersLocationExample"> </a></p><div style="display: inline-block; background-color: #d9e0e7; padding: 6px; margin: 4px; border: 1px solid #8da1b4; border-radius: 5px; line-height: 60%"><p style="margin-bottom: 0px">Resource Location &quot;ProvidersLocationExample&quot; </p><p style="margin-bottom: 0px">Profile: <a href="StructureDefinition-providers-location.html">Providers Location</a></p></div><p><b>identifier</b>: Provider location identifier: A provider's location may be associated with multiple identifiers.</p><p><b>status</b>: active</p><p><b>name</b>: Name for the location</p><p><b>telecom</b>: <a href="tel:+27829999999">+27829999999</a>, <a href="mailto:someone@something.com">someone@something.com</a>, <a href="mailto:someone2@something.com">someone2@something.com</a></p><p><b>address</b>: 177 Nawala Road Nugegoda Colombo 32350 Sri Lanka </p><p><b>managingOrganization</b>: <a href="Organization-OrganizationExample.html">Organization/OrganizationExample</a> &quot;Some Health Facility&quot;</p></div>
  </text>
  <identifier>
    <extension url="http://openhie.org/fhir/sri-lanka/StructureDefinition/multiple-values-for-patient-identifier">
      <valueString value="Location-ID-1"/>
    </extension>
    <extension url="http://openhie.org/fhir/sri-lanka/StructureDefinition/multiple-values-for-patient-identifier">
      <valueString value="Location-ID-2"/>
    </extension>
    <type>
      <coding>
        <system value="http://terminology.hl7.org/CodeSystem/v2-0203"/>
        <code value="PIN"/>
      </coding>
      <text value="Provider location identifier"/>
    </type>
    <system value="http://openhie.org/fhir/sri-lanka/identifier/provider-location"/>
    <value value="A provider's location may be associated with multiple identifiers."/>
  </identifier>
  <status value="active"/>
  <name value="Name for the location"/>
  <telecom>
    <system value="phone"/>
    <value value="+27829999999"/>
  </telecom>
  <telecom>
    <system value="email"/>
    <value value="someone@something.com"/>
  </telecom>
  <telecom>
    <system value="email"/>
    <value value="someone2@something.com"/>
  </telecom>
  <address>
    <type value="postal"/>
    <line value="177"/>
    <line value="Nawala Road"/>
    <city value="Nugegoda"/>
    <district value="Ampara"/>
    <state value="Colombo"/>
    <postalCode value="32350"/>
    <country value="Sri Lanka"/>
  </address>
  <managingOrganization>
    <reference value="Organization/OrganizationExample"/>
  </managingOrganization>
</Location>