<?xml version="1.0" encoding="UTF-8"?>

<Bundle xmlns="http://hl7.org/fhir">
  <id value="HHIMS-Transactional-Bundle"/>
  <type value="transaction"/>
  <entry>
    <fullUrl value="Patient/HHIMSPatientExample"/>
    <resource>
      <Patient>
        <id value="HHIMSPatientExample"/>
        <meta>
          <profile value="http://openhie.org/fhir/sri-lanka/StructureDefinition/hhims-patient"/>
        </meta>
        <text>
          <status value="generated"/><div xmlns="http://www.w3.org/1999/xhtml"><p><b>Generated Narrative: Patient</b><a name="HHIMSPatientExample"> </a></p><div style="display: inline-block; background-color: #d9e0e7; padding: 6px; margin: 4px; border: 1px solid #8da1b4; border-radius: 5px; line-height: 60%"><p style="margin-bottom: 0px">Resource Patient &quot;HHIMSPatientExample&quot; </p><p style="margin-bottom: 0px">Profile: <a href="StructureDefinition-hhims-patient.html">HHIMS Patient</a></p></div><p><b>identifier</b>: Personal Health Number: personal health number, National identity number: A patient may have multiple national identity numbers.</p><p><b>name</b>: Mr. Mike John Smith (OFFICIAL)</p><p><b>telecom</b>: <a href="tel:+27829999999">+27829999999</a>, <a href="mailto:someone@something.com">someone@something.com</a>, <a href="mailto:someone2@something.com">someone2@something.com</a></p><p><b>gender</b>: male</p><p><b>birthDate</b>: 1983-05-22</p><p><b>address</b>: 177 Nawala Road Nugegoda Colombo 32350 Sri Lanka </p></div>
        </text>
        <identifier>
          <type>
            <coding>
              <system value="http://openhie.org/fhir/sri-lanka/CodeSystem/cs-identifier-types"/>
              <code value="PHN"/>
            </coding>
            <text value="Personal Health Number"/>
          </type>
          <system value="http://openhie.org/fhir/sri-lanka/identifier/phn"/>
          <value value="personal health number"/>
        </identifier>
        <identifier>
          <extension url="http://openhie.org/fhir/sri-lanka/StructureDefinition/multiple-values-for-patient-identifier">
            <valueString value="National identity number-1"/>
          </extension>
          <extension url="http://openhie.org/fhir/sri-lanka/StructureDefinition/multiple-values-for-patient-identifier">
            <valueString value="National identity number-2"/>
          </extension>
          <type>
            <coding>
              <system value="http://terminology.hl7.org/CodeSystem/v2-0203"/>
              <code value="NNLKA"/>
            </coding>
            <text value="National identity number"/>
          </type>
          <system value="http://openhie.org/fhir/sri-lanka/identifier/nic"/>
          <value value="A patient may have multiple national identity numbers."/>
        </identifier>
        <name>
          <use value="official"/>
          <family value="Smith"/>
          <given value="Mr."/>
          <given value="Mike"/>
          <given value="John"/>
        </name>
        <telecom>
          <system value="phone"/>
          <value value="+27829999999"/>
        </telecom>
        <telecom>
          <system value="email"/>
          <value value="someone@something.com"/>
        </telecom>
        <telecom>
          <system value="email"/>
          <value value="someone2@something.com"/>
        </telecom>
        <gender value="male"/>
        <birthDate value="1983-05-22"/>
        <address>
          <type value="postal"/>
          <line value="177"/>
          <line value="Nawala Road"/>
          <city value="Nugegoda"/>
          <district value="Ampara"/>
          <state value="Colombo"/>
          <postalCode value="32350"/>
          <country value="Sri Lanka"/>
        </address>
      </Patient>
    </resource>
    <request>
      <method value="PUT"/>
      <url value="Patient/HHIMSPatientExample"/>
    </request>
  </entry>
  <entry>
    <fullUrl value="Encounter/TargetFacilityEncounterExample"/>
    <resource>
      <Encounter>
        <id value="TargetFacilityEncounterExample"/>
        <meta>
          <profile value="http://openhie.org/fhir/sri-lanka/StructureDefinition/target-facility-encounter"/>
        </meta>
        <text>
          <status value="generated"/><div xmlns="http://www.w3.org/1999/xhtml"><p><b>Generated Narrative: Encounter</b><a name="TargetFacilityEncounterExample"> </a></p><div style="display: inline-block; background-color: #d9e0e7; padding: 6px; margin: 4px; border: 1px solid #8da1b4; border-radius: 5px; line-height: 60%"><p style="margin-bottom: 0px">Resource Encounter &quot;TargetFacilityEncounterExample&quot; </p><p style="margin-bottom: 0px">Profile: <a href="StructureDefinition-target-facility-encounter.html">Target Facility Encounter</a></p></div><p><b>status</b>: finished</p><p><b>class</b>: ambulatory (Details: http://terminology.hl7.org/CodeSystem/v3-ActCode code AMB = 'ambulatory', stated as 'null')</p><p><b>subject</b>: <a href="Patient-HIMSPatientExample.html">Patient/HIMSPatientExample</a> &quot; SMITH&quot;</p><h3>Participants</h3><table class="grid"><tr><td style="display: none">-</td><td><b>Individual</b></td></tr><tr><td style="display: none">*</td><td><a href="#Practitioner_GeneralPractitionerExample">See above (Practitioner/GeneralPractitionerExample)</a></td></tr></table><p><b>period</b>: 2022-12-01 --&gt; 2023-01-20</p><p><b>reasonCode</b>: 140004 <span style="background: LightGoldenRodYellow; margin: 4px; border: 1px solid khaki"> (<a href="https://browser.ihtsdotools.org/">SNOMED CT</a>#140004)</span></p><h3>Locations</h3><table class="grid"><tr><td style="display: none">-</td><td><b>Location</b></td></tr><tr><td style="display: none">*</td><td><a href="#Location_ProvidersLocationExample">See above (Location/ProvidersLocationExample)</a></td></tr></table></div>
        </text>
        <status value="finished"/>
        <class>
          <system value="http://terminology.hl7.org/CodeSystem/v3-ActCode"/>
          <code value="AMB"/>
        </class>
        <subject>
          <reference value="Patient/HIMSPatientExample"/>
        </subject>
        <participant>
          <individual>
            <reference value="Practitioner/GeneralPractitionerExample"/>
          </individual>
        </participant>
        <period>
          <start value="2022-12-01"/>
          <end value="2023-01-20"/>
        </period>
        <reasonCode>
          <coding>
            <system value="http://snomed.info/sct"/>
            <code value="140004"/>
          </coding>
        </reasonCode>
        <location>
          <location>
            <reference value="Location/ProvidersLocationExample"/>
          </location>
        </location>
      </Encounter>
    </resource>
    <request>
      <method value="PUT"/>
      <url value="Encounter/TargetFacilityEncounterExample"/>
    </request>
  </entry>
  <entry>
    <fullUrl value="Observation/WeightExample"/>
    <resource>
      <Observation>
        <id value="WeightExample"/>
        <meta>
          <profile value="http://openhie.org/fhir/sri-lanka/StructureDefinition/weight"/>
        </meta>
        <text>
          <status value="generated"/><div xmlns="http://www.w3.org/1999/xhtml"><p><b>Generated Narrative: Observation</b><a name="WeightExample"> </a></p><div style="display: inline-block; background-color: #d9e0e7; padding: 6px; margin: 4px; border: 1px solid #8da1b4; border-radius: 5px; line-height: 60%"><p style="margin-bottom: 0px">Resource Observation &quot;WeightExample&quot; </p><p style="margin-bottom: 0px">Profile: <a href="StructureDefinition-weight.html">Patient Weight Observation</a></p></div><p><b>status</b>: final</p><p><b>category</b>: Vital Signs <span style="background: LightGoldenRodYellow; margin: 4px; border: 1px solid khaki"> (<a href="http://terminology.hl7.org/5.3.0/CodeSystem-observation-category.html">Observation Category Codes</a>#vital-signs)</span></p><p><b>code</b>: Body Weight <span style="background: LightGoldenRodYellow; margin: 4px; border: 1px solid khaki"> (<a href="https://loinc.org/">LOINC</a>#29463-7)</span></p><p><b>subject</b>: <a href="Patient-HIMSPatientExample.html">Patient/HIMSPatientExample</a> &quot; SMITH&quot;</p><p><b>encounter</b>: <a href="#Encounter_TargetFacilityEncounterExample">See above (Encounter/TargetFacilityEncounterExample)</a></p><p><b>effective</b>: 2022-11-30</p><p><b>performer</b>: </p><ul><li><a href="Organization-OrganizationExample.html">Organization/OrganizationExample</a> &quot;Some Health Facility&quot;</li><li><a href="#Practitioner_GeneralPractitionerExample">See above (Practitioner/GeneralPractitionerExample)</a></li></ul><p><b>value</b>: 110 kg<span style="background: LightGoldenRodYellow"> (Details: UCUM code kg = 'kg')</span></p></div>
        </text>
        <status value="final"/>
        <category>
          <coding>
            <system value="http://terminology.hl7.org/CodeSystem/observation-category"/>
            <code value="vital-signs"/>
          </coding>
        </category>
        <code>
          <coding>
            <system value="http://loinc.org"/>
            <code value="29463-7"/>
          </coding>
          <text value="Body Weight"/>
        </code>
        <subject>
          <reference value="Patient/HIMSPatientExample"/>
        </subject>
        <encounter>
          <reference value="Encounter/TargetFacilityEncounterExample"/>
        </encounter>
        <effectiveDateTime value="2022-11-30"/>
        <performer>
          <reference value="Organization/OrganizationExample"/>
        </performer>
        <performer>
          <reference value="Practitioner/GeneralPractitionerExample"/>
        </performer>
        <valueQuantity>
          <value value="110"/>
          <unit value="kg"/>
          <system value="http://unitsofmeasure.org"/>
          <code value="kg"/>
        </valueQuantity>
      </Observation>
    </resource>
    <request>
      <method value="PUT"/>
      <url value="Observation/WeightExample"/>
    </request>
  </entry>
  <entry>
    <fullUrl value="Location/ProvidersLocationExample"/>
    <resource>
      <Location>
        <id value="ProvidersLocationExample"/>
        <meta>
          <profile value="http://openhie.org/fhir/sri-lanka/StructureDefinition/providers-location"/>
        </meta>
        <text>
          <status value="generated"/><div xmlns="http://www.w3.org/1999/xhtml"><p><b>Generated Narrative: Location</b><a name="ProvidersLocationExample"> </a></p><div style="display: inline-block; background-color: #d9e0e7; padding: 6px; margin: 4px; border: 1px solid #8da1b4; border-radius: 5px; line-height: 60%"><p style="margin-bottom: 0px">Resource Location &quot;ProvidersLocationExample&quot; </p><p style="margin-bottom: 0px">Profile: <a href="StructureDefinition-providers-location.html">Providers Location</a></p></div><p><b>identifier</b>: Provider location identifier: A provider's location may be associated with multiple identifiers.</p><p><b>status</b>: active</p><p><b>name</b>: Name for the location</p><p><b>telecom</b>: <a href="tel:+27829999999">+27829999999</a>, <a href="mailto:someone@something.com">someone@something.com</a>, <a href="mailto:someone2@something.com">someone2@something.com</a></p><p><b>address</b>: 177 Nawala Road Nugegoda Colombo 32350 Sri Lanka </p><p><b>managingOrganization</b>: <a href="Organization-OrganizationExample.html">Organization/OrganizationExample</a> &quot;Some Health Facility&quot;</p></div>
        </text>
        <identifier>
          <extension url="http://openhie.org/fhir/sri-lanka/StructureDefinition/multiple-values-for-patient-identifier">
            <valueString value="Location-ID-1"/>
          </extension>
          <extension url="http://openhie.org/fhir/sri-lanka/StructureDefinition/multiple-values-for-patient-identifier">
            <valueString value="Location-ID-2"/>
          </extension>
          <type>
            <coding>
              <system value="http://terminology.hl7.org/CodeSystem/v2-0203"/>
              <code value="PIN"/>
            </coding>
            <text value="Provider location identifier"/>
          </type>
          <system value="http://openhie.org/fhir/sri-lanka/identifier/provider-location"/>
          <value value="A provider's location may be associated with multiple identifiers."/>
        </identifier>
        <status value="active"/>
        <name value="Name for the location"/>
        <telecom>
          <system value="phone"/>
          <value value="+27829999999"/>
        </telecom>
        <telecom>
          <system value="email"/>
          <value value="someone@something.com"/>
        </telecom>
        <telecom>
          <system value="email"/>
          <value value="someone2@something.com"/>
        </telecom>
        <address>
          <type value="postal"/>
          <line value="177"/>
          <line value="Nawala Road"/>
          <city value="Nugegoda"/>
          <district value="Ampara"/>
          <state value="Colombo"/>
          <postalCode value="32350"/>
          <country value="Sri Lanka"/>
        </address>
        <managingOrganization>
          <reference value="Organization/OrganizationExample"/>
        </managingOrganization>
      </Location>
    </resource>
    <request>
      <method value="PUT"/>
      <url value="Location/ProvidersLocationExample"/>
    </request>
  </entry>
  <entry>
    <fullUrl value="Communication/NotifiableDiseasesNotifiedExample"/>
    <resource>
      <Communication>
        <id value="NotifiableDiseasesNotifiedExample"/>
        <meta>
          <profile value="http://openhie.org/fhir/sri-lanka/StructureDefinition/notifiable-diseases-notified"/>
        </meta>
        <text>
          <status value="generated"/><div xmlns="http://www.w3.org/1999/xhtml"><p><b>Generated Narrative: Communication</b><a name="NotifiableDiseasesNotifiedExample"> </a></p><div style="display: inline-block; background-color: #d9e0e7; padding: 6px; margin: 4px; border: 1px solid #8da1b4; border-radius: 5px; line-height: 60%"><p style="margin-bottom: 0px">Resource Communication &quot;NotifiableDiseasesNotifiedExample&quot; </p><p style="margin-bottom: 0px">Profile: <a href="StructureDefinition-notifiable-diseases-notified.html">Notifiable Diseases Notified</a></p></div><p><b>status</b>: completed</p><p><b>subject</b>: <a href="#Patient_HHIMSPatientExample">See above (Patient/HHIMSPatientExample)</a></p><p><b>encounter</b>: <a href="#Encounter_TargetFacilityEncounterExample">See above (Encounter/TargetFacilityEncounterExample)</a></p><p><b>sent</b>: 2023-10-06 13:28:17-0500</p></div>
        </text>
        <status value="completed"/>
        <subject>
          <reference value="Patient/HHIMSPatientExample"/>
        </subject>
        <encounter>
          <reference value="Encounter/TargetFacilityEncounterExample"/>
        </encounter>
        <sent value="2023-10-06T13:28:17-05:00"/>
      </Communication>
    </resource>
    <request>
      <method value="PUT"/>
      <url value="Communication/NotifiableDiseasesNotifiedExample"/>
    </request>
  </entry>
  <entry>
    <fullUrl value="ServiceRequest/GeneralReferralServiceRequestExample"/>
    <resource>
      <ServiceRequest>
        <id value="GeneralReferralServiceRequestExample"/>
        <meta>
          <profile value="http://openhie.org/fhir/sri-lanka/StructureDefinition/general-referral-request"/>
        </meta>
        <text>
          <status value="generated"/><div xmlns="http://www.w3.org/1999/xhtml"><p><b>Generated Narrative: ServiceRequest</b><a name="GeneralReferralServiceRequestExample"> </a></p><div style="display: inline-block; background-color: #d9e0e7; padding: 6px; margin: 4px; border: 1px solid #8da1b4; border-radius: 5px; line-height: 60%"><p style="margin-bottom: 0px">Resource ServiceRequest &quot;GeneralReferralServiceRequestExample&quot; </p><p style="margin-bottom: 0px">Profile: <a href="StructureDefinition-general-referral-request.html">General Referral Request</a></p></div><p><b>status</b>: completed</p><p><b>intent</b>: order</p><p><b>code</b>: Patient referral <span style="background: LightGoldenRodYellow; margin: 4px; border: 1px solid khaki"> (<a href="https://browser.ihtsdotools.org/">SNOMED CT</a>#3457005)</span></p><p><b>subject</b>: <a href="#Patient_HHIMSPatientExample">See above (Patient/HHIMSPatientExample)</a></p><p><b>encounter</b>: <a href="#Encounter_TargetFacilityEncounterExample">See above (Encounter/TargetFacilityEncounterExample)</a></p><p><b>occurrence</b>: 2023-10-06 13:28:17-0500</p><p><b>requester</b>: <a href="#Practitioner_GeneralPractitionerExample">See above (Practitioner/GeneralPractitionerExample)</a></p><p><b>locationReference</b>: <a href="#Location_ProvidersLocationExample">See above (Location/ProvidersLocationExample)</a></p></div>
        </text>
        <status value="completed"/>
        <intent value="order"/>
        <code>
          <coding>
            <system value="http://snomed.info/sct"/>
            <code value="3457005"/>
          </coding>
          <text value="Patient referral"/>
        </code>
        <subject>
          <reference value="Patient/HHIMSPatientExample"/>
        </subject>
        <encounter>
          <reference value="Encounter/TargetFacilityEncounterExample"/>
        </encounter>
        <occurrenceDateTime value="2023-10-06T13:28:17-05:00"/>
        <requester>
          <reference value="Practitioner/GeneralPractitionerExample"/>
        </requester>
        <locationReference>
          <reference value="Location/ProvidersLocationExample"/>
        </locationReference>
      </ServiceRequest>
    </resource>
    <request>
      <method value="PUT"/>
      <url value="ServiceRequest/GeneralReferralServiceRequestExample"/>
    </request>
  </entry>
  <entry>
    <fullUrl value="Practitioner/GeneralPractitionerExample"/>
    <resource>
      <Practitioner>
        <id value="GeneralPractitionerExample"/>
        <meta>
          <profile value="http://openhie.org/fhir/sri-lanka/StructureDefinition/practitioner"/>
        </meta>
        <text>
          <status value="generated"/><div xmlns="http://www.w3.org/1999/xhtml"><p><b>Generated Narrative: Practitioner</b><a name="GeneralPractitionerExample"> </a></p><div style="display: inline-block; background-color: #d9e0e7; padding: 6px; margin: 4px; border: 1px solid #8da1b4; border-radius: 5px; line-height: 60%"><p style="margin-bottom: 0px">Resource Practitioner &quot;GeneralPractitionerExample&quot; </p><p style="margin-bottom: 0px">Profile: <a href="StructureDefinition-practitioner.html">Practitioner</a></p></div><p><b>name</b>: Tom Junes Smith </p><p><b>telecom</b>: ph: 27537652509(WORK), <a href="mailto:someone@something.org">someone@something.org</a></p></div>
        </text>
        <name>
          <family value="Smith"/>
          <given value="Tom"/>
          <given value="Junes"/>
          <prefix value="Dr"/>
        </name>
        <telecom>
          <system value="phone"/>
          <value value="27537652509"/>
          <use value="work"/>
        </telecom>
        <telecom>
          <system value="email"/>
          <value value="someone@something.org"/>
          <use value="home"/>
        </telecom>
      </Practitioner>
    </resource>
    <request>
      <method value="PUT"/>
      <url value="Practitioner/GeneralPractitionerExample"/>
    </request>
  </entry>
  <entry>
    <fullUrl value="Task/HHIMSReferralTaskExample"/>
    <resource>
      <Task>
        <id value="HHIMSReferralTaskExample"/>
        <meta>
          <profile value="http://openhie.org/fhir/sri-lanka/StructureDefinition/referral-task"/>
        </meta>
        <text>
          <status value="generated"/><div xmlns="http://www.w3.org/1999/xhtml"><p><b>Generated Narrative: Task</b><a name="HHIMSReferralTaskExample"> </a></p><div style="display: inline-block; background-color: #d9e0e7; padding: 6px; margin: 4px; border: 1px solid #8da1b4; border-radius: 5px; line-height: 60%"><p style="margin-bottom: 0px">Resource Task &quot;HHIMSReferralTaskExample&quot; </p><p style="margin-bottom: 0px">Profile: <a href="StructureDefinition-referral-task.html">Referral Task</a></p></div><p><b>status</b>: completed</p><p><b>intent</b>: order</p><p><b>priority</b>: routine</p><p><b>description</b>: some information regarding the need for the referral request, if any.</p><p><b>focus</b>: <a href="#ServiceRequest_GeneralReferralServiceRequestExample">See above (ServiceRequest/GeneralReferralServiceRequestExample)</a></p><p><b>for</b>: <a href="#Patient_HHIMSPatientExample">See above (Patient/HHIMSPatientExample)</a></p><p><b>encounter</b>: <a href="#Encounter_TargetFacilityEncounterExample">See above (Encounter/TargetFacilityEncounterExample)</a></p><p><b>authoredOn</b>: 2023-10-06 13:28:17-0500</p><p><b>requester</b>: <a href="#Practitioner_GeneralPractitionerExample">See above (Practitioner/GeneralPractitionerExample)</a></p><p><b>location</b>: <a href="#Location_ProvidersLocationExample">See above (Location/ProvidersLocationExample)</a></p></div>
        </text>
        <status value="completed"/>
        <intent value="order"/>
        <priority value="routine"/>
        <description value="some information regarding the need for the referral request, if any."/>
        <focus>
          <reference value="ServiceRequest/GeneralReferralServiceRequestExample"/>
        </focus>
        <for>
          <reference value="Patient/HHIMSPatientExample"/>
        </for>
        <encounter>
          <reference value="Encounter/TargetFacilityEncounterExample"/>
        </encounter>
        <authoredOn value="2023-10-06T13:28:17-05:00"/>
        <requester>
          <reference value="Practitioner/GeneralPractitionerExample"/>
        </requester>
        <location>
          <reference value="Location/ProvidersLocationExample"/>
        </location>
      </Task>
    </resource>
    <request>
      <method value="PUT"/>
      <url value="Task/HHIMSReferralTaskExample"/>
    </request>
  </entry>
  <entry>
    <fullUrl value="AllergyIntolerance/AllergiesExample"/>
    <resource>
      <AllergyIntolerance>
        <id value="AllergiesExample"/>
        <meta>
          <profile value="http://openhie.org/fhir/sri-lanka/StructureDefinition/allergy-intolerance"/>
        </meta>
        <text>
          <status value="generated"/><div xmlns="http://www.w3.org/1999/xhtml"><p><b>Generated Narrative: AllergyIntolerance</b><a name="AllergiesExample"> </a></p><div style="display: inline-block; background-color: #d9e0e7; padding: 6px; margin: 4px; border: 1px solid #8da1b4; border-radius: 5px; line-height: 60%"><p style="margin-bottom: 0px">Resource AllergyIntolerance &quot;AllergiesExample&quot; </p><p style="margin-bottom: 0px">Profile: <a href="StructureDefinition-allergy-intolerance.html">Allergy Intolerance</a></p></div><p><b>clinicalStatus</b>: Active <span style="background: LightGoldenRodYellow; margin: 4px; border: 1px solid khaki"> (<a href="http://terminology.hl7.org/5.3.0/CodeSystem-allergyintolerance-clinical.html">AllergyIntolerance Clinical Status Codes</a>#active)</span></p><p><b>verificationStatus</b>: Confirmed <span style="background: LightGoldenRodYellow; margin: 4px; border: 1px solid khaki"> (<a href="http://terminology.hl7.org/5.3.0/CodeSystem-allergyintolerance-verification.html">AllergyIntolerance Verification Status</a>#confirmed)</span></p><p><b>type</b>: allergy</p><p><b>code</b>: Allergy to food <span style="background: LightGoldenRodYellow; margin: 4px; border: 1px solid khaki"> (<a href="https://browser.ihtsdotools.org/">SNOMED CT</a>#414285001)</span></p><p><b>patient</b>: <a href="#Patient_HHIMSPatientExample">See above (Patient/HHIMSPatientExample)</a></p><p><b>encounter</b>: <a href="#Encounter_TargetFacilityEncounterExample">See above (Encounter/TargetFacilityEncounterExample)</a></p><p><b>onset</b>: 2023-10-11 17:21:33-0800</p><p><b>recorder</b>: <a href="#Practitioner_GeneralPractitionerExample">See above (Practitioner/GeneralPractitionerExample)</a></p></div>
        </text>
        <clinicalStatus>
          <coding>
            <system value="http://terminology.hl7.org/CodeSystem/allergyintolerance-clinical"/>
            <code value="active"/>
          </coding>
        </clinicalStatus>
        <verificationStatus>
          <coding>
            <system value="http://terminology.hl7.org/CodeSystem/allergyintolerance-verification"/>
            <code value="confirmed"/>
          </coding>
        </verificationStatus>
        <type value="allergy"/>
        <code>
          <coding>
            <system value="http://snomed.info/sct"/>
            <code value="414285001"/>
          </coding>
          <text value="Allergy to food"/>
        </code>
        <patient>
          <reference value="Patient/HHIMSPatientExample"/>
        </patient>
        <encounter>
          <reference value="Encounter/TargetFacilityEncounterExample"/>
        </encounter>
        <onsetDateTime value="2023-10-11T17:21:33-08:00"/>
        <recorder>
          <reference value="Practitioner/GeneralPractitionerExample"/>
        </recorder>
      </AllergyIntolerance>
    </resource>
    <request>
      <method value="PUT"/>
      <url value="AllergyIntolerance/AllergiesExample"/>
    </request>
  </entry>
  <entry>
    <fullUrl value="MedicationRequest/PrescriptionsExample"/>
    <resource>
      <MedicationRequest>
        <id value="PrescriptionsExample"/>
        <meta>
          <profile value="http://openhie.org/fhir/sri-lanka/StructureDefinition/medication-request"/>
        </meta>
        <text>
          <status value="generated"/><div xmlns="http://www.w3.org/1999/xhtml"><p><b>Generated Narrative: MedicationRequest</b><a name="PrescriptionsExample"> </a></p><div style="display: inline-block; background-color: #d9e0e7; padding: 6px; margin: 4px; border: 1px solid #8da1b4; border-radius: 5px; line-height: 60%"><p style="margin-bottom: 0px">Resource MedicationRequest &quot;PrescriptionsExample&quot; </p><p style="margin-bottom: 0px">Profile: <a href="StructureDefinition-medication-request.html">Prescription Request</a></p></div><p><b>identifier</b>: Prescription identifier: prescription-12345</p><p><b>status</b>: completed</p><p><b>intent</b>: order</p><p><b>medication</b>: Medication <span style="background: LightGoldenRodYellow; margin: 4px; border: 1px solid khaki"> (<a href="CodeSystem-cs-medication-name.html">Medication Names</a>#Vitamin-A-&amp;-D)</span></p><p><b>subject</b>: <a href="#Patient_HHIMSPatientExample">See above (Patient/HHIMSPatientExample)</a></p><p><b>encounter</b>: <a href="#Encounter_TargetFacilityEncounterExample">See above (Encounter/TargetFacilityEncounterExample)</a></p><p><b>authoredOn</b>: 2023-10-11 17:21:33-0800</p><p><b>requester</b>: <a href="#Practitioner_GeneralPractitionerExample">See above (Practitioner/GeneralPractitionerExample)</a></p><p><b>performer</b>: <a href="#Practitioner_GeneralPractitionerExample">See above (Practitioner/GeneralPractitionerExample)</a></p><p><b>recorder</b>: <a href="#Practitioner_GeneralPractitionerExample">See above (Practitioner/GeneralPractitionerExample)</a></p><p><b>note</b>: Additional information regarding the patient's medication prescription (By Organization/OrganizationExample @Oct 12, 2023, 1:21:33 AM)</p><blockquote><p><b>dosageInstruction</b></p><p><b>timing</b>: Code: BID, Count 2 times, Duration 2days, 2 per 3 days</p><blockquote><p><b>doseAndRate</b></p></blockquote></blockquote><h3>DispenseRequests</h3><table class="grid"><tr><td style="display: none">-</td><td><b>Quantity</b></td></tr><tr><td style="display: none">*</td><td>5</td></tr></table></div>
        </text>
        <identifier>
          <type>
            <coding>
              <system value="http://terminology.hl7.org/CodeSystem/v2-0203"/>
              <code value="FILL"/>
              <display value="Filler Identifier"/>
            </coding>
            <text value="Prescription identifier"/>
          </type>
          <system value="http://openhie.org/fhir/sri-lanka/identifier/prescription"/>
          <value value="prescription-12345"/>
        </identifier>
        <status value="completed"/>
        <intent value="order"/>
        <medicationCodeableConcept>
          <coding>
            <system value="http://openhie.org/fhir/sri-lanka/CodeSystem/cs-medication-name"/>
            <code value="Vitamin-A-&amp;-D"/>
          </coding>
          <text value="Medication"/>
        </medicationCodeableConcept>
        <subject>
          <reference value="Patient/HHIMSPatientExample"/>
        </subject>
        <encounter>
          <reference value="Encounter/TargetFacilityEncounterExample"/>
        </encounter>
        <authoredOn value="2023-10-11T17:21:33-08:00"/>
        <requester>
          <reference value="Practitioner/GeneralPractitionerExample"/>
        </requester>
        <performer>
          <reference value="Practitioner/GeneralPractitionerExample"/>
        </performer>
        <recorder>
          <reference value="Practitioner/GeneralPractitionerExample"/>
        </recorder>
        <note>
          <authorReference>
            <reference value="Organization/OrganizationExample"/>
          </authorReference>
          <time value="2023-10-11T17:21:33-08:00"/>
          <text value="Additional information regarding the patient's medication prescription"/>
        </note>
        <dosageInstruction>
          <timing>
            <repeat>
              <count value="2"/>
              <duration value="2"/>
              <durationUnit value="d"/>
              <frequency value="2"/>
              <period value="3"/>
              <periodUnit value="d"/>
            </repeat>
            <code>
              <coding>
                <system value="http://terminology.hl7.org/CodeSystem/v3-GTSAbbreviation"/>
                <code value="BID"/>
              </coding>
            </code>
          </timing>
          <doseAndRate>
            <doseQuantity>
              <value value="3"/>
            </doseQuantity>
          </doseAndRate>
        </dosageInstruction>
        <dispenseRequest>
          <quantity>
            <value value="5"/>
          </quantity>
        </dispenseRequest>
      </MedicationRequest>
    </resource>
    <request>
      <method value="PUT"/>
      <url value="MedicationRequest/PrescriptionsExample"/>
    </request>
  </entry>
  <entry>
    <fullUrl value="Procedure/ProceduresExample"/>
    <resource>
      <Procedure>
        <id value="ProceduresExample"/>
        <meta>
          <profile value="http://openhie.org/fhir/sri-lanka/StructureDefinition/procedure"/>
        </meta>
        <text>
          <status value="generated"/><div xmlns="http://www.w3.org/1999/xhtml"><p><b>Generated Narrative: Procedure</b><a name="ProceduresExample"> </a></p><div style="display: inline-block; background-color: #d9e0e7; padding: 6px; margin: 4px; border: 1px solid #8da1b4; border-radius: 5px; line-height: 60%"><p style="margin-bottom: 0px">Resource Procedure &quot;ProceduresExample&quot; </p><p style="margin-bottom: 0px">Profile: <a href="StructureDefinition-procedure.html">Procedures</a></p></div><p><b>status</b>: in-progress</p><p><b>category</b>: 409073007 <span style="background: LightGoldenRodYellow; margin: 4px; border: 1px solid khaki"> (<a href="https://browser.ihtsdotools.org/">SNOMED CT</a>#409073007)</span></p><p><b>code</b>: X-Ray <span style="background: LightGoldenRodYellow; margin: 4px; border: 1px solid khaki"> (<a href="CodeSystem-cs-procedure-imaging.html">Procedures</a>#X-Ray)</span></p><p><b>subject</b>: <a href="#Patient_HHIMSPatientExample">See above (Patient/HHIMSPatientExample)</a></p><p><b>encounter</b>: <a href="#Encounter_TargetFacilityEncounterExample">See above (Encounter/TargetFacilityEncounterExample)</a></p><p><b>performed</b>: 2023-10-11 17:21:33-0800</p><p><b>recorder</b>: <a href="#Practitioner_GeneralPractitionerExample">See above (Practitioner/GeneralPractitionerExample)</a></p><p><b>asserter</b>: <a href="#Practitioner_GeneralPractitionerExample">See above (Practitioner/GeneralPractitionerExample)</a></p><h3>Performers</h3><table class="grid"><tr><td style="display: none">-</td><td><b>Actor</b></td></tr><tr><td style="display: none">*</td><td><a href="#Practitioner_GeneralPractitionerExample">See above (Practitioner/GeneralPractitionerExample)</a></td></tr></table><p><b>location</b>: <a href="#Location_ProvidersLocationExample">See above (Location/ProvidersLocationExample)</a></p></div>
        </text>
        <status value="in-progress"/>
        <category>
          <coding>
            <system value="http://snomed.info/sct"/>
            <code value="409073007"/>
          </coding>
        </category>
        <code>
          <coding>
            <system value="http://openhie.org/fhir/sri-lanka/CodeSystem/cs-procedure-imaging"/>
            <code value="X-Ray"/>
          </coding>
        </code>
        <subject>
          <reference value="Patient/HHIMSPatientExample"/>
        </subject>
        <encounter>
          <reference value="Encounter/TargetFacilityEncounterExample"/>
        </encounter>
        <performedDateTime value="2023-10-11T17:21:33-08:00"/>
        <recorder>
          <reference value="Practitioner/GeneralPractitionerExample"/>
        </recorder>
        <asserter>
          <reference value="Practitioner/GeneralPractitionerExample"/>
        </asserter>
        <performer>
          <actor>
            <reference value="Practitioner/GeneralPractitionerExample"/>
          </actor>
        </performer>
        <location>
          <reference value="Location/ProvidersLocationExample"/>
        </location>
      </Procedure>
    </resource>
    <request>
      <method value="PUT"/>
      <url value="Procedure/ProceduresExample"/>
    </request>
  </entry>
  <entry>
    <fullUrl value="MedicationAdministration/InjectionsExample"/>
    <resource>
      <MedicationAdministration>
        <id value="InjectionsExample"/>
        <meta>
          <profile value="http://openhie.org/fhir/sri-lanka/StructureDefinition/injection"/>
        </meta>
        <text>
          <status value="generated"/><div xmlns="http://www.w3.org/1999/xhtml"><p><b>Generated Narrative: MedicationAdministration</b><a name="InjectionsExample"> </a></p><div style="display: inline-block; background-color: #d9e0e7; padding: 6px; margin: 4px; border: 1px solid #8da1b4; border-radius: 5px; line-height: 60%"><p style="margin-bottom: 0px">Resource MedicationAdministration &quot;InjectionsExample&quot; </p><p style="margin-bottom: 0px">Profile: <a href="StructureDefinition-injection.html">Injections</a></p></div><p><b>status</b>: completed</p><p><b>medication</b>: Busulfan <span style="background: LightGoldenRodYellow; margin: 4px; border: 1px solid khaki"> (<a href="https://browser.ihtsdotools.org/">SNOMED CT</a>#2571007)</span></p><p><b>subject</b>: <a href="#Patient_HHIMSPatientExample">See above (Patient/HHIMSPatientExample)</a></p><p><b>context</b>: <a href="#Encounter_TargetFacilityEncounterExample">See above (Encounter/TargetFacilityEncounterExample)</a></p><p><b>effective</b>: 2023-10-11 17:21:33-0800</p><h3>Performers</h3><table class="grid"><tr><td style="display: none">-</td><td><b>Actor</b></td></tr><tr><td style="display: none">*</td><td><a href="#Practitioner_GeneralPractitionerExample">See above (Practitioner/GeneralPractitionerExample)</a></td></tr></table><h3>Dosages</h3><table class="grid"><tr><td style="display: none">-</td><td><b>Route</b></td><td><b>Dose</b></td></tr><tr><td style="display: none">*</td><td>Intravenous route <span style="background: LightGoldenRodYellow; margin: 4px; border: 1px solid khaki"> (<a href="https://browser.ihtsdotools.org/">SNOMED CT</a>#47625008)</span></td><td>12</td></tr></table></div>
        </text>
        <status value="completed"/>
        <medicationCodeableConcept>
          <coding>
            <system value="http://snomed.info/sct"/>
            <code value="2571007"/>
          </coding>
          <text value="Busulfan"/>
        </medicationCodeableConcept>
        <subject>
          <reference value="Patient/HHIMSPatientExample"/>
        </subject>
        <context>
          <reference value="Encounter/TargetFacilityEncounterExample"/>
        </context>
        <effectiveDateTime value="2023-10-11T17:21:33-08:00"/>
        <performer>
          <actor>
            <reference value="Practitioner/GeneralPractitionerExample"/>
          </actor>
        </performer>
        <dosage>
          <route>
            <coding>
              <system value="http://snomed.info/sct"/>
              <code value="47625008"/>
            </coding>
            <text value="Intravenous route"/>
          </route>
          <dose>
            <value value="12"/>
          </dose>
        </dosage>
      </MedicationAdministration>
    </resource>
    <request>
      <method value="PUT"/>
      <url value="MedicationAdministration/InjectionsExample"/>
    </request>
  </entry>
  <entry>
    <fullUrl value="MedicationDispense/DrugDispensationExample"/>
    <resource>
      <MedicationDispense>
        <id value="DrugDispensationExample"/>
        <meta>
          <profile value="http://openhie.org/fhir/sri-lanka/StructureDefinition/drug-dispensation"/>
        </meta>
        <text>
          <status value="generated"/><div xmlns="http://www.w3.org/1999/xhtml"><p><b>Generated Narrative: MedicationDispense</b><a name="DrugDispensationExample"> </a></p><div style="display: inline-block; background-color: #d9e0e7; padding: 6px; margin: 4px; border: 1px solid #8da1b4; border-radius: 5px; line-height: 60%"><p style="margin-bottom: 0px">Resource MedicationDispense &quot;DrugDispensationExample&quot; </p><p style="margin-bottom: 0px">Profile: <a href="StructureDefinition-drug-dispensation.html">Drug Dispensation</a></p></div><p><b>status</b>: completed</p><p><b>medication</b>: Medication <span style="background: LightGoldenRodYellow; margin: 4px; border: 1px solid khaki"> (<a href="CodeSystem-cs-medication-name.html">Medication Names</a>#Vitamin-A-&amp;-D)</span></p><p><b>subject</b>: <a href="#Patient_HHIMSPatientExample">See above (Patient/HHIMSPatientExample)</a></p><p><b>context</b>: <a href="#Encounter_TargetFacilityEncounterExample">See above (Encounter/TargetFacilityEncounterExample)</a></p><h3>Performers</h3><table class="grid"><tr><td style="display: none">-</td><td><b>Actor</b></td></tr><tr><td style="display: none">*</td><td><a href="#Practitioner_GeneralPractitionerExample">See above (Practitioner/GeneralPractitionerExample)</a></td></tr></table><p><b>location</b>: <a href="#Location_ProvidersLocationExample">See above (Location/ProvidersLocationExample)</a></p><p><b>authorizingPrescription</b>: <a href="#MedicationRequest_PrescriptionsExample">See above (MedicationRequest/PrescriptionsExample)</a></p><p><b>whenHandedOver</b>: 2023-10-11 17:21:33-0800</p><p><b>receiver</b>: <a href="#Patient_HHIMSPatientExample">See above (Patient/HHIMSPatientExample)</a></p></div>
        </text>
        <status value="completed"/>
        <medicationCodeableConcept>
          <coding>
            <system value="http://openhie.org/fhir/sri-lanka/CodeSystem/cs-medication-name"/>
            <code value="Vitamin-A-&amp;-D"/>
          </coding>
          <text value="Medication"/>
        </medicationCodeableConcept>
        <subject>
          <reference value="Patient/HHIMSPatientExample"/>
        </subject>
        <context>
          <reference value="Encounter/TargetFacilityEncounterExample"/>
        </context>
        <performer>
          <actor>
            <reference value="Practitioner/GeneralPractitionerExample"/>
          </actor>
        </performer>
        <location>
          <reference value="Location/ProvidersLocationExample"/>
        </location>
        <authorizingPrescription>
          <reference value="MedicationRequest/PrescriptionsExample"/>
        </authorizingPrescription>
        <whenHandedOver value="2023-10-11T17:21:33-08:00"/>
        <receiver>
          <reference value="Patient/HHIMSPatientExample"/>
        </receiver>
      </MedicationDispense>
    </resource>
    <request>
      <method value="PUT"/>
      <url value="MedicationDispense/DrugDispensationExample"/>
    </request>
  </entry>
  <entry>
    <fullUrl value="ServiceRequest/InvestigationsServiceRequestExample"/>
    <resource>
      <ServiceRequest>
        <id value="InvestigationsServiceRequestExample"/>
        <meta>
          <profile value="http://openhie.org/fhir/sri-lanka/StructureDefinition/investigations-request"/>
        </meta>
        <text>
          <status value="generated"/><div xmlns="http://www.w3.org/1999/xhtml"><p><b>Generated Narrative: ServiceRequest</b><a name="InvestigationsServiceRequestExample"> </a></p><div style="display: inline-block; background-color: #d9e0e7; padding: 6px; margin: 4px; border: 1px solid #8da1b4; border-radius: 5px; line-height: 60%"><p style="margin-bottom: 0px">Resource ServiceRequest &quot;InvestigationsServiceRequestExample&quot; </p><p style="margin-bottom: 0px">Profile: <a href="StructureDefinition-investigations-request.html">Investigations Request</a></p></div><p><b>status</b>: completed</p><p><b>intent</b>: order</p><p><b>code</b>: Investigation requested <span style="background: LightGoldenRodYellow; margin: 4px; border: 1px solid khaki"> (<a href="CodeSystem-cs-investigation.html">Investigations</a>#FBC-WBC-th/uL)</span></p><p><b>subject</b>: <a href="#Patient_HHIMSPatientExample">See above (Patient/HHIMSPatientExample)</a></p><p><b>encounter</b>: <a href="#Encounter_TargetFacilityEncounterExample">See above (Encounter/TargetFacilityEncounterExample)</a></p><p><b>occurrence</b>: 2023-10-06 13:28:17-0500</p><p><b>requester</b>: <a href="#Practitioner_GeneralPractitionerExample">See above (Practitioner/GeneralPractitionerExample)</a></p><p><b>locationReference</b>: <a href="#Location_ProvidersLocationExample">See above (Location/ProvidersLocationExample)</a></p></div>
        </text>
        <status value="completed"/>
        <intent value="order"/>
        <code>
          <coding>
            <system value="http://openhie.org/fhir/sri-lanka/CodeSystem/cs-investigation"/>
            <code value="FBC-WBC-th/uL"/>
          </coding>
          <text value="Investigation requested"/>
        </code>
        <subject>
          <reference value="Patient/HHIMSPatientExample"/>
        </subject>
        <encounter>
          <reference value="Encounter/TargetFacilityEncounterExample"/>
        </encounter>
        <occurrenceDateTime value="2023-10-06T13:28:17-05:00"/>
        <requester>
          <reference value="Practitioner/GeneralPractitionerExample"/>
        </requester>
        <locationReference>
          <reference value="Location/ProvidersLocationExample"/>
        </locationReference>
      </ServiceRequest>
    </resource>
    <request>
      <method value="PUT"/>
      <url value="ServiceRequest/InvestigationsServiceRequestExample"/>
    </request>
  </entry>
  <entry>
    <fullUrl value="Task/InvestigationsTaskExample"/>
    <resource>
      <Task>
        <id value="InvestigationsTaskExample"/>
        <meta>
          <profile value="http://openhie.org/fhir/sri-lanka/StructureDefinition/investigations-task"/>
        </meta>
        <text>
          <status value="generated"/><div xmlns="http://www.w3.org/1999/xhtml"><p><b>Generated Narrative: Task</b><a name="InvestigationsTaskExample"> </a></p><div style="display: inline-block; background-color: #d9e0e7; padding: 6px; margin: 4px; border: 1px solid #8da1b4; border-radius: 5px; line-height: 60%"><p style="margin-bottom: 0px">Resource Task &quot;InvestigationsTaskExample&quot; </p><p style="margin-bottom: 0px">Profile: <a href="StructureDefinition-investigations-task.html">Investigations Task</a></p></div><p><b>basedOn</b>: <a href="#ServiceRequest_InvestigationsServiceRequestExample">See above (ServiceRequest/InvestigationsServiceRequestExample)</a></p><p><b>status</b>: completed</p><p><b>intent</b>: order</p><p><b>priority</b>: routine</p><p><b>description</b>: some information regarding the need for the investigations request, if any.</p><p><b>for</b>: <a href="#Patient_HHIMSPatientExample">See above (Patient/HHIMSPatientExample)</a></p><p><b>encounter</b>: <a href="#Encounter_TargetFacilityEncounterExample">See above (Encounter/TargetFacilityEncounterExample)</a></p><p><b>executionPeriod</b>: 2023-10-06 13:28:17-0500 --&gt; 2023-10-09 16:28:17-0500</p><p><b>authoredOn</b>: 2023-10-06 13:28:17-0500</p><p><b>requester</b>: <a href="#Practitioner_GeneralPractitionerExample">See above (Practitioner/GeneralPractitionerExample)</a></p><p><b>location</b>: <a href="#Location_ProvidersLocationExample">See above (Location/ProvidersLocationExample)</a></p></div>
        </text>
        <basedOn>
          <reference value="ServiceRequest/InvestigationsServiceRequestExample"/>
        </basedOn>
        <status value="completed"/>
        <intent value="order"/>
        <priority value="routine"/>
        <description value="some information regarding the need for the investigations request, if any."/>
        <for>
          <reference value="Patient/HHIMSPatientExample"/>
        </for>
        <encounter>
          <reference value="Encounter/TargetFacilityEncounterExample"/>
        </encounter>
        <executionPeriod>
          <start value="2023-10-06T13:28:17-05:00"/>
          <end value="2023-10-09T16:28:17-05:00"/>
        </executionPeriod>
        <authoredOn value="2023-10-06T13:28:17-05:00"/>
        <requester>
          <reference value="Practitioner/GeneralPractitionerExample"/>
        </requester>
        <location>
          <reference value="Location/ProvidersLocationExample"/>
        </location>
      </Task>
    </resource>
    <request>
      <method value="PUT"/>
      <url value="Task/InvestigationsTaskExample"/>
    </request>
  </entry>
  <entry>
    <fullUrl value="ServiceRequest/ImagingServiceRequestExample"/>
    <resource>
      <ServiceRequest>
        <id value="ImagingServiceRequestExample"/>
        <meta>
          <profile value="http://openhie.org/fhir/sri-lanka/StructureDefinition/imaging-request"/>
        </meta>
        <text>
          <status value="generated"/><div xmlns="http://www.w3.org/1999/xhtml"><p><b>Generated Narrative: ServiceRequest</b><a name="ImagingServiceRequestExample"> </a></p><div style="display: inline-block; background-color: #d9e0e7; padding: 6px; margin: 4px; border: 1px solid #8da1b4; border-radius: 5px; line-height: 60%"><p style="margin-bottom: 0px">Resource ServiceRequest &quot;ImagingServiceRequestExample&quot; </p><p style="margin-bottom: 0px">Profile: <a href="StructureDefinition-imaging-request.html">Imaging Request</a></p></div><p><b>status</b>: completed</p><p><b>intent</b>: order</p><p><b>code</b>: Imaging requested <span style="background: LightGoldenRodYellow; margin: 4px; border: 1px solid khaki"> (<a href="CodeSystem-cs-procedure-imaging.html">Procedures</a>#X-Ray)</span></p><p><b>subject</b>: <a href="#Patient_HHIMSPatientExample">See above (Patient/HHIMSPatientExample)</a></p><p><b>encounter</b>: <a href="#Encounter_TargetFacilityEncounterExample">See above (Encounter/TargetFacilityEncounterExample)</a></p><p><b>occurrence</b>: 2023-10-06 13:28:17-0500</p><p><b>requester</b>: <a href="#Practitioner_GeneralPractitionerExample">See above (Practitioner/GeneralPractitionerExample)</a></p><p><b>locationReference</b>: <a href="#Location_ProvidersLocationExample">See above (Location/ProvidersLocationExample)</a></p></div>
        </text>
        <status value="completed"/>
        <intent value="order"/>
        <code>
          <coding>
            <system value="http://openhie.org/fhir/sri-lanka/CodeSystem/cs-procedure-imaging"/>
            <code value="X-Ray"/>
          </coding>
          <text value="Imaging requested"/>
        </code>
        <subject>
          <reference value="Patient/HHIMSPatientExample"/>
        </subject>
        <encounter>
          <reference value="Encounter/TargetFacilityEncounterExample"/>
        </encounter>
        <occurrenceDateTime value="2023-10-06T13:28:17-05:00"/>
        <requester>
          <reference value="Practitioner/GeneralPractitionerExample"/>
        </requester>
        <locationReference>
          <reference value="Location/ProvidersLocationExample"/>
        </locationReference>
      </ServiceRequest>
    </resource>
    <request>
      <method value="PUT"/>
      <url value="ServiceRequest/ImagingServiceRequestExample"/>
    </request>
  </entry>
  <entry>
    <fullUrl value="Task/ImagingTaskExample"/>
    <resource>
      <Task>
        <id value="ImagingTaskExample"/>
        <meta>
          <profile value="http://openhie.org/fhir/sri-lanka/StructureDefinition/imaging-task"/>
        </meta>
        <text>
          <status value="generated"/><div xmlns="http://www.w3.org/1999/xhtml"><p><b>Generated Narrative: Task</b><a name="ImagingTaskExample"> </a></p><div style="display: inline-block; background-color: #d9e0e7; padding: 6px; margin: 4px; border: 1px solid #8da1b4; border-radius: 5px; line-height: 60%"><p style="margin-bottom: 0px">Resource Task &quot;ImagingTaskExample&quot; </p><p style="margin-bottom: 0px">Profile: <a href="StructureDefinition-imaging-task.html">Imaging Task</a></p></div><p><b>basedOn</b>: <a href="#ServiceRequest_ImagingServiceRequestExample">See above (ServiceRequest/ImagingServiceRequestExample)</a></p><p><b>status</b>: completed</p><p><b>intent</b>: order</p><p><b>priority</b>: routine</p><p><b>description</b>: some information regarding the need for the imaging request, if any.</p><p><b>for</b>: <a href="#Patient_HHIMSPatientExample">See above (Patient/HHIMSPatientExample)</a></p><p><b>encounter</b>: <a href="#Encounter_TargetFacilityEncounterExample">See above (Encounter/TargetFacilityEncounterExample)</a></p><p><b>executionPeriod</b>: 2023-10-06 13:28:17-0500 --&gt; 2023-10-09 16:28:17-0500</p><p><b>authoredOn</b>: 2023-10-06 13:28:17-0500</p><p><b>requester</b>: <a href="#Practitioner_GeneralPractitionerExample">See above (Practitioner/GeneralPractitionerExample)</a></p><p><b>location</b>: <a href="#Location_ProvidersLocationExample">See above (Location/ProvidersLocationExample)</a></p></div>
        </text>
        <basedOn>
          <reference value="ServiceRequest/ImagingServiceRequestExample"/>
        </basedOn>
        <status value="completed"/>
        <intent value="order"/>
        <priority value="routine"/>
        <description value="some information regarding the need for the imaging request, if any."/>
        <for>
          <reference value="Patient/HHIMSPatientExample"/>
        </for>
        <encounter>
          <reference value="Encounter/TargetFacilityEncounterExample"/>
        </encounter>
        <executionPeriod>
          <start value="2023-10-06T13:28:17-05:00"/>
          <end value="2023-10-09T16:28:17-05:00"/>
        </executionPeriod>
        <authoredOn value="2023-10-06T13:28:17-05:00"/>
        <requester>
          <reference value="Practitioner/GeneralPractitionerExample"/>
        </requester>
        <location>
          <reference value="Location/ProvidersLocationExample"/>
        </location>
      </Task>
    </resource>
    <request>
      <method value="PUT"/>
      <url value="Task/ImagingTaskExample"/>
    </request>
  </entry>
  <entry>
    <fullUrl value="ImagingStudy/ImagingExample"/>
    <resource>
      <ImagingStudy>
        <id value="ImagingExample"/>
        <meta>
          <profile value="http://openhie.org/fhir/sri-lanka/StructureDefinition/imaging-study"/>
        </meta>
        <text>
          <status value="generated"/><div xmlns="http://www.w3.org/1999/xhtml"><p><b>Generated Narrative: ImagingStudy</b><a name="ImagingExample"> </a></p><div style="display: inline-block; background-color: #d9e0e7; padding: 6px; margin: 4px; border: 1px solid #8da1b4; border-radius: 5px; line-height: 60%"><p style="margin-bottom: 0px">Resource ImagingStudy &quot;ImagingExample&quot; </p><p style="margin-bottom: 0px">Profile: <a href="StructureDefinition-imaging-study.html">Imaging Study</a></p></div><p><b>status</b>: registered</p><p><b>subject</b>: <a href="#Patient_HHIMSPatientExample">See above (Patient/HHIMSPatientExample)</a></p><p><b>encounter</b>: <a href="#Encounter_TargetFacilityEncounterExample">See above (Encounter/TargetFacilityEncounterExample)</a></p><p><b>started</b>: 2023-10-06 13:28:17-0500</p><p><b>basedOn</b>: <a href="#ServiceRequest_ImagingServiceRequestExample">See above (ServiceRequest/ImagingServiceRequestExample)</a></p><p><b>referrer</b>: <a href="#Practitioner_GeneralPractitionerExample">See above (Practitioner/GeneralPractitionerExample)</a></p><p><b>procedureReference</b>: <a href="#Procedure_ProceduresExample">See above (Procedure/ProceduresExample)</a></p><p><b>location</b>: <a href="#Location_ProvidersLocationExample">See above (Location/ProvidersLocationExample)</a></p><p><b>description</b>: Imaging Description</p><blockquote><p><b>series</b></p><p><b>uid</b>: 89c0c298-6c30-11ee-b962-0242ac120002</p><p><b>modality</b>: X-Ray Angiography (Details: DICOM code XA = 'X-Ray Angiography', stated as 'null')</p><h3>Performers</h3><table class="grid"><tr><td style="display: none">-</td><td><b>Actor</b></td></tr><tr><td style="display: none">*</td><td><a href="#Practitioner_GeneralPractitionerExample">See above (Practitioner/GeneralPractitionerExample)</a></td></tr></table></blockquote></div>
        </text>
        <status value="registered"/>
        <subject>
          <reference value="Patient/HHIMSPatientExample"/>
        </subject>
        <encounter>
          <reference value="Encounter/TargetFacilityEncounterExample"/>
        </encounter>
        <started value="2023-10-06T13:28:17-05:00"/>
        <basedOn>
          <reference value="ServiceRequest/ImagingServiceRequestExample"/>
        </basedOn>
        <referrer>
          <reference value="Practitioner/GeneralPractitionerExample"/>
        </referrer>
        <procedureReference>
          <reference value="Procedure/ProceduresExample"/>
        </procedureReference>
        <location>
          <reference value="Location/ProvidersLocationExample"/>
        </location>
        <description value="Imaging Description"/>
        <series>
          <uid value="89c0c298-6c30-11ee-b962-0242ac120002"/>
          <modality>
            <system value="http://dicom.nema.org/resources/ontology/DCM"/>
            <code value="XA"/>
          </modality>
          <performer>
            <actor>
              <reference value="Practitioner/GeneralPractitionerExample"/>
            </actor>
          </performer>
        </series>
      </ImagingStudy>
    </resource>
    <request>
      <method value="PUT"/>
      <url value="ImagingStudy/ImagingExample"/>
    </request>
  </entry>
</Bundle>